Id,A,D,H
3419,0.2334414906153815,0.292193139539084,0.4743653698455345
3420,0.4383956393620247,0.2860783341463674,0.2755260264916079
3421,0.18962303842656697,0.2662296295221746,0.5441473320512584
3422,0.24915364660362355,0.2715567247805778,0.4792896286157986
3423,0.15979598168217896,0.22330929471079694,0.6168947236070241
3424,0.3971308144618638,0.29425227345436583,0.30861691208377035
3425,0.22716636622836078,0.2971021383215991,0.4757314954500401
3426,0.3874655586569894,0.29761527199536253,0.31491916934764813
3427,0.18637865841839424,0.27314870960602067,0.5404726319755851
3428,0.33812375053463983,0.3110207219639875,0.35085552750137267
3429,0.44528716285207287,0.27673638687832375,0.27797645026960344
3430,0.21410297351466356,0.2898950238730297,0.49600200261230676
3431,0.11428436081684765,0.2183828062930015,0.6673328328901509
3432,0.27603140356297384,0.30995926832010223,0.41400932811692404
3433,0.19533528708791317,0.25862929510647653,0.5460354178056104
3434,0.2222007105587049,0.2668039338528616,0.5109953555884336
3435,0.48883052016581646,0.2589155834123655,0.252253896421818
3436,0.23183437405645066,0.2771643059961833,0.491001319947366
3437,0.21561141285896174,0.2867477677585548,0.49764081938248345
3438,0.13883874297465287,0.22731495413197988,0.6338463028933672
3439,0.20667972433519285,0.26039503180391443,0.5329252438608927
3440,0.4699940778304078,0.2760502284056242,0.253955693763968
3441,0.27391023485244,0.28255926131909176,0.44353050382846837
3442,0.2374007481707897,0.29523521002731856,0.4673640418018918
3443,0.25285741012030205,0.29915665859410473,0.44798593128559333
3444,0.08822425925996866,0.16697080300052802,0.7448049377395034
3445,0.24548356672551938,0.2819653829972328,0.47255105027724786
3446,0.26774305539249477,0.30902473353271415,0.42323221107479114
3447,0.23355523430358113,0.27226286115347537,0.4941819045429436
3448,0.26743955283901055,0.28158524355893205,0.4509752036020575
3449,0.20441042124857745,0.2829228656664123,0.5126667130850103
3450,0.31534544729561864,0.299728874901567,0.3849256778028144
3451,0.5517229696186632,0.23783278027669788,0.2104442501046389
3452,0.25539422275255924,0.3016445647459255,0.44296121250151527
3453,0.27876019313350475,0.2783071127579849,0.44293269410851027
3454,0.1793385946105139,0.26725097297402056,0.5534104324154655
3455,0.31514815147320796,0.29454515256797276,0.3903066959588192
3456,0.1268999273070143,0.22097842796292952,0.6521216447300562
3457,0.2213129557652248,0.27728262869233367,0.5014044155424416
3458,0.13450210344423855,0.21283772917843247,0.652660167377329
3459,0.2850314715959259,0.29824393770155216,0.416724590702522
3460,0.12385593331599477,0.2041300651262436,0.6720140015577617
3461,0.21421724224615946,0.2577589905338723,0.5280237672199682
3462,0.20283157382200065,0.2667222563661433,0.5304461698118561
3463,0.2528682676298443,0.2999838282713973,0.4471479040987584
3464,0.19239448655475094,0.26599939271813444,0.5416061207271147
3465,0.3772072585792289,0.30334332645373646,0.3194494149670348
3466,0.34980536085895286,0.31745411609881813,0.33274052304222906
3467,0.2886449140699302,0.29416939418625004,0.41718569174381986
3468,0.380427836646941,0.2769043957814437,0.3426677675716152
3469,0.4087915119049754,0.29069493027576365,0.300513557819261
3470,0.2364768008238416,0.28041604000908926,0.48310715916706914
3471,0.13019031750331553,0.20961419066306078,0.6601954918336238
3472,0.27521390579075267,0.3054239012708588,0.41936219293838856
3473,0.20439005065226956,0.2832963811189918,0.5123135682287386
3474,0.15265568940982333,0.24785106441466484,0.5994932461755119
3475,0.3021010577010293,0.281951126205377,0.41594781609359377
3476,0.2556175847088881,0.2920721084204095,0.4523103068707024
3477,0.2926777310285017,0.28826382985863475,0.41905843911286367
3478,0.3700287508085404,0.28145288329001406,0.3485183659014455
3479,0.2725590622563304,0.292507309460207,0.4349336282834626
3480,0.13082937055463367,0.2098656859195124,0.6593049435258539
3481,0.20939903003382848,0.25902424927829715,0.5315767206878743
3482,0.4285100076645195,0.3025666580586228,0.2689233342768577
3483,0.20273924412979408,0.2651817000566047,0.5320790558136013
3484,0.3278009008744502,0.3139368312069401,0.3582622679186097
3485,0.2569165273514086,0.29808456904776004,0.4449989036008315
3486,0.32357995014259566,0.30161366000394835,0.374806389853456
3487,0.18203143796829246,0.25641685848613494,0.5615517035455726
3488,0.36431291342096117,0.29326340310578763,0.3424236834732512
3489,0.17542185399212257,0.2607031300234857,0.5638750159843917
3490,0.2531152391737102,0.2949936639022403,0.4518910969240495
3491,0.24310345952629123,0.2830958301366219,0.473800710337087
3492,0.3384190320740522,0.29037861607971893,0.37120235184622885
3493,0.20305166365695237,0.28199005054607496,0.5149582857969727
3494,0.26048493306538034,0.3014237262568199,0.43809134067779976
3495,0.3562698141448956,0.29288574559116126,0.3508444402639431
3496,0.08463795835409567,0.1657447918547651,0.7496172497911393
3497,0.1982916408086334,0.2735161418151759,0.5281922173761908
3498,0.3184534082282014,0.3043293156871568,0.3772172760846419
3499,0.19361024741896787,0.2729401987060032,0.533449553875029
3500,0.26416140433610574,0.29127183922583627,0.4445667564380581
3501,0.4087384952410572,0.29374919173431635,0.29751231302462644
3502,0.2120954971199672,0.2781279136615429,0.5097765892184899
3503,0.3471408252953804,0.318506385636414,0.3343527890682057
3504,0.365167926045598,0.3052803188824468,0.3295517550719552
3505,0.1298557824480318,0.21526747087402104,0.6548767466779472
3506,0.29365061199187775,0.27440069785596083,0.4319486901521614
3507,0.2815083282225246,0.30397798043890745,0.41451369133856797
3508,0.23152106740516282,0.2693336283446017,0.49914530425023534
3509,0.38756058473444893,0.3116720136721756,0.30076740159337545
3510,0.23360287472351937,0.29243076419241704,0.4739663610840636
3511,0.2996427884333111,0.3067620643011371,0.39359514726555184
3512,0.21617953354275798,0.27059496113059267,0.5132255053266495
3513,0.3921617539820931,0.2829914857870282,0.3248467602308788
3514,0.42160485585533297,0.28250646586988004,0.295888678274787
3515,0.28779624671798554,0.2922446681675865,0.4199590851144279
3516,0.12732251747330076,0.21468188243638897,0.6579956000903102
3517,0.35618994625359074,0.2992639155303809,0.3445461382160284
3518,0.24800348536731393,0.28344743211752854,0.46854908251515753
3519,0.15480544861225767,0.25252450091692147,0.5926700504708209
3520,0.15241768594199323,0.22698993881240792,0.620592375245599
3521,0.34129751106984346,0.31134753210458055,0.347354956825576
3522,0.22313822915085338,0.2759510889310958,0.5009106819180508
3523,0.30843673742843986,0.2829064808519587,0.40865678171960146
3524,0.32596347294414496,0.29820373892914115,0.3758327881267139
3525,0.18890606310952274,0.26665511498387573,0.5444388219066015
3526,0.41511932928876966,0.29482182101236765,0.29005884969886286
3527,0.31237971083392996,0.2944834415460378,0.39313684762003215
3528,0.23270722423277185,0.2656895781027483,0.5016031976644799
3529,0.35792193918608767,0.3054794178166008,0.3365986429973115
3530,0.20439303253487914,0.2688063150614562,0.5268006524036647
3531,0.40422621652806223,0.28354595878263744,0.3122278246893003
3532,0.15842736233845048,0.23777152639610527,0.6038011112654442
3533,0.3772163928032198,0.29623501822521986,0.32654858897156047
3534,0.27295026233535485,0.2983240822023742,0.428725655462271
3535,0.3011533979671784,0.3063500634425128,0.39249653859030886
3536,0.4516381354349834,0.28071895570283983,0.26764290886217684
3537,0.13878890395728413,0.22896706817753443,0.6322440278651815
3538,0.2691911013254524,0.30218528149770585,0.4286236171768418
3539,0.3254066596950954,0.31454299032423505,0.36005034998066965
3540,0.2874579682866774,0.2858074686729523,0.42673456304037033
3541,0.24486108648359986,0.2549247513665484,0.5002141621498518
3542,0.14492614641566862,0.23701151726923633,0.6180623363150951
3543,0.28554413447474813,0.29065184534728805,0.4238040201779638
3544,0.22411342202186324,0.2790728872456941,0.49681369073244264
3545,0.3158768786848234,0.3001058982604655,0.38401722305471114
3546,0.13085390211322864,0.22158504411717242,0.6475610537695989
3547,0.17820175285457737,0.24783765251526352,0.5739605946301591
3548,0.32574310596961775,0.2951993511992867,0.37905754283109555
3549,0.15259599003249188,0.23244287301768124,0.6149611369498269
3550,0.28200854630792943,0.29147888274887734,0.4265125709431933
3551,0.21073493944923055,0.27964529149350303,0.5096197690572664
3552,0.1775224224198554,0.2516172904937527,0.570860287086392
3553,0.11692495447885762,0.20147259942230486,0.6816024460988375
3554,0.5071285803283261,0.27278573848368937,0.2200856811879846
3555,0.3608076616907668,0.2864829035401658,0.3527094347690674
3556,0.2448686165863653,0.29263100924778734,0.4625003741658474
3557,0.25737321321208684,0.28714425850414915,0.45548252828376395
3558,0.14220318682962857,0.2358380907997776,0.6219587223705938
3559,0.295939423745845,0.3130064078469242,0.39105416840723084
3560,0.5292108797477939,0.25921902776673844,0.21157009248546776
3561,0.32399612809382805,0.3093011352761364,0.3667027366300355
3562,0.35761690172571436,0.2779941948303454,0.3643889034439403
3563,0.14794800267280114,0.2270448737703897,0.6250071235568091
3564,0.24747304796667832,0.29395245885859345,0.4585744931747283
3565,0.33167999899053835,0.308607016083668,0.3597129849257937
3566,0.2110032774701339,0.2781095548915332,0.510887167638333
3567,0.272769305502763,0.28999734697913404,0.4372333475181029
3568,0.18114151153604224,0.24165918467910646,0.5771993037848513
3569,0.16281289016833222,0.22736746586294523,0.6098196439687226
3570,0.2359820993837793,0.2979149627668721,0.46610293784934864
3571,0.3475529775903067,0.2920894309842701,0.36035759142542323
3572,0.23543102440148833,0.28283057095480024,0.4817384046437114
3573,0.3313176365930305,0.29518781234594027,0.37349455106102936
3574,0.17941502301579282,0.24848597709010709,0.5720989998941002
3575,0.47094972453243883,0.2755014863158305,0.25354878915173074
3576,0.24681531531101303,0.26700921687534623,0.4861754678136407
3577,0.2491979679072859,0.29790798742862445,0.4528940446640897
3578,0.16924008278227382,0.25588832315332494,0.5748715940644014
3579,0.2832484531488052,0.29493984319747046,0.4218117036537243
3580,0.3735258501901465,0.2881875297870585,0.338286620022795
3581,0.1310036699224766,0.20883105725946663,0.6601652728180567
3582,0.2964363687801015,0.32080819062214383,0.3827554405977548
3583,0.275027275989092,0.28887717434131277,0.43609554966959524
3584,0.24529074963421688,0.2941807756666207,0.4605284746991624
3585,0.2434933814680355,0.28051278228552695,0.4759938362464375
3586,0.5014237337409114,0.25941254274685716,0.23916372351223142
3587,0.3438898845940241,0.2966427282454628,0.35946738716051313
3588,0.12184303874363825,0.21574063012358685,0.6624163311327749
3589,0.15127988829041406,0.23910398360175966,0.6096161281078263
3590,0.18594642122014582,0.25331868437872934,0.5607348944011249
3591,0.38126307649928604,0.2922312613602625,0.3265056621404514
3592,0.19568592828164566,0.261243802680327,0.5430702690380274
3593,0.11860082223917365,0.20863061549315867,0.6727685622676678
3594,0.23818680890297853,0.2909790341480597,0.4708341569489618
3595,0.15476521618776884,0.24388433156743075,0.6013504522448004
3596,0.1906278355448259,0.25038385860257256,0.5589883058526015
3597,0.46786299879080584,0.28035147579838826,0.251785525410806
3598,0.4304057741984573,0.295674023295594,0.2739202025059488
3599,0.1409875571516511,0.22457891509452668,0.6344335277538222
3600,0.3907375887667012,0.2829274793139059,0.3263349319193929
3601,0.5034908008585894,0.26557622043826346,0.2309329787031471
3602,0.2735050942174694,0.28246025637968925,0.4440346494028414
3603,0.39292216995361967,0.30268962749258604,0.3043882025537944
3604,0.20805012397893025,0.27212602719178347,0.5198238488292863
3605,0.26170196857193134,0.30062978215564184,0.4376682492724268
3606,0.1733278356223648,0.25270532327170947,0.5739668411059257
3607,0.31277278611394344,0.29805883481346207,0.38916837907259455
3608,0.2757287325240819,0.2857840708849879,0.4384871965909302
3609,0.3749160282696724,0.3058201535942844,0.3192638181360432
3610,0.2389357826058875,0.26937313432527077,0.49169108306884174
3611,0.14499250062968383,0.23485080593270596,0.6201566934376102
3612,0.11950275685647331,0.2042765738057521,0.6762206693377746
3613,0.2999895843201194,0.28991943947300125,0.41009097620687934
3614,0.31441148741539077,0.2845051899263408,0.4010833226582685
3615,0.18508229349866093,0.259509637677975,0.555408068823364
3616,0.2506126802816065,0.3024349528398285,0.446952366878565
3617,0.1526323244079958,0.23852360460351169,0.6088440709884925
3618,0.3221214807422272,0.28371629487020167,0.3941622243875711
3619,0.3343539109744479,0.29351419927970457,0.37213188974584754
3620,0.33577798678787873,0.30779641494425425,0.356425598267867
3621,0.419982169001273,0.2924720920327708,0.2875457389659563
3622,0.44269833820913884,0.29177560310777834,0.26552605868308293
3623,0.3593873325167146,0.2734022749919916,0.3672103924912939
3624,0.15020699923600928,0.23639887767590612,0.6133941230880846
3625,0.10314887995412463,0.18856258965627365,0.7082885303896017
3626,0.3804927226294754,0.304711450200888,0.31479582716963667
3627,0.16990834823925544,0.24442854436665756,0.585663107394087
3628,0.3227644214663283,0.2928532973706773,0.38438228116299455
3629,0.19928530534982225,0.24939351081803185,0.5513211838321459
3630,0.32329263001077424,0.3041473508673703,0.3725600191218554
3631,0.21712899776552938,0.2968669291028906,0.48600407313158006
3632,0.2571283372718568,0.27911844355713045,0.4637532191710127
3633,0.46433587351989214,0.26548586260637447,0.2701782638737334
3634,0.22544588740136584,0.2920977685609961,0.48245634403763804
3635,0.154390949416883,0.2337229098367481,0.611886140746369
3636,0.2677943699213509,0.28079249537018974,0.4514131347084594
3637,0.2899437391745994,0.2991966114580845,0.41085964936731617
3638,0.2516823894651173,0.2801819073325527,0.46813570320233
3639,0.11236080272060123,0.18451194553614533,0.7031272517432534
3640,0.13773052316775433,0.22409382071867628,0.6381756561135694
3641,0.3045879249828432,0.30970865057462066,0.38570342444253614
3642,0.28786037942656045,0.26755769135252666,0.4445819292209129
3643,0.21564649255470486,0.2721095604305359,0.5122439470147592
3644,0.2567671917563331,0.29843553200414147,0.4447972762395255
3645,0.2318332294588726,0.28447853349869534,0.4836882370424321
3646,0.3326275086157986,0.3120935823268732,0.3552789090573284
3647,0.3142433566570982,0.2859660884572804,0.39979055488562143
3648,0.44031277446308775,0.28569494511457505,0.27399228042233725
3649,0.21365719472897352,0.269024309080028,0.5173184961909985
3650,0.2432692061603167,0.27474984552149906,0.48198094831818433
3651,0.35210789009254007,0.2948918569572635,0.35300025295019644
3652,0.25536613994447344,0.2924842417992971,0.4521496182562295
3653,0.37445028706479716,0.2878770870916264,0.3376726258435765
3654,0.2008214526095618,0.2772502264560106,0.5219283209344276
3655,0.5403411839847521,0.24681248669318426,0.2128463293220636
3656,0.32010946512751143,0.3069489674601454,0.37294156741234324
3657,0.1078383887341976,0.20873147529061808,0.6834301359751843
3658,0.23020028251879926,0.28901858355845017,0.48078113392275057
3659,0.24223634101256825,0.2871908238674239,0.4705728351200079
3660,0.3003327079875075,0.2886299728604179,0.4110373191520746
3661,0.43658962148047764,0.28329655716355834,0.28011382135596413
3662,0.1796277943954802,0.2531944893213011,0.5671777162832188
3663,0.12133591663088443,0.21181463298881908,0.6668494503802964
3664,0.2729988591577942,0.31051904500942545,0.41648209583278034
3665,0.19372927962397948,0.2674652429318081,0.5388054774442125
3666,0.4678167416201863,0.2738473679234999,0.2583358904563137
3667,0.35432146160573935,0.31739795427842443,0.3282805841158363
3668,0.17195813088053846,0.2422021120070512,0.5858397571124104
3669,0.19177855843508937,0.24366584537857316,0.5645555961863374
3670,0.25160690302192207,0.3024697567816399,0.44592334019643803
3671,0.11629556386372206,0.21943581033474208,0.6642686258015359
3672,0.19397196742395803,0.27009696468959,0.535931067886452
3673,0.07506384376566001,0.16529006876569036,0.7596460874686496
3674,0.3714929954054775,0.29143525251185665,0.3370717520826658
3675,0.3213562666897448,0.2902197037625427,0.3884240295477125
3676,0.25884689915770887,0.282294791754474,0.4588583090878173
3677,0.27863272914334647,0.3025439195308908,0.4188233513257627
3678,0.49195528087569196,0.26360006927876906,0.24444464984553904
3679,0.4936529405479046,0.27022451233552164,0.23612254711657363
3680,0.2236255325135208,0.2719528086528605,0.5044216588336188
3681,0.19752293238145047,0.2617742648350189,0.5407028027835306
3682,0.29620626830743896,0.3123986904247524,0.3913950412678086
3683,0.18185558401225757,0.24814046047264798,0.5700039555150945
3684,0.298397106168597,0.3167417546937407,0.38486113913766234
3685,0.3555818622437673,0.301742328060986,0.3426758096952467
3686,0.12423561991889862,0.21566374210631695,0.6601006379747845
3687,0.15523984563508306,0.24702265235334306,0.5977375020115738
3688,0.46429638791452826,0.2878381945422922,0.24786541754317953
3689,0.12740711935508,0.22271467282023233,0.6498782078246876
3690,0.2649124133462448,0.28422197067704763,0.45086561597670766
3691,0.13904498528262735,0.23519447212264386,0.6257605425947288
3692,0.3195901026549429,0.2926193931012729,0.38779050424378414
3693,0.11359257521310213,0.20330418366897923,0.6831032411179188
3694,0.43795990577636035,0.2827203428488823,0.27931975137475745
3695,0.32938780803776013,0.30834739477910833,0.36226479718313154
3696,0.33873479035900816,0.2834448344001818,0.3778203752408101
3697,0.2422278692227599,0.2684406380445935,0.48933149273264664
3698,0.1868261803456867,0.2576678196959098,0.5555059999584036
3699,0.26816034657539756,0.27764189156404395,0.4541977618605585
3700,0.2870872371537113,0.3064090140940149,0.4065037487522738
3701,0.15969108567543014,0.24830458799295138,0.5920043263316185
3702,0.12571168441366468,0.21829045641677766,0.6559978591695577
3703,0.26930919946218834,0.29333130504969324,0.4373594954881185
3704,0.1871482992944401,0.2503362264978227,0.5625154742077372
3705,0.29271449285111784,0.28854934233030305,0.41873616481857906
3706,0.15310118978403003,0.250337381401377,0.5965614288145931
3707,0.4998494081446944,0.2696796098262209,0.23047098202908473
3708,0.4668829130995854,0.2924694575828789,0.2406476293175357
3709,0.44884925199651055,0.28296912190481854,0.26818162609867097
3710,0.1890743336237233,0.2594790376049688,0.5514466287713079
3711,0.22841475953239382,0.279453842712052,0.49213139775555426
3712,0.22194084812248233,0.2762520218258112,0.5018071300517064
3713,0.21146772549629644,0.2712861152171767,0.517246159286527
3714,0.3495889608793717,0.27957815803558267,0.3708328810850457
3715,0.07400199228082899,0.16212806972007884,0.7638699379990922
3716,0.2966398127734306,0.30464961560280146,0.39871057162376794
3717,0.32210146440805165,0.29395258485515946,0.38394595073678894
3718,0.49560437020176396,0.26833817990475806,0.236057449893478
3719,0.20690919036791072,0.28064736427908266,0.5124434453530066
3720,0.12398228806980309,0.22232278667828628,0.6536949252519106
3721,0.12777494167390377,0.21721129369041545,0.6550137646356808
3722,0.16213343056066265,0.24312526578561963,0.5947413036537177
3723,0.14870778222884357,0.2265705071517437,0.6247217106194127
3724,0.3666211296395603,0.29092805795970034,0.3424508124007394
3725,0.19940896880386713,0.26931044556114225,0.5312805856349906
3726,0.5616901234166223,0.25376456723577917,0.18454530934759864
3727,0.15629490881020416,0.23012938804147262,0.6135757031483233
3728,0.24462865989826782,0.29272145838832103,0.4626498817134112
3729,0.23419298709695463,0.26219199252780395,0.5036150203752414
3730,0.2041646165607783,0.27634570387223545,0.5194896795669863
3731,0.1565079897342116,0.23241930187178816,0.6110727083940002
3732,0.4106862762344904,0.2898243230714419,0.2994894006940677
3733,0.3425453134382128,0.2887997521968117,0.36865493436497543
3734,0.14878951455336478,0.23331481797683024,0.617895667469805
3735,0.46832262900661925,0.27442817753272336,0.2572491934606574
3736,0.25404779385123233,0.2821666481820483,0.46378555796671933
3737,0.1291473724717961,0.22344839372376776,0.6474042338044361
3738,0.2837286804675302,0.28444345869678694,0.4318278608356829
3739,0.4155149943455079,0.2788418858591728,0.30564311979531933
3740,0.30180466391571414,0.2868693603614771,0.4113259757228089
3741,0.047817906251462844,0.1250128299713342,0.827169263777203
3742,0.16785243097524563,0.24731355274170969,0.5848340162830448
3743,0.4950213851000783,0.2802176022112898,0.2247610126886319
3744,0.30919752394063943,0.3024766251982026,0.38832585086115795
3745,0.44878706873899804,0.28263500728524166,0.26857792397576036
3746,0.2590403857546462,0.2804747657480898,0.46048484849726407
3747,0.32631646361473,0.2949465906064872,0.37873694577878275
3748,0.43929924988170016,0.28026554779371043,0.28043520232458935
3749,0.14933432542420705,0.22182553224632037,0.6288401423294726
3750,0.3269651309165545,0.28313639786205885,0.38989847122138666
3751,0.236100383437046,0.28541404303769957,0.47848557352525445
3752,0.31049885127839755,0.2865047691070643,0.4029963796145381
3753,0.12969917658499747,0.22925281706571327,0.6410480063492894
3754,0.15803985975560625,0.2433212906875037,0.5986388495568902
3755,0.15255284818772458,0.23574136900251377,0.6117057828097616
3756,0.09675270232025616,0.18022559622652307,0.7230217014532208
3757,0.17693758814490718,0.2509049239265616,0.5721574879285313
3758,0.36979689119568293,0.29340140501164313,0.33680170379267393
3759,0.37753251072018273,0.29442051183023804,0.3280469774495792
3760,0.2090363756091077,0.26453330818347254,0.5264303162074199
3761,0.2720820210555244,0.2858553333825638,0.44206264556191177
3762,0.3649350785028353,0.296399057539805,0.3386658639573597
3763,0.18873464776858104,0.24729935033378028,0.5639660018976387
3764,0.33117487029580894,0.28992650222910454,0.3788986274750865
3765,0.4395493516535601,0.28020072771223536,0.28024992063420456
3766,0.3027476950881476,0.2931563647316134,0.40409594018023914
3767,0.18678594074117272,0.26482915287524034,0.548384906383587
3768,0.12130372635052741,0.21514711129302008,0.6635491623564526
3769,0.27274900028961435,0.2936214394930454,0.4336295602173402
3770,0.10999299350425314,0.18485471706606998,0.7051522894296769
3771,0.27140653114590824,0.2798450403858081,0.4487484284682838
3772,0.18308716189879992,0.23737570271568634,0.5795371353855139
3773,0.15829089617645292,0.2519401926636722,0.589768911159875
3774,0.15032714752159707,0.23514046652582046,0.6145323859525824
3775,0.4736871259435403,0.26328461284306626,0.2630282612133934
3776,0.18234309344260385,0.2526150395431533,0.565041867014243
3777,0.5595515102252474,0.25995067053813237,0.1804978192366202
3778,0.14214533768194765,0.22291829002775948,0.6349363722902929
3779,0.2903698766541448,0.2899949897709294,0.4196351335749259
3780,0.3547828987217808,0.2993461378958542,0.345870963382365
3781,0.3673093962659655,0.30217837856925955,0.330512225164775
3782,0.14242288707942546,0.22290615165101896,0.6346709612695556
3783,0.2506552634530319,0.2783971661177493,0.47094757042921886
3784,0.3158342688478736,0.2869815587468406,0.3971841724052858
3785,0.5774040795753276,0.24643723958804067,0.17615868083663175
3786,0.12230607189946044,0.2077497877431119,0.6699441403574278
3787,0.13174862672632004,0.21846487266214695,0.6497865006115331
3788,0.28182017382940133,0.2814160424027664,0.43676378376783226
3789,0.07005564134395563,0.14921568055483403,0.7807286781012103
3790,0.18350667104512647,0.25084780392535116,0.5656455250295225
3791,0.2314275508797193,0.26707854434761524,0.5014939047726654
3792,0.4045950087245389,0.27211565213732947,0.3232893391381316
3793,0.18902203007852866,0.2699456502035257,0.5410323197179456
3794,0.26555965661628383,0.290912602952498,0.4435277404312183
3795,0.2516007136846302,0.292755210251206,0.4556440760641639
3796,0.38490457650464377,0.2875176118332006,0.3275778116621556
3797,0.33348954780813156,0.29607734068603453,0.370433111505834
3798,0.3134161082605767,0.2749537927771476,0.41163009896227576
3799,0.3382741262934939,0.2980619934086783,0.3636638802978278
3800,0.10180354957066337,0.1949582082831785,0.7032382421461582
3801,0.16668952953171445,0.2384356562468025,0.5948748142214831
3802,0.38225619672978006,0.2904966708696941,0.3272471324005258
3803,0.2896989375283546,0.2824274237482639,0.4278736387233815
3804,0.3229915652993062,0.30217944449866446,0.37482899020202937
3805,0.14398021424407786,0.22440877201904647,0.6316110137368757
3806,0.21644616345237003,0.28302528849484426,0.5005285480527858
3807,0.14316375590230995,0.21836454283988832,0.6384717012578017
3808,0.18329347607181906,0.252271396942773,0.5644351269854079
3809,0.18857399243302347,0.263383454482125,0.5480425530848516
3810,0.33088709607427885,0.30220274352776477,0.3669101603979565
3811,0.22290146192525465,0.27223769363076294,0.5048608444439824
3812,0.2988942460528496,0.2903415556855906,0.4107641982615597
3813,0.27053356706856657,0.2826329484038268,0.44683348452760663
3814,0.4124307940233901,0.2694831741390042,0.3180860318376057
3815,0.44753596889326586,0.2812819302260725,0.2711821008806617
3816,0.37404558223867623,0.28917551005315606,0.3367789077081677
3817,0.43593660582653787,0.292349796085178,0.2717135980882841
3818,0.2708372755654739,0.2832674232034402,0.44589530123108584
3819,0.4376439043708034,0.2850952051621177,0.27726089046707886
3820,0.3075277116128792,0.29852126253687533,0.39395102585024544
3821,0.28745845556844785,0.2919968145942374,0.4205447298373148
3822,0.1760022872434636,0.2576300742649337,0.5663676384916028
3823,0.29279629153963294,0.2823540214666878,0.4248496869936793
3824,0.19984864157866675,0.25968482863347553,0.5404665297878577
3825,0.17705558573461935,0.24459237186654698,0.5783520423988338
3826,0.3578288170871379,0.30930468360488717,0.3328664993079749
3827,0.09740064534003043,0.19301046995187537,0.7095888847080942
3828,0.23759218547884703,0.27594017175127455,0.4864676427698784
3829,0.18790304744016223,0.2607055895237802,0.5513913630360575
3830,0.16447620110172548,0.24482298164899702,0.5907008172492776
3831,0.23000309358042376,0.27669319727981784,0.49330370913975835
3832,0.35574980591921623,0.27972590409911724,0.36452428998166647
3833,0.2072899306149562,0.2649650836327226,0.5277449857523213
3834,0.29295956809907336,0.2948070543784557,0.41223337752247097
3835,0.3321630006213192,0.2805191673284501,0.3873178320502308
3836,0.5100797113651824,0.26239375504017015,0.22752653359464764
3837,0.1837260101416879,0.2589683421390626,0.5573056477192495
3838,0.30450639369783616,0.295883465249137,0.3996101410530269
3839,0.2522657099470253,0.2766072083776276,0.4711270816753471
3840,0.15447498589801106,0.2461501387918458,0.5993748753101432
3841,0.2692357319215243,0.28316808274925,0.44759618532922574
3842,0.39301772625032366,0.2909827885311285,0.31599948521854787
3843,0.12710567507945353,0.2015385330250024,0.6713557918955441
3844,0.2828909950796594,0.279166963064997,0.4379420418553437
3845,0.14296916160598522,0.22118059053699324,0.6358502478570215
3846,0.3144905402147244,0.2856526911661578,0.3998567686191178
3847,0.27194318012902535,0.29777705921952063,0.43027976065145407
3848,0.2934321526608083,0.29699704088405665,0.4095708064551351
3849,0.39538985616639516,0.2763379143068046,0.32827222952680024
3850,0.13171733564560248,0.22150044938002997,0.6467822149743676
3851,0.11700154783378607,0.19327309904364348,0.6897253531225704
3852,0.24490082272067187,0.27818907624722533,0.47691010103210285
3853,0.3236565701942059,0.30835309187359794,0.3679903379321961
3854,0.2695097417049895,0.285358202589732,0.44513205570527853
3855,0.2729822275661892,0.2912842615568263,0.4357335108769846
3856,0.3328860789543256,0.29888721691458187,0.36822670413109254
3857,0.15031170625566598,0.23284060037255,0.6168476933717841
3858,0.3990733224797583,0.2776043079318725,0.3233223695883692
3859,0.20450901410516714,0.25515389927544907,0.5403370866193838
3860,0.39008649437483844,0.2899387708825356,0.31997473474262594
3861,0.3288061825570755,0.28704482948933796,0.3841489879535865
3862,0.3009791975623691,0.278938865853067,0.42008193658456383
3863,0.4656234488022514,0.267453574764348,0.2669229764334006
3864,0.15993572297814423,0.24916150787243907,0.5909027691494168
3865,0.47603715950393255,0.2628309182923857,0.26113192220368175
3866,0.21487759396475148,0.2680027963048388,0.5171196097304098
3867,0.2709604035786937,0.2914298058547302,0.4376097905665762
3868,0.1361525458192914,0.22447376319410717,0.6393736909866015
3869,0.25207137821773345,0.2838271487954665,0.4641014729868
3870,0.18801452260477067,0.26418040317362257,0.5478050742216068
3871,0.2574405088752322,0.28067927614912297,0.46188021497564485
3872,0.20781262360055774,0.253845114864615,0.5383422615348273
3873,0.11940708434751925,0.21023261491343098,0.6703603007390497
3874,0.330872527600811,0.3021804531255876,0.3669470192736015
3875,0.15899465591935255,0.24349743888276362,0.5975079051978838
3876,0.34213760374502794,0.27600241263230546,0.38185998362266654
3877,0.2613683583339012,0.2796835161906073,0.45894812547549163
3878,0.18848477151215298,0.2478347562654808,0.5636804722223662
3879,0.17523631010657156,0.2593396737849085,0.5654240161085199
3880,0.35141114481111074,0.3053955658286991,0.3431932893601902
3881,0.2758519018217831,0.2848471041205547,0.4393009940576622
3882,0.3234669747213628,0.27218778561643564,0.40434523966220154
3883,0.33510646291825713,0.2897941691078748,0.3750993679738681
3884,0.23452282049578438,0.27847580011199974,0.4870013793922158
3885,0.2740839720488702,0.28838871739859717,0.43752731055253263
3886,0.25095193257698883,0.279933621523941,0.4691144458990701
3887,0.07867595393547652,0.162958202463616,0.7583658436009075
3888,0.440041376122769,0.2755131799288424,0.28444544394838867
3889,0.32802573888352743,0.2879959743871801,0.38397828672929246
3890,0.18113281081868055,0.239638573901282,0.5792286152800374
3891,0.3191672304613734,0.2997378048756457,0.381094964662981
3892,0.17897223396398726,0.2720322801174374,0.5489954859185754
3893,0.244197447245552,0.29776392079043457,0.45803863196401345
3894,0.3019597310097266,0.291372458108231,0.4066678108820425
3895,0.13334783744231768,0.22373795455440107,0.6429142080032813
3896,0.3558207005491937,0.2884771872173568,0.3557021122334496
3897,0.2152739664893338,0.26352263325930014,0.521203400251366
3898,0.4335535369813964,0.2823915253717953,0.28405493764680817
3899,0.2328303827312138,0.27707358963985007,0.4900960276289362
3900,0.19332121584040873,0.26310141378418517,0.5435773703754062
3901,0.28498735188273727,0.3030664706879991,0.41194617742926365
3902,0.4997507432030483,0.26979839740685435,0.2304508593900974
3903,0.292265497875976,0.294125928552475,0.413608573571549
3904,0.16607515314773616,0.24916581333056093,0.584759033521703
3905,0.4377982100611343,0.28112963035621585,0.28107215958264986
3906,0.3507572589548692,0.30408026398703203,0.3451624770580987
3907,0.24863609010224907,0.2690313206849952,0.4823325892127556
3908,0.3941541651034086,0.27578184747947787,0.3300639874171135
3909,0.2585349857712684,0.30377828046092453,0.43768673376780703
3910,0.1710202260628478,0.2565396644505549,0.5724401094865973
3911,0.33492071113973554,0.3003538375207976,0.3647254513394668
3912,0.30868946761698735,0.2820454885532972,0.4092650438297154
3913,0.12306508111359012,0.2135997160774094,0.6633352028090005
3914,0.1490318291418838,0.24323345855928133,0.607734712298835
3915,0.39016274039674265,0.29407866546721095,0.3157585941360465
3916,0.16843074813940878,0.24021546943345093,0.5913537824271403
3917,0.405374891105867,0.27458516114148385,0.3200399477526492
3918,0.28566461498009266,0.2912793095159641,0.4230560755039433
3919,0.26608556626815705,0.28526040068611686,0.44865403304572615
3920,0.35424194418205157,0.29325271418061655,0.3525053416373319
3921,0.19450005185828426,0.25869663466369797,0.5468033134780178
3922,0.17935574953080496,0.2581922230307087,0.5624520274384863
3923,0.2890759766151426,0.30478059552878084,0.4061434278560766
3924,0.3831039764088163,0.29417468475721087,0.3227213388339728
3925,0.14317378734810285,0.2184631775305082,0.6383630351213889
3926,0.13869125207395025,0.2287431815198347,0.6325655664062151
3927,0.2928953522415702,0.3047550977341292,0.4023495500243007
3928,0.22445032768926923,0.26412478726256283,0.511424885048168
3929,0.26839172421273916,0.30366334591792365,0.4279449298693372
3930,0.36805742381517054,0.30157084496519665,0.33037173121963276
3931,0.1820689741487148,0.25970133239188753,0.5582296934593977
3932,0.3308039210488683,0.2833604272940883,0.3858356516570435
3933,0.24959900808952012,0.25944979283904673,0.4909511990714332
3934,0.20640612804131475,0.2530438552378264,0.5405500167208588
3935,0.275490292714272,0.2943381660195332,0.4301715412661948
3936,0.2784478053078801,0.3066832851517173,0.41486890954040273
3937,0.23070131029898064,0.29188293593671244,0.47741575376430695
3938,0.21042767217813477,0.272238091777721,0.5173342360441442
3939,0.2410227831913414,0.2830973818610544,0.4758798349476042
3940,0.15162129262402652,0.23397458968464355,0.61440411769133
3941,0.31304603342457366,0.289204080166389,0.39774988640903736
3942,0.18032737628455725,0.26464301890107017,0.5550296048143727
3943,0.1601540666806518,0.24278737417859508,0.5970585591407531
3944,0.19464894146519604,0.26013478534151824,0.5452162731932857
3945,0.31849532268338365,0.30202157240755867,0.37948310490905773
3946,0.48028495211760847,0.2590270173500059,0.2606880305323857
3947,0.13572080012948012,0.20712911999363776,0.6571500798768822
3948,0.1549970279273233,0.2491753070923414,0.5958276649803352
3949,0.3287629655299355,0.3055806635436582,0.3656563709264063
3950,0.38954300689007404,0.3080129418901806,0.3024440512197454
3951,0.25431051599266685,0.27764333431000254,0.46804614969733066
3952,0.2940278109379403,0.30303210664444336,0.4029400824176165
3953,0.14023874858260915,0.2261101985243855,0.6336510528930054
3954,0.3937822535281406,0.26733815923497073,0.33887958723688866
3955,0.3576672256047668,0.294276099300783,0.3480566750944502
3956,0.4249650783956629,0.28432341318027005,0.2907115084240672
3957,0.22195069051677765,0.2859086470676503,0.49214066241557214
3958,0.17659614844706564,0.242756443490128,0.5806474080628063
3959,0.150747452359358,0.2499070382031388,0.5993455094375032
3960,0.15361328832788024,0.25376370755846744,0.5926230041136523
3961,0.27091846505461814,0.3075321962164439,0.421549338728938
3962,0.3144939996105224,0.27341299882567804,0.41209300156379963
3963,0.14641277440490608,0.24044440778271525,0.6131428178123787
3964,0.48116241131303905,0.2746491405765157,0.2441884481104452
3965,0.1319346097776745,0.2158209184678047,0.6522444717545208
3966,0.433853489770114,0.28167881589309424,0.28446769433679175
3967,0.3355257170694306,0.26903369459534854,0.3954405883352209
3968,0.34703559004233353,0.2862791977499989,0.36668521220766753
3969,0.20933035523835083,0.29864181971289694,0.4920278250487522
3970,0.374312895472325,0.30287172688725583,0.3228153776404193
3971,0.25161224398166254,0.28101325517937026,0.46737450083896726
3972,0.4582234821618178,0.2840712335874736,0.25770528425070865
3973,0.2439953413035124,0.28377045880023405,0.4722341998962536
3974,0.3824671794458182,0.29375663956050324,0.3237761809936786
3975,0.32109318188021263,0.2753137688971935,0.403593049222594
3976,0.4331790969327368,0.28887012442739407,0.27795077863986917
3977,0.23282146069428067,0.2844780816396454,0.48270045766607395
3978,0.16374890408347975,0.24236605091593347,0.5938850450005868
3979,0.2364350571037587,0.2679719770895802,0.4955929658066611
3980,0.16248737019367818,0.2495469144946191,0.5879657153117027
3981,0.24091089990166886,0.29189358184740083,0.46719551825093036
3982,0.2159043627701831,0.2670139386312502,0.5170816985985668
3983,0.22224035447135987,0.27043329018942974,0.5073263553392104
3984,0.150484823708673,0.2315612800632759,0.6179538962280512
3985,0.1385240931753301,0.23122157664075554,0.6302543301839144
3986,0.19655437995201702,0.2697347354049053,0.5337108846430778
3987,0.2061172576441129,0.27353061239210624,0.5203521299637809
3988,0.28955477245484224,0.27911415932231354,0.43133106822284434
3989,0.4540334217443146,0.28885164982915684,0.2571149284265286
3990,0.1484570693809947,0.23315126684646875,0.6183916637725366
3991,0.2646747666595765,0.2910773178914139,0.4442479154490097
3992,0.43845288569299756,0.2789368917352078,0.2826102225717947
3993,0.3494537418861257,0.30181571007088037,0.34873054804299386
3994,0.4739653592578884,0.2684008015588832,0.2576338391832284
3995,0.38175124417256967,0.28484332860396433,0.33340542722346594
3996,0.35462011684174843,0.2916253416179664,0.35375454154028524
3997,0.2141277688037248,0.26247494181104647,0.5233972893852288
3998,0.14855489921777784,0.24208489950452128,0.6093602012777009
3999,0.2018880369549064,0.2684216627397443,0.5296903003053492
4000,0.4104603284814502,0.29319507887076557,0.2963445926477843
4001,0.15773773960495258,0.2295726249204762,0.6126896354745712
4002,0.15119514333042125,0.23522229245895065,0.6135825642106281
4003,0.27324136912257896,0.2854092586760067,0.44134937220141435
4004,0.16277629100382957,0.23892600549483153,0.5982977035013389
4005,0.08460000709002564,0.1742736779175855,0.7411263149923889
4006,0.1965167632588168,0.27223480842446734,0.5312484283167158
4007,0.2850311149255368,0.2821857335521353,0.432783151522328
4008,0.38367415445518555,0.29463912193350966,0.3216867236113049
4009,0.2690446439485593,0.2750938056824913,0.4558615503689495
4010,0.1380178495515201,0.23932547322451309,0.6226566772239668
4011,0.39264705716731535,0.2921691014817186,0.3151838413509661
4012,0.22028287427482746,0.27711483095931755,0.502602294765855
4013,0.2682854704983278,0.28441593428180223,0.44729859521987
4014,0.18835106357406417,0.26626098955057476,0.5453879468753611
4015,0.28440266590882723,0.2812763106901441,0.43432102340102857
4016,0.17728319081135396,0.245641331073963,0.5770754781146831
4017,0.2493349551950582,0.2953653832862096,0.4552996615187322
4018,0.2693110189166576,0.3106284251679045,0.42006055591543784
4019,0.3131275092874186,0.2908008057836568,0.39607168492892464
4020,0.3099041356094827,0.28413006695783183,0.40596579743268546
4021,0.3040257807407883,0.30223099226353695,0.3937432269956748
4022,0.23668438158511362,0.28740399053950744,0.47591162787537894
4023,0.09241875824573495,0.1871720236196474,0.7204092181346177
4024,0.4192809318206098,0.2847700743230781,0.2959489938563122
4025,0.26621248809787273,0.2727369853736127,0.4610505265285146
4026,0.18214240947404087,0.25209066762116195,0.5657669229047971
4027,0.2809993565444579,0.3063914030224464,0.4126092404330958
4028,0.3794768641768861,0.2929473959217673,0.32757573990134664
4029,0.4605724289570528,0.27140420949050187,0.26802336155244544
4030,0.20876382142022748,0.26678611240925465,0.5244500661705179
4031,0.24658415724892566,0.28445628717721605,0.46895955557385827
4032,0.21148838361673747,0.25816147709501025,0.5303501392882524
4033,0.25005185546082015,0.29501459402035185,0.454933550518828
4034,0.31286500056603206,0.2909223031879966,0.39621269624597133
4035,0.29484363439638395,0.28933102308424996,0.4158253425193662
4036,0.13782447769437325,0.22445751561631644,0.6377180066893103
4037,0.27585736212915873,0.283600022422985,0.4405426154478563
4038,0.13831671842106477,0.2134776295468329,0.6482056520321023
4039,0.15498970414923668,0.22198717389269712,0.6230231219580663
4040,0.29656697822209327,0.30446517274428,0.3989678490336268
4041,0.3884635636224715,0.29407549284440565,0.3174609435331229
4042,0.26855370336641604,0.29276676728841083,0.4386795293451732
4043,0.28143565213307753,0.29251541091555444,0.4260489369513681
4044,0.4324633404973035,0.2626477787499123,0.3048888807527842
4045,0.16783713389626967,0.24804186789355803,0.5841209982101724
4046,0.28161082159398204,0.27489347258836827,0.44349570581764974
4047,0.365451206514713,0.30065877803627744,0.33389001544900954
4048,0.1404816821263874,0.23060225759985653,0.6289160602737561
4049,0.25956674433160015,0.28342837821925065,0.4570048774491492
4050,0.33984644242764006,0.28551069324359446,0.3746428643287655
4051,0.3437692765456098,0.29279620202039297,0.36343452143399724
4052,0.25362205550032296,0.29030067497126877,0.45607726952840827
4053,0.2839105686455122,0.2971116303067298,0.4189778010477579
4054,0.10624438172571185,0.19790080634898954,0.6958548119252986
4055,0.2924601051364041,0.2962298785961385,0.41131001626745745
4056,0.09702317063045587,0.17536857241342,0.7276082569561242
4057,0.16946553876340778,0.24913851388774483,0.5813959473488474
4058,0.28559670342221516,0.30771073148336586,0.406692565094419
4059,0.18452875076592834,0.2650176029624317,0.5504536462716401
4060,0.40266807643644265,0.28137999430120103,0.3159519292623562
4061,0.2933814214152145,0.28266416559077456,0.423954412994011
4062,0.31692406622028957,0.2831462218823636,0.39992971189734694
4063,0.37277178011183776,0.29025108888094786,0.3369771310072143
4064,0.32764506416602274,0.2832965936069014,0.38905834222707586
4065,0.3519693042080493,0.27571768060035695,0.3723130151915938
4066,0.20869586555204817,0.26215748425180674,0.529146650196145
4067,0.3833479350709742,0.279591652190433,0.3370604127385928
4068,0.2552089958103557,0.29373882345116537,0.4510521807384789
4069,0.2881602179909938,0.27757657581856165,0.4342632061904447
4070,0.2134592031288148,0.2700729431272495,0.5164678537439358
4071,0.2886452364166521,0.2873574527129138,0.42399731087043413
4072,0.22007340902558883,0.2762260086270302,0.503700582347381
4073,0.16712640769688267,0.23954660907162462,0.5933269832314928
4074,0.13439744817393914,0.21630887265299722,0.6492936791730636
4075,0.17657387462603757,0.24508316692042453,0.578342958453538
4076,0.23069980681625785,0.27159093755105995,0.4977092556326822
4077,0.16634540115008128,0.23931919148775688,0.5943354073621618
4078,0.5092115461190129,0.26302877812881936,0.22775967575216788
4079,0.1592918655667378,0.23313470968254407,0.6075734247507182
4080,0.26720663336925593,0.2788307978003586,0.4539625688303856
4081,0.17511470754846434,0.2410121612185956,0.58387313123294
4082,0.2187232874182949,0.27288582717286636,0.5083908854088388
4083,0.18459409117830672,0.2539208645346826,0.5614850442870106
4084,0.30980712881070865,0.314497143258624,0.37569572793066736
4085,0.3233400662523801,0.28701460154332964,0.3896453322042903
4086,0.3688208265679087,0.29455523728752664,0.3366239361445646
4087,0.20200076885145626,0.23967967240958593,0.5583195587389579
4088,0.388979542124421,0.2839903156961852,0.3270301421793938
4089,0.12418822674038472,0.20786556862635383,0.6679462046332614
4090,0.21032869337664492,0.25394789172944243,0.5357234148939127
4091,0.22943835374140226,0.2731326454014159,0.4974290008571819
4092,0.24863725078802335,0.2676508048948513,0.48371194431712533
4093,0.17966314569004574,0.24688422497868884,0.5734526293312654
4094,0.10459321630490262,0.19289169782960686,0.7025150858654906
4095,0.16644837954091468,0.2474220625418532,0.5861295579172321
4096,0.32218087053412675,0.2787310530874165,0.3990880763784567
4097,0.2574884318243442,0.28967376075992923,0.45283780741572655
4098,0.14041408113039483,0.20672343216117978,0.6528624867084254
4099,0.4433393450003592,0.2684644100974651,0.2881962449021757
4100,0.12492666683262135,0.2030629013293328,0.6720104318380459
4101,0.17815454516205934,0.24394901764232996,0.5778964371956107
4102,0.3688469071558635,0.29568485282405427,0.3354682400200823
4103,0.2251212010493049,0.29284248144510217,0.48203631750559295
4104,0.43001633682788143,0.2682528546297142,0.3017308085424044
4105,0.2352238355274634,0.28511512008782885,0.47966104438470775
4106,0.4821666076782897,0.25947433554794114,0.2583590567737692
4107,0.1504193887248768,0.2404027037110188,0.6091779075641044
4108,0.15510564973263308,0.23278394681716436,0.6121104034502025
4109,0.22170554365312606,0.2843513448526782,0.49394311149419573
4110,0.2885748185860148,0.2807240106048693,0.4307011708091159
4111,0.3648945119006208,0.2882557432014933,0.346849744897886
4112,0.27487950822599067,0.2619354254615373,0.46318506631247197
4113,0.3389317890945506,0.2861656433987303,0.37490256750671913
4114,0.235092860745893,0.26888221913985333,0.49602492011425364
4115,0.22996355489223352,0.2666112946688183,0.5034251504389483
4116,0.2271062984375166,0.2618942207243791,0.5109994808381043
4117,0.20967389300698175,0.27182402469826644,0.5185020822947519
4118,0.312252443413154,0.29183781477836224,0.39590974180848376
4119,0.3107706178026484,0.2774684824690181,0.41176089972833346
4120,0.3405630011018659,0.2950294085203699,0.36440759037776427
4121,0.28304481835170253,0.2785746040735947,0.4383805775747027
4122,0.20997347325565457,0.28790751099118594,0.5021190157531595
4123,0.3021217159802204,0.2897836778230783,0.4080946061967014
4124,0.3528467212986749,0.2866672394420314,0.3604860392592938
4125,0.17880140683768006,0.24404670180098628,0.5771518913613336
4126,0.1808323819145051,0.2439063896250293,0.5752612284604656
4127,0.2240605761893928,0.26865342697784317,0.5072859968327641
4128,0.18852288714462545,0.2700359598318429,0.5414411530235316
4129,0.1029327029227873,0.1801992050282662,0.7168680920489465
4130,0.3034521116880586,0.2908089913847405,0.4057388969272009
4131,0.2893815406478496,0.30817539734523114,0.4024430620069193
4132,0.3175857863272663,0.2878925930509475,0.39452162062178625
4133,0.19697465866355152,0.2564585549008013,0.5465667864356473
4134,0.24725837368443515,0.28999278040261445,0.4627488459129504
4135,0.19678917123521616,0.2614876979587568,0.5417231308060271
4136,0.2549644408221673,0.2970853567777815,0.4479502024000512
4137,0.31340739312066945,0.2828076102410312,0.40378499663829936
4138,0.2229301976773304,0.2678930286721236,0.509176773650546
4139,0.1768921366300684,0.26904710187844616,0.5540607614914855
4140,0.18147530411698948,0.26374523715719544,0.554779458725815
4141,0.15627653423046883,0.2360607325260647,0.6076627332434665
4142,0.21402579216090922,0.2580688638329578,0.5279053440061331
4143,0.22061271376562205,0.2599148995374663,0.5194723866969116
4144,0.5465012340959088,0.2485123531425483,0.20498641276154292
4145,0.4288071113495214,0.28322434689681075,0.28796854175366793
4146,0.28426715258364554,0.2948553613023535,0.4208774861140011
4147,0.1692387110945616,0.2648949342876719,0.5658663546177665
4148,0.3464193879877932,0.2983214968592591,0.35525911515294767
4149,0.2893769696708728,0.3070408750840997,0.4035821552450275
4150,0.3054927053412955,0.2919431677089678,0.4025641269497368
4151,0.24928465913810896,0.2640449702484516,0.4866703706134395
4152,0.29150257253499295,0.3022840110486259,0.4062134164163812
4153,0.3139546639182159,0.31589755140062414,0.37014778468116
4154,0.391001234311684,0.2734677294117717,0.33553103627654435
4155,0.07884539837168118,0.16106339273812753,0.7600912088901913
4156,0.11211661459807132,0.20450915564085936,0.6833742297610693
4157,0.23683244653412322,0.27603888465456905,0.48712866881130773
4158,0.202340995764688,0.2659742759636392,0.5316847282716728
4159,0.26954898944941574,0.303377552567899,0.42707345798268526
4160,0.16991112205113743,0.24788932915757375,0.5821995487912889
4161,0.13131036069390145,0.22009779483990774,0.6485918444661909
4162,0.16437015692892426,0.24617887910204375,0.589450963969032
4163,0.36644645713912055,0.2881616336624999,0.34539190919837964
4164,0.18871774775496372,0.26874472014984796,0.5425375320951883
4165,0.25604795664888513,0.27555836104109827,0.4683936823100166
4166,0.14844449405199744,0.2309984799071371,0.6205570260408655
4167,0.1635565012299891,0.23986820442367654,0.5965752943463344
4168,0.1521891677622088,0.23620997546517167,0.6116008567726195
4169,0.2334242722644826,0.2670622376863846,0.4995134900491328
4170,0.44908005396411055,0.2621581780813864,0.28876176795450303
4171,0.38458622452496855,0.2896281932528205,0.325785582222211
4172,0.4006289826873763,0.2766985391202251,0.32267247819239864
4173,0.32174462005689014,0.30288135955606665,0.3753740203870432
4174,0.2727036357809734,0.3012264974702756,0.426069866748751
4175,0.2107800087815837,0.2728779478733126,0.5163420433451037
4176,0.30033158475369354,0.2835384958599116,0.41612991938639493
4177,0.3307998065085201,0.2864651904545149,0.38273500303696506
4178,0.35886477157358954,0.29402637955439104,0.3471088488720194
4179,0.2098349735702622,0.2646037136643656,0.5255613127653723
4180,0.20604389653783606,0.25804546097305525,0.5359106424891088
4181,0.28201704564610103,0.3003847148975564,0.4175982394563425
4182,0.21207789876091115,0.2824832897654603,0.5054388114736286
4183,0.2047693567588919,0.2746378899159443,0.5205927533251639
4184,0.4354057832797581,0.28235719667294745,0.28223702004729445
4185,0.36498762903107784,0.28054090352115946,0.35447146744776264
4186,0.3462300507133554,0.29979521322029284,0.35397473606635177
4187,0.22566307546190334,0.26986922880458214,0.5044676957335146
4188,0.45803054803794885,0.2796314261326714,0.2623380258293798
4189,0.3249963372413862,0.28181238676164,0.3931912759969738
4190,0.22407643423351495,0.2753212094005525,0.5006023563659326
4191,0.22657708722557132,0.2821343911684295,0.49128852160599923
4192,0.13691610484302358,0.209930091419902,0.6531538037370744
4193,0.2679625633261941,0.2962206383772512,0.4358167982965548
4194,0.4186112690770667,0.3014390705930192,0.2799496603299141
4195,0.17962564624418384,0.2605657878083755,0.5598085659474407
4196,0.19021028105939702,0.2554095472178729,0.5543801717227301
4197,0.257078683669695,0.2725130787693097,0.47040823756099526
4198,0.21827676093896076,0.27118410042700164,0.5105391386340377
4199,0.24895224471659305,0.29220696708240046,0.4588407882010065
4200,0.1446383964879687,0.23749618384484966,0.6178654196671817
4201,0.20070712740065808,0.25517403483712864,0.5441188377622133
4202,0.30949602613304644,0.2979192048410551,0.3925847690258985
4203,0.2584400349702,0.27710183283096085,0.46445813219883914
4204,0.30628211761323976,0.29264254736696044,0.4010753350197998
4205,0.3896627863755712,0.3037322433946696,0.30660497022975924
4206,0.19874249723223036,0.2571417772652603,0.5441157255025093
4207,0.24762627395284262,0.2776391189820512,0.4747346070651061
4208,0.4532337146957852,0.28252306015386586,0.2642432251503489
4209,0.33872321527855054,0.2903593580172732,0.37091742670417627
4210,0.17615764531797692,0.23959086621952339,0.5842514884624997
4211,0.3016865704830306,0.30270494508345785,0.39560848443351154
4212,0.17283766913030169,0.23969845713321156,0.5874638737364868
4213,0.31079309870401783,0.30392155463363113,0.38528534666235104
4214,0.39227087889859014,0.28980681809757375,0.3179223030038361
4215,0.1294669769829923,0.22117591902476114,0.6493571039922466
4216,0.31930690526641886,0.297863069033549,0.38283002570003216
4217,0.391008131194739,0.2796806456948802,0.32931122311038086
4218,0.3310720664705963,0.28765111674806765,0.38127681678133607
4219,0.25714363827336745,0.3033924429982366,0.43946391872839596
4220,0.17447552117414614,0.24794393526957276,0.5775805435562812
4221,0.3783872647282874,0.2950997952805169,0.32651293999119574
4222,0.22856724001166334,0.2655001666168532,0.5059325933714834
4223,0.463206741166613,0.2970144925030509,0.23977876633033623
4224,0.19707722007382603,0.2741286935369403,0.5287940863892336
4225,0.39936782820810546,0.29773182640545753,0.3029003453864371
4226,0.27235400530119674,0.2906724018828441,0.4369735928159592
4227,0.16824329635222962,0.2579754213117194,0.573781282336051
4228,0.30375961828514175,0.29221954764212965,0.4040208340727286
4229,0.2436673425834138,0.266741992050516,0.48959066536607015
4230,0.22070534523523727,0.2721352329045791,0.5071594218601836
4231,0.22178140351204584,0.28578788571341235,0.49243071077454187
4232,0.2538896562423193,0.27932452269013025,0.4667858210675505
4233,0.42613399441579225,0.30171558423990813,0.27215042134429973
4234,0.17899885568383422,0.24919750427882592,0.5718036400373399
4235,0.27627263720348466,0.295680878533794,0.42804648426272135
4236,0.1435964664367759,0.22967555462748435,0.6267279789357398
4237,0.3945663992237917,0.2940405392243476,0.31139306155186075
4238,0.4459652351599413,0.2780961785754881,0.27593858626457063
4239,0.26260675680487316,0.30309005994237426,0.4343031832527526
4240,0.22814370531315661,0.2773738756432132,0.4944824190436303
4241,0.2875247789099498,0.301539273990193,0.4109359470998572
4242,0.26944730584165255,0.280795453079257,0.44975724107909054
4243,0.19898981000211033,0.269172795002224,0.5318373949956656
4244,0.3782029886225679,0.3149170527703473,0.3068799586070849
4245,0.24713549347023583,0.2822317078608214,0.4706327986689427
4246,0.24480956078801164,0.2747284883751397,0.4804619508368487
4247,0.3520120154406112,0.2861540182123328,0.3618339663470561
4248,0.1533038199982337,0.24113236287960468,0.6055638171221617
4249,0.18056282076963573,0.2478013968036886,0.5716357824266757
4250,0.18782088464974867,0.25957376226937706,0.5526053530808743
4251,0.25132109150061954,0.29502263901468445,0.45365626948469606
4252,0.24976124110758322,0.2970734262387112,0.4531653326537057
4253,0.11793116826208183,0.2061607567238965,0.6759080750140216
4254,0.1527582485350996,0.2394807056313164,0.607761045833584
4255,0.21198191410068395,0.26939568408541226,0.5186224018139038
4256,0.3551849903799239,0.28420570588351446,0.3606093037365616
4257,0.33800714242675206,0.3101366348995781,0.35185622267366984
4258,0.4221841720030392,0.2954821534217024,0.2823336745752584
4259,0.3196922677454943,0.28937993961390157,0.39092779264060423
4260,0.3501412745038725,0.3084044594134048,0.34145426608272283
4261,0.21524171299393738,0.28181241487259207,0.5029458721334705
4262,0.3676940178611995,0.2923772022460688,0.33992877989273174
4263,0.2474176886960635,0.2783015542101276,0.4742807570938089
4264,0.30637634902244476,0.2805416873444484,0.41308196363310695
4265,0.24975788044013875,0.29053231875320645,0.45970980080665474
4266,0.2936317772164843,0.31388764682304676,0.39248057596046904
4267,0.25975744449838795,0.2982001116279562,0.44204244387365593
4268,0.16087669159164397,0.23778907767220323,0.6013342307361528
4269,0.19422358585397864,0.26058738205448156,0.5451890320915398
4270,0.19016909400397838,0.2808399365355242,0.5289909694604974
4271,0.46088847794632104,0.2661013619614314,0.27301016009224754
4272,0.14839612263660615,0.23198970434288907,0.6196141730205048
4273,0.2019584479646454,0.25772890747027916,0.5403126445650754
4274,0.34452179534743427,0.28145333817398405,0.3740248664785817
4275,0.27285276869705716,0.30364642588000573,0.4235008054229371
4276,0.23128690092787402,0.2761819873099324,0.49253111176219366
4277,0.4194193755750404,0.2927022551679747,0.28787836925698485
4278,0.1985320552558142,0.27545827773300713,0.5260096670111787
4279,0.24780830333372267,0.29849735876196376,0.45369433790431357
4280,0.484621761198946,0.26639948499372207,0.2489787538073319
4281,0.17948315130527032,0.2445233284660391,0.5759935202286907
4282,0.1683756364917405,0.2358847105660184,0.5957396529422411
4283,0.10193209751034042,0.1922630268156878,0.7058048756739719
4284,0.30402166245431905,0.29595202720315006,0.4000263103425309
4285,0.21830247862502028,0.27128609470379816,0.5104114266711817
4286,0.38051112097956624,0.3057079494739844,0.31378092954644937
4287,0.23061319832131394,0.2823590630589863,0.4870277386196998
4288,0.5381619025449578,0.2585414715481261,0.20329662590691608
4289,0.14882886179228222,0.23455347882721833,0.6166176593804995
4290,0.43607090854748315,0.29247857693694645,0.2714505145155704
4291,0.2570992503823997,0.2823734902665344,0.46052725935106587
4292,0.23139655743734924,0.2727550042571276,0.4958484383055232
4293,0.18418955617458269,0.24436049243812744,0.5714499513872899
4294,0.3620936169196359,0.3004272168530811,0.337479166227283
4295,0.3491388030694925,0.28643609261296066,0.36442510431754677
4296,0.1364722023318735,0.20519021487723532,0.6583375827908913
4297,0.17720067160775962,0.25780338892950405,0.5649959394627364
4298,0.1927730850990896,0.27151860085683094,0.5357083140440796
4299,0.23363582311243353,0.28007629997537337,0.48628787691219316
4300,0.37273170591785304,0.29476286844588145,0.3325054256362655
4301,0.18331678922132727,0.24902837029664254,0.5676548404820302
4302,0.3196523581527898,0.28324969973744196,0.3970979421097683
4303,0.15104065799598496,0.2338642767314741,0.615095065272541
4304,0.33250001400173507,0.29706074536218163,0.3704392406360834
4305,0.34068504064786775,0.29266114562934226,0.3666538137227901
4306,0.33092375045570016,0.290348216009735,0.3787280335345648
4307,0.2784738662963727,0.293449870965237,0.4280762627383902
4308,0.32279199063753106,0.268148512170836,0.4090594971916329
4309,0.17612460699602928,0.24770237686285337,0.5761730161411174
4310,0.14801326251347927,0.23253768811006745,0.6194490493764533
4311,0.3806787946952444,0.2910853450309439,0.3282358602738117
4312,0.20435865696444133,0.2639279695381922,0.5317133734973665
4313,0.3991920418368208,0.2989968681980734,0.3018110899651058
4314,0.10476293572999454,0.1940283837553143,0.7012086805146911
4315,0.24830526415256982,0.27952746981608867,0.47216726603134146
4316,0.18600024286640632,0.27051491515206044,0.5434848419815332
4317,0.19213628785316883,0.2707145767259766,0.5371491354208546
4318,0.3650999507356265,0.3095671237750066,0.32533292548936693
4319,0.15596778149014093,0.24007799150955805,0.603954227000301
4320,0.36978418251649325,0.2971949475400364,0.3330208699434703
4321,0.1662404193636202,0.23723451378328614,0.5965250668530937
4322,0.27169909662897335,0.2709406756834765,0.45736022768755014
4323,0.3211909259421624,0.27936755951423276,0.3994415145436048
4324,0.2804007341460759,0.2918551678724649,0.4277440979814592
4325,0.23895404844638363,0.2812531334397793,0.47979281811383706
4326,0.2679243310781947,0.2978385717067948,0.4342370972150105
4327,0.09078094355918646,0.17904041661445494,0.7301786398263586
4328,0.24381592024434298,0.2838425597242614,0.47234152003139557
4329,0.156544030060237,0.23586385477540156,0.6075921151643614
4330,0.2812548425082922,0.2733014850217658,0.445443672469942
4331,0.36220013102303916,0.27955676266767765,0.3582431063092832
4332,0.1648109648817731,0.2507567349376668,0.5844323001805601
4333,0.2126755763637005,0.27046324987976406,0.5168611737565354
4334,0.42064458648181313,0.28143010230410903,0.2979253112140777
4335,0.24350902553927237,0.2826481845178232,0.47384278994290446
4336,0.33845801882554233,0.2920055114863114,0.3695364696881464
4337,0.18236510614384321,0.25695192745607603,0.5606829664000809
4338,0.3685629137186009,0.2924311907205831,0.33900589556081606
4339,0.150202901356927,0.23363732799940767,0.6161597706436653
4340,0.11496343042523408,0.19522360790214538,0.6898129616726205
4341,0.2528611495723237,0.28486591011989143,0.4622729403077849
4342,0.17808508977633827,0.24827176459548966,0.5736431456281721
4343,0.18390190915701293,0.24958132635132763,0.5665167644916596
4344,0.16955113783120446,0.23635833911473733,0.5940905230540582
4345,0.19597831612734423,0.27470698903176305,0.5293146948408928
4346,0.23462867728419456,0.2781392741128849,0.4872320486029206
4347,0.14243251435788534,0.22722519764985302,0.6303422879922617
4348,0.41722352061557666,0.2985728190638174,0.28420366032060596
4349,0.25589715939570895,0.29566581450792506,0.448437026096366
4350,0.3480893598521726,0.2877021106361772,0.36420852951165034
4351,0.12593716138768693,0.22400020669805878,0.6500626319142544
4352,0.23400335779912082,0.28232242973657057,0.48367421246430864
4353,0.507454341250758,0.2512000088850185,0.24134564986422352
4354,0.39867243992448065,0.29044462632174894,0.31088293375377035
4355,0.4973001091201499,0.27441134699844877,0.2282885438814013
4356,0.26940057554614705,0.2991380067200038,0.4314614177338491
4357,0.27407985012317126,0.29403669382918035,0.43188345604764844
4358,0.08128325385064024,0.16767774460933157,0.7510390015400282
4359,0.28489636164828014,0.2977464854545032,0.41735715289721675
4360,0.245172429971172,0.28098279432865103,0.47384477570017697
4361,0.27718735080996637,0.3031671451871953,0.41964550400283834
4362,0.202086529362718,0.271292781945444,0.526620688691838
4363,0.09001142734181769,0.16894561594878962,0.7410429567093927
4364,0.17234346394835343,0.24658030915368387,0.5810762268979627
4365,0.3080291975593023,0.3013575027637594,0.39061329967693836
4366,0.2026934701103729,0.27312204536475765,0.5241844845248695
4367,0.25163114661665253,0.2825195414330882,0.46584931195025925
4368,0.322032209448645,0.30057065258963067,0.3773971379617243
4369,0.4492877310634563,0.27818521729680157,0.27252705163974217
4370,0.3938000065353466,0.27671630704351524,0.3294836864211382
4371,0.33329591955980825,0.28439604103145216,0.3823080394087396
4372,0.2495913943331539,0.2857376639121157,0.4646709417547305
4373,0.18702589954040333,0.2671322933396635,0.5458418071199331
4374,0.30215207655094234,0.30240856677987554,0.3954393566691821
4375,0.32134661806071796,0.2975033316122583,0.3811500503270238
4376,0.20400666263551845,0.26717672504505474,0.5288166123194269
4377,0.1586296837464334,0.23636902210599098,0.6050012941475756
4378,0.36835488851932663,0.3112421197031896,0.3204029917774838
4379,0.3012500923389052,0.29846683039209443,0.40028307726900036
4380,0.25218615184050286,0.26623884714483664,0.4815750010146605
4381,0.26189249751799937,0.3020755130606135,0.4360319894213872
4382,0.42084671834809895,0.28908055211132566,0.2900727295405755
4383,0.17387357928631775,0.24896014759242466,0.5771662731212576
4384,0.24359814942086228,0.28106516371415957,0.47533668686497815
4385,0.10344229661750379,0.1989910299648107,0.6975666734176855
4386,0.1975890467915394,0.27360421511833516,0.5288067380901255
4387,0.14743547901533186,0.23897817173205954,0.6135863492526086
4388,0.11612241202104945,0.202923898849511,0.6809536891294397
4389,0.2001943707554818,0.27816960307221816,0.5216360261723001
4390,0.29707926613901614,0.2908969279997743,0.4120238058612095
4391,0.2864594171401648,0.31216930353386796,0.40137127932596733
4392,0.47301274048273434,0.2829665700924276,0.24402068942483804
4393,0.24944594458344976,0.2868984227814056,0.4636556326351446
4394,0.21317254050749454,0.28049631657711516,0.5063311429153903
4395,0.1838089099518066,0.24987300765826967,0.5663180823899238
4396,0.34905679728089684,0.2827165006026781,0.36822670211642505
4397,0.39203050377402265,0.291492096853025,0.31647739937295233
4398,0.3216060883553604,0.29379397951425557,0.38459993213038407
4399,0.10247113852945883,0.19748888015220112,0.7000399813183401
4400,0.15578252273616955,0.24071479923092248,0.603502678032908
4401,0.3125462648887329,0.2802822828113955,0.4071714522998717
4402,0.3170113055857266,0.29688995674517993,0.3860987376690936
4403,0.18536220143745089,0.27261562104675563,0.5420221775157935
4404,0.12121794027547965,0.21119149907082407,0.6675905606536963
4405,0.2764547402156124,0.2945756511542113,0.4289696086301763
4406,0.190648934492782,0.2474329348039253,0.5619181307032927
4407,0.25594337194921357,0.28828833332556536,0.45576829472522107
4408,0.3435750298686505,0.29228285924786623,0.3641421108834833
4409,0.21113077182414938,0.2779024961388287,0.5109667320370219
4410,0.30353296872294777,0.292077918504535,0.4043891127725172
4411,0.25318140508150744,0.2874896564166008,0.45932893850189166
4412,0.11157719566057216,0.20548381114238998,0.6829389931970379
4413,0.2835079968578257,0.28397902340033926,0.43251297974183506
4414,0.40977199621605953,0.28486772370037905,0.3053602800835614
4415,0.43578128181644715,0.2773135536073893,0.28690516457616366
4416,0.26560990271962415,0.29125199738352603,0.4431380998968499
4417,0.3531664589801726,0.3066192282520576,0.34021431276776987
4418,0.38135154304972524,0.30542622880560644,0.3132222281446684
4419,0.30086392194144457,0.2829938360570347,0.4161422420015208
4420,0.2655846031708288,0.28809497759851577,0.4463204192306554
4421,0.2532320931275087,0.29138328451221546,0.4553846223602759
4422,0.2766354309651458,0.2827733930057397,0.4405911760291145
4423,0.3390275779010887,0.29184599189060506,0.3691264302083063
4424,0.18202864221820098,0.2597002592582287,0.5582710985235704
4425,0.2801687707090032,0.2949023738876794,0.4249288554033174
4426,0.35935438527849667,0.30718161660455723,0.3334639981169462
4427,0.09933119803188296,0.18648810705185892,0.7141806949162581
4428,0.32891862643472775,0.2870801201678391,0.38400125339743313
4429,0.2340125193094985,0.2837895475486584,0.48219793314184306
4430,0.15215640016747872,0.2281353195318702,0.6197082803006512
4431,0.12010481851764361,0.2180973737617408,0.6617978077206156
4432,0.15437736288196063,0.24655597643275576,0.5990666606852837
4433,0.23908772032214123,0.2803179291693846,0.4805943505084742
4434,0.34698669860744014,0.28696787877036495,0.3660454226221949
4435,0.2036160975175143,0.2802386264401239,0.5161452760423618
4436,0.21585312700547177,0.25623883355374943,0.5279080394407789
4437,0.44399413820599515,0.2819390568060491,0.2740668049879558
4438,0.41832888068322616,0.2981944179329125,0.2834767013838614
4439,0.347881738147468,0.2743648163062663,0.3777534455462657
4440,0.23909591347841624,0.2951403862775502,0.4657637002440335
4441,0.2910483784746579,0.2851510023348625,0.4238006191904797
4442,0.37036194665631356,0.28902033814950184,0.3406177151941847
4443,0.14399227936610773,0.2302234139346147,0.6257843066992776
4444,0.17714318360324427,0.23101726201664313,0.5918395543801126
4445,0.2143084523732668,0.2638031733183786,0.5218883743083546
4446,0.3605112675546328,0.30357885277994245,0.3359098796654247
4447,0.40458305925244176,0.295402900764382,0.3000140399831762
4448,0.10753742556620675,0.21150408271309945,0.6809584917206939
4449,0.1966239549099158,0.2742779899826809,0.5290980551074033
4450,0.1745657106550709,0.25095635376897446,0.5744779355759547
4451,0.17810883140248857,0.26103915448922244,0.560852014108289
4452,0.1145631404610838,0.19798593327925254,0.6874509262596636
4453,0.14692865996901075,0.22575448721963517,0.6273168528113541
4454,0.19067421025911452,0.25364287054029866,0.5556829192005869
4455,0.3092212235619207,0.3049170763347354,0.38586170010334386
4456,0.29174903581323247,0.2815863228267352,0.42666464136003235
4457,0.35636600849334166,0.29027958740824783,0.3533544040984105
4458,0.12532764500527693,0.198649798659107,0.6760225563356161
4459,0.4908928290586573,0.2637212524362487,0.24538591850509395
4460,0.3513943523213922,0.2828316404549023,0.36577400722370546
4461,0.3638414568737923,0.29226198177315776,0.3438965613530499
4462,0.4357837053250311,0.295437027800499,0.26877926687446996
4463,0.18513919984185884,0.26547836478212694,0.5493824353760142
4464,0.2336267491791335,0.26219784395924933,0.5041754068616171
4465,0.25361408976107064,0.2748372726932772,0.4715486375456521
4466,0.17386520713680775,0.25870209338841715,0.5674326994747751
4467,0.2110412263794848,0.2828130812097807,0.5061456924107345
4468,0.14888682271293358,0.2302220008395432,0.6208911764475232
4469,0.2915658592796946,0.2988535570991385,0.4095805836211669
4470,0.14197356150029766,0.22325575174868661,0.6347706867510158
4471,0.1973280680560163,0.2686344117648513,0.5340375201791324
4472,0.1828579353691024,0.2548413173799141,0.5623007472509836
4473,0.3315597555091001,0.2887152649303849,0.379724979560515
4474,0.5337397314997023,0.27296416545713237,0.19329610304316536
4475,0.20511878411873835,0.2772082734268384,0.5176729424544233
4476,0.18942626921624453,0.2728920896358329,0.5376816411479226
4477,0.11569364469083618,0.19990382662772485,0.684402528681439
4478,0.116349669820522,0.2162938956537274,0.6673564345257507
4479,0.16778423486017724,0.24041287943361095,0.5918028857062119
4480,0.30044763368033234,0.2961903484238628,0.40336201789580484
4481,0.3350114613792098,0.29923765360455784,0.3657508850162324
4482,0.267214288133806,0.27177307558292674,0.46101263628326733
4483,0.3526369271510695,0.2866858431848738,0.36067722966405674
4484,0.372882790955091,0.29324501230968847,0.33387219673522056
4485,0.3497999979516002,0.3072432958427233,0.3429567062056766
4486,0.2626595454887701,0.2945286272211707,0.44281182729005925
4487,0.2506117426754443,0.2675371346918601,0.48185112263269564
4488,0.29649418954524426,0.3061730613357584,0.3973327491189974
4489,0.18379504182615417,0.26737739398911003,0.5488275641847358
4490,0.2135002318927129,0.26165670007241204,0.524843068034875
4491,0.4392404129452942,0.2794193244347525,0.28134026261995343
4492,0.41149870532748845,0.28042924926353313,0.3080720454089784
4493,0.33313235851458683,0.290914371471107,0.3759532700143062
4494,0.1709886076428604,0.2510211296498196,0.5779902627073201
4495,0.12235555970639056,0.21054455248259685,0.6670998878110126
4496,0.4890056016591228,0.26532268479873045,0.24567171354214676
4497,0.342834605936858,0.2756239760949809,0.3815414179681611
4498,0.15177120072156985,0.2384233657798851,0.609805433498545
4499,0.16347842091931805,0.23299209020681372,0.6035294888738683
4500,0.11544417097291085,0.21239413535223509,0.672161693674854
4501,0.3115319723339568,0.292725538764922,0.3957424889011212
4502,0.37581669116862015,0.3050857325745448,0.31909757625683505
4503,0.17739086894947728,0.251657777632479,0.5709513534180437
4504,0.15393102931585306,0.24544262495344854,0.6006263457306984
4505,0.3453186976473194,0.2951778623419621,0.35950344001071854
4506,0.13097063608766563,0.21707436846319278,0.6519549954491416
4507,0.20620915277351956,0.24198843111369756,0.5518024161127829
4508,0.36473130769946416,0.27520120617411903,0.36006748612641687
4509,0.22150555285797138,0.28046007281776086,0.4980343743242678
4510,0.17260881759511013,0.2498591188287147,0.5775320635761751
4511,0.39647521829877674,0.29525628188561676,0.3082684998156066
4512,0.2321941776120713,0.26904258836626765,0.49876323402166106
4513,0.4419565734757759,0.27657703013169066,0.2814663963925334
4514,0.4757711799681692,0.28374858839626194,0.2404802316355689
4515,0.13432268496128527,0.22220577694915805,0.6434715380895567
4516,0.2855605859631214,0.2727786653376547,0.441660748699224
4517,0.41070020672175317,0.2928804680245801,0.29641932525366677
4518,0.3677077097897215,0.2868728699079942,0.34541942030228434
4519,0.5800188171115432,0.24765453020764916,0.17232665268080755
4520,0.14089909246320884,0.22278581823581015,0.6363150893009811
4521,0.25296153448015857,0.29222351242691275,0.4548149530929287
4522,0.2039687710318962,0.2614142008095508,0.5346170281585529
4523,0.22512841892386243,0.27600692035584623,0.4988646607202913
4524,0.17051207594403053,0.25498350684225685,0.5745044172137127
4525,0.14358459142075242,0.2371384471436166,0.619276961435631
4526,0.2023950309376521,0.25996632665559244,0.5376386424067554
4527,0.294994620417861,0.2877574159630779,0.41724796361906125
4528,0.1295848121442394,0.21307074133990223,0.6573444465158584
4529,0.18726920649100778,0.2644263167209576,0.5483044767880346
4530,0.25546758057273944,0.2814111980983054,0.4631212213289551
4531,0.3454990899675658,0.3009843639889977,0.3535165460434366
4532,0.30281282384259944,0.3036093590996114,0.39357781705778916
4533,0.17870759534701675,0.24855912171554362,0.5727332829374396
4534,0.2691938917718826,0.28950111686868674,0.44130499135943074
4535,0.2997424907947232,0.2861893961156856,0.4140681130895913
4536,0.2677922969429214,0.28785746648064586,0.4443502365764327
4537,0.2931542740086523,0.29600135350039364,0.41084437249095407
4538,0.378899746846626,0.2852689277487125,0.33583132540466154
4539,0.1782469797573764,0.25477428591082996,0.5669787343317937
4540,0.35075579212968333,0.2839918925548629,0.36525231531545377
4541,0.4914824317865327,0.2640175182450196,0.2445000499684476
4542,0.12457690030489584,0.21225413179438282,0.6631689679007213
4543,0.2912002606972578,0.2954580024531162,0.41334173684962605
4544,0.47523341203133534,0.27846367996848914,0.2463029080001755
4545,0.36645100506655226,0.2784496049762743,0.35509938995717344
4546,0.22115560400125064,0.2764636650208937,0.5023807309778556
4547,0.2586853618551031,0.2911570376672461,0.4501576004776508
4548,0.17263552321734316,0.25698474386885295,0.570379732913804
4549,0.16758142626227687,0.23964469331559543,0.5927738804221278
4550,0.1835662076751692,0.25215288183225626,0.5642809104925746
4551,0.24323312632833666,0.27416862384648094,0.48259824982518235
4552,0.2037417920630209,0.25253028324771865,0.5437279246892606
4553,0.3141918173083244,0.29458003892257945,0.3912281437690962
4554,0.11887296325380527,0.20041325414839276,0.680713782597802
4555,0.3023230323422324,0.3044565208976491,0.3932204467601186
4556,0.26198378472969697,0.2899541502986527,0.4480620649716503
4557,0.3387555155891872,0.3021129168079888,0.35913156760282405
4558,0.13800892454685906,0.2227993654141128,0.6391917100390282
4559,0.2059908696683344,0.2662252834969001,0.5277838468347655
4560,0.2264003460284668,0.2886891807554162,0.48491047321611697
4561,0.25507522170578534,0.27755454923674555,0.46737022905746917
4562,0.3106887850412112,0.291906306229708,0.3974049087290808
4563,0.14765407191592236,0.24024651313809825,0.6120994149459794
4564,0.2398943155252427,0.27243293986261136,0.48767274461214594
4565,0.24368728862990374,0.27965026382132996,0.4766624475487663
4566,0.23556060438859489,0.2822623645330091,0.48217703107839593
4567,0.362498416290828,0.29616845603168285,0.3413331276774892
4568,0.24855153063639276,0.2775707637654323,0.47387770559817494
4569,0.3157752480287254,0.30518816045064656,0.37903659152062813
4570,0.18117165718898845,0.2578305167917437,0.5609978260192678
4571,0.17486326927009774,0.24721262549651163,0.5779241052333907
4572,0.3052145750145505,0.2785342698739626,0.41625115511148697
4573,0.31355988832652026,0.2980329413459005,0.38840717032757915
4574,0.20325036492151546,0.2677796842119343,0.5289699508665502
4575,0.3445227509969706,0.29410627190779975,0.36137097709522964
4576,0.4232189140478996,0.29632431946376375,0.2804567664883366
4577,0.4434925263803088,0.27433568075898157,0.28217179286070976
4578,0.29096528301782804,0.2848318857451241,0.42420283123704794
4579,0.37590940716414967,0.2759554013333737,0.3481351915024766
4580,0.3172538367692458,0.3068062116503344,0.3759399515804199
4581,0.24462212185750257,0.2832515963139601,0.47212628182853733
4582,0.21128625839775655,0.2715275734931505,0.5171861681090929
4583,0.25782442071134554,0.28180694175695287,0.4603686375317017
4584,0.3807746058313327,0.27706868535754753,0.3421567088111197
4585,0.22041262716178509,0.2815078458021966,0.4980795270360184
4586,0.22264694605809385,0.27423715909878166,0.5031158948431245
4587,0.28919918830634905,0.3064643164022628,0.40433649529138815
4588,0.20068110629051103,0.2458307662988966,0.5534881274105924
4589,0.2512290209748126,0.2845433219532871,0.46422765707190033
4590,0.25857960364190874,0.28981486320195365,0.4516055331561376
4591,0.2842623594462622,0.3012124121261198,0.41452522842761796
4592,0.36382439808138,0.2936595153334175,0.3425160865852025
4593,0.1920975842717168,0.28113268383973705,0.5267697318885463
4594,0.2847327331631116,0.303688004747317,0.4115792620895714
4595,0.11519976976807271,0.20498582754666256,0.6798144026852647
4596,0.3508927558940586,0.2755153858379713,0.3735918582679702
4597,0.3517843924976501,0.2898231611241807,0.35839244637816925
4598,0.20647029425593416,0.2681226618211953,0.5254070439228706
4599,0.14946581560474678,0.2425346076755135,0.6079995767197397
4600,0.4866817432570866,0.26425104830056184,0.2490672084423516
4601,0.3342688282978378,0.2965413423520195,0.3691898293501427
4602,0.33096374682870827,0.2991432728265457,0.3698929803447461
4603,0.3239168616531722,0.27086023933168724,0.4052228990151406
4604,0.1920129562191888,0.26128749304667076,0.5466995507341406
4605,0.20369274542338367,0.261184085402677,0.5351231691739393
4606,0.35827289658989303,0.3114571487581769,0.3302699546519301
4607,0.2676778909010465,0.28910875316490575,0.4432133559340478
4608,0.2757675327681089,0.28826275272445234,0.4359697145074389
4609,0.13073029043813292,0.2293513291969677,0.6399183803648995
4610,0.3357446806455386,0.30453983529756923,0.3597154840568923
4611,0.2818352915196495,0.2818428926708062,0.4363218158095443
4612,0.3749870207710445,0.2935230407930981,0.33148993843585745
4613,0.2410796458612011,0.28639021373953816,0.4725301403992607
4614,0.17539845575219096,0.2561696565291254,0.5684318877186837
4615,0.18653074369216635,0.2584731378758366,0.554996118431997
4616,0.12813832469967992,0.21876022808127263,0.6531014472190475
4617,0.2707362132394352,0.29044676351428134,0.43881702324628347
4618,0.33395037473856276,0.28675104830868836,0.3792985769527489
4619,0.23757867658347864,0.2890403353245167,0.4733809880920047
4620,0.2395464652600907,0.27885130331888563,0.48160223142102365
4621,0.3125586827470353,0.3080973459174488,0.3793439713355159
4622,0.17067581429576056,0.25058039315174824,0.5787437925524912
4623,0.32914126292180756,0.28943936589539054,0.3814193711828019
4624,0.19975365377339557,0.26450881730020315,0.5357375289264013
4625,0.4287309061429009,0.29269672097634536,0.27857237288075376
4626,0.4040089176432057,0.2708271928962255,0.3251638894605688
4627,0.2382905432990547,0.271069861420272,0.4906395952806733
4628,0.3890089898144343,0.2905489010480044,0.32044210913756127
4629,0.16395355820812166,0.2550563293483012,0.5809901124435771
4630,0.2685786125124359,0.2972713219991486,0.43415006548841556
4631,0.3082339840933225,0.2932979034868783,0.39846811241979924
4632,0.2426524014669078,0.28590318166803524,0.47144441686505695
4633,0.12402572326784364,0.21918021373859103,0.6567940629935654
4634,0.3901849593112933,0.2963773525579242,0.3134376881307825
4635,0.24330401097476093,0.27237073875755924,0.48432525026767975
4636,0.20516253208281215,0.2621398908006643,0.5326975771165235
4637,0.2828038322935317,0.29867216840120825,0.41852399930526013
4638,0.2937122690173196,0.2863104536409647,0.41997727734171575
4639,0.16723096425876344,0.2585420955304652,0.5742269402107715
4640,0.34508648602091097,0.2996476823374775,0.35526583164161146
4641,0.2272277824026891,0.2835776431629922,0.4891945744343187
4642,0.2114431493722584,0.2720573003733104,0.5164995502544313
4643,0.1752977098919457,0.2532641883142067,0.5714381017938476
4644,0.4079714882127933,0.29409034280785473,0.297938168979352
4645,0.3744466520541277,0.30045344500465465,0.32509990294121766
4646,0.18366929685380354,0.24989482729990406,0.5664358758462924
4647,0.21125483430379152,0.25834068185543624,0.5304044838407722
4648,0.19667771022333097,0.2514043036519812,0.5519179861246879
4649,0.20650332056932497,0.275085009480878,0.5184116699497971
4650,0.20090289195894223,0.26597989281694534,0.5331172152241125
4651,0.23787613258653167,0.27478523531366966,0.48733863209979866
4652,0.2187783857157867,0.28752547898319075,0.4936961353010226
4653,0.275350878490427,0.27970026932325,0.44494885218632296
4654,0.44560394650160806,0.27988059383160047,0.2745154596667915
4655,0.21555611751736709,0.27130693587105287,0.5131369466115802
4656,0.27294481823489647,0.3064206011023256,0.42063458066277803
4657,0.16752547874200602,0.24515128551753476,0.5873232357404592
4658,0.2866362302000783,0.3068796358076421,0.4064841339922797
4659,0.32787128918570746,0.30236848252798854,0.36976022828630406
4660,0.14820867723438927,0.23388928984593266,0.6179020329196782
4661,0.37336349969621496,0.3117031493442527,0.3149333509595323
4662,0.3988453141074841,0.2772001026919393,0.32395458320057674
4663,0.29964675254386675,0.3003910074441869,0.39996224001194636
4664,0.1686995163213934,0.24735577498839226,0.5839447086902144
4665,0.14840376342208655,0.23394873002733566,0.6176475065505778
4666,0.2974983823545119,0.2896817655741801,0.412819852071308
4667,0.23055400890718394,0.2734299839603834,0.4960160071324326
4668,0.17114658818585443,0.2569357365687605,0.5719176752453852
4669,0.2115905917601506,0.28129710983219625,0.5071122984076533
4670,0.3707210475903797,0.2967389594512631,0.3325399929583572
4671,0.2030095513802464,0.2720048162288866,0.5249856323908669
4672,0.2548414178832928,0.30195955490553733,0.4431990272111698
4673,0.23570514772616136,0.27482949567718,0.4894653565966585
4674,0.18353427743026826,0.2597926377636365,0.5566730848060952
4675,0.1438926172862053,0.22363053337633323,0.6324768493374615
4676,0.17592457957208632,0.2519041224804709,0.5721712979474429
4677,0.3788523525051414,0.28170267366607094,0.3394449738287877
4678,0.2783467155701924,0.2899679235933216,0.431685360836486
4679,0.25772421760884223,0.3055199815729815,0.43675580081817633
4680,0.18042978977675997,0.2645911850527187,0.5549790251705213
4681,0.2542473249044824,0.28789038420520335,0.4578622908903143
4682,0.24890210863889134,0.29106384721214645,0.46003404414896226
4683,0.15878427964414177,0.23956287660856943,0.6016528437472889
4684,0.2847652021106084,0.31818183847881726,0.39705295941057445
4685,0.5286412914242453,0.25313073744703574,0.2182279711287189
4686,0.13856732054158433,0.22050335510612173,0.640929324352294
4687,0.248149433512063,0.27726857877859634,0.4745819877093407
4688,0.2902817512584089,0.303375450038872,0.40634279870271917
4689,0.3336574045274326,0.2978652138882444,0.3684773815843231
4690,0.32200920888585877,0.2996718325928111,0.3783189585213302
4691,0.19889912281166816,0.26981823088868034,0.5312826462996515
4692,0.2774999767739629,0.3011904928275607,0.42130953039847635
4693,0.19140102224324546,0.2721238931479467,0.5364750846088078
4694,0.0925391020039685,0.18957391425183762,0.7178869837441939
4695,0.34272761252313966,0.3023305081463431,0.35494187933051724
4696,0.2091358835842286,0.25568609070623805,0.5351780257095333
4697,0.48003331264604643,0.27068025028769693,0.24928643706625658
4698,0.15100129504810986,0.2322749476844793,0.6167237572674109
4699,0.30340196611063386,0.2985133985507598,0.3980846353386063
4700,0.3933183323469337,0.29380275701968467,0.31287891063338175
4701,0.3320041472408005,0.3073239313847912,0.3606719213744084
4702,0.43866289957575333,0.27378242194539415,0.2875546784788525
4703,0.3512683011500392,0.290625341118593,0.35810635773136784
4704,0.16284848238671307,0.2506234105259236,0.5865281070873635
4705,0.4198332317568495,0.2986554588438975,0.281511309399253
4706,0.21837340347076356,0.2865259308265052,0.4951006657027312
4707,0.34040164329456013,0.30158260596045255,0.3580157507449872
4708,0.16804528379076594,0.25043781420470107,0.5815169020045331
4709,0.30861619027018816,0.28860085431379945,0.4027829554160124
4710,0.15996029650818974,0.23456979841111256,0.6054699050806978
4711,0.11400175761180802,0.21307716594171006,0.6729210764464819
4712,0.23772640368912787,0.2837314515476528,0.4785421447632194
4713,0.1214962998889145,0.2242336448278443,0.6542700552832412
4714,0.16231420520788759,0.24424566426942906,0.5934401305226833
4715,0.16842062644588882,0.22599066273118495,0.6055887108229263
4716,0.21106979881915222,0.27239586950444994,0.516534331676398
4717,0.4191535418599287,0.28208605347790844,0.2987604046621629
4718,0.18028937039502774,0.25795044201369416,0.5617601875912781
4719,0.2784166935225278,0.3029671598918702,0.4186161465856021
4720,0.28854569902409744,0.28988249686130596,0.42157180411459655
4721,0.22133843274743553,0.28503640947985937,0.49362515777270516
4722,0.23130866564228297,0.26456124360080646,0.5041300907569106
4723,0.48122673740693306,0.2773917290316247,0.2413815335614422
4724,0.45326201189306037,0.28146935465180684,0.2652686334551328
4725,0.25272217549289877,0.28988486303440386,0.45739296147269737
4726,0.19928631853524062,0.2525846285627962,0.5481290529019632
4727,0.30039038921866085,0.294130721578551,0.4054788892027882
4728,0.15789666456772267,0.2334369467822844,0.6086663886499929
4729,0.16666757945384522,0.23829544203923056,0.5950369785069242
4730,0.3473006877444553,0.2954247166549814,0.35727459560056335
4731,0.20227405643529073,0.2764140629823971,0.5213118805823121
4732,0.12405237813773859,0.21324171989980653,0.6627059019624548
4733,0.38659234401029247,0.27840271030436803,0.3350049456853395
4734,0.11894916220691269,0.2087352716031476,0.6723155661899398
4735,0.128838531313986,0.2221522245085162,0.6490092441774977
4736,0.43797785287483065,0.3031005020507447,0.25892164507442467
4737,0.31379595192965193,0.3002338164300998,0.38597023164024835
4738,0.22200432039412288,0.2736636170158553,0.5043320625900218
4739,0.4414376916121693,0.2843168391862071,0.2742454692016237
4740,0.17835425479606468,0.2512801266815258,0.5703656185224096
4741,0.27085663771065044,0.29977975346373603,0.4293636088256136
4742,0.18764848194248707,0.2566843750721779,0.555667142985335
4743,0.2376026467536402,0.2644224499865707,0.49797490325978905
4744,0.371432349724234,0.2813818589417471,0.34718579133401894
4745,0.33989132195766397,0.29715154187755377,0.3629571361647823
4746,0.3035700664808008,0.29740013188852954,0.39902980163066964
4747,0.36185647608513266,0.29362149612716654,0.3445220277877008
4748,0.3106017036883365,0.282109044252726,0.40728925205893757
4749,0.20533131409281064,0.2687567780699217,0.5259119078372676
4750,0.19568566891658593,0.27628739485279413,0.5280269362306199
4751,0.15777497175250665,0.23400064246406363,0.6082243857834297
4752,0.3087589089165482,0.30013618799015124,0.3911049030933006
4753,0.3341965596412175,0.28878224267315294,0.3770211976856295
4754,0.45945875182491236,0.27885085311653385,0.2616903950585538
4755,0.24575681321382675,0.2647850312137668,0.48945815557240646
4756,0.08098780531884296,0.16437548464336812,0.754636710037789
4757,0.0942898081245773,0.17127745942242154,0.7344327324530012
4758,0.19476179667556598,0.2662581527495617,0.5389800505748723
4759,0.21897218967429116,0.25258162058729644,0.5284461897384125
4760,0.22845100544529373,0.2744663232415923,0.49708267131311396
4761,0.11156926888550837,0.19920010179345754,0.6892306293210341
4762,0.3418722959927376,0.2682152637196919,0.3899124402875706
4763,0.42919047212387273,0.28825197521051465,0.2825575526656126
4764,0.2653433971116594,0.2928324656643828,0.4418241372239578
4765,0.3547340521649636,0.27513095335286714,0.3701349944821693
4766,0.17007703877947178,0.24780969370169953,0.5821132675188287
4767,0.33103811163976926,0.2815691362559486,0.38739275210428215
4768,0.24211278136805553,0.26846344488894275,0.4894237737430018
4769,0.265196526707144,0.28053284701877856,0.4542706262740775
4770,0.15829119164061023,0.23467678426513672,0.6070320240942532
4771,0.28345149527883523,0.30026306756348903,0.4162854371576758
4772,0.1702023371158112,0.23315260496396928,0.5966450579202196
4773,0.16517182697832375,0.23466106549952293,0.6001671075221534
4774,0.6177634352012453,0.22923319311468293,0.15300337168407163
4775,0.292366518690215,0.27807799185423177,0.4295554894555533
4776,0.2635993720013888,0.29053122949874394,0.4458693984998673
4777,0.2901819673115404,0.2947778931544045,0.4150401395340552
4778,0.2452370841536231,0.27280473668805905,0.4819581791583179
4779,0.3247853943310067,0.28568037034625215,0.3895342353227411
4780,0.23220081245700405,0.2497914279493962,0.5180077595935998
4781,0.3160395746099871,0.29433470882931534,0.3896257165606975
4782,0.09241508535857472,0.18234293783324954,0.7252419768081757
4783,0.13081826508080696,0.21738453120240037,0.6517972037167927
4784,0.09130054901067886,0.16549988985071545,0.7431995611386057
4785,0.22541831181519578,0.2779298419971151,0.4966518461876891
4786,0.41501989249293086,0.28835851116493716,0.2966215963421321
4787,0.16145343301785214,0.22927195033963463,0.6092746166425133
4788,0.4098488309032499,0.2823006092243532,0.307850559872397
4789,0.31377104154437074,0.27637792882841566,0.4098510296272136
4790,0.32966581569522235,0.28440154658019906,0.38593263772457864
4791,0.1960963418960207,0.25973815969187186,0.5441654984121075
4792,0.4117629939395598,0.294773033741299,0.29346397231914123
4793,0.3977176808607499,0.2830529873242944,0.31922933181495566
4794,0.29587618127455617,0.2668773102844725,0.4372465084409714
4795,0.14603261686387894,0.2289651437818058,0.6250022393543152
4796,0.44538598403472707,0.2756376419330345,0.27897637403223846
4797,0.3503017899301148,0.2880825238591418,0.3616156862107435
4798,0.22503022087878782,0.27135757817911915,0.503612200942093
4799,0.5069806807400841,0.2621363664623674,0.2308829527975486
4800,0.1588518619112864,0.25427943723457214,0.5868687008541414
4801,0.13730042913289944,0.2260513351203874,0.6366482357467133
4802,0.204479868307688,0.2501224958533251,0.5453976358389869
4803,0.10092876784924736,0.18711259626777282,0.7119586358829799
4804,0.3828450336792395,0.29019280360129773,0.32696216271946277
4805,0.2412792135510114,0.2914548385775294,0.4672659478714592
4806,0.22804530906743095,0.2725566937857597,0.4993979971468093
4807,0.32320880209236974,0.290417594247706,0.38637360365992424
4808,0.31752585111237713,0.29568577538181184,0.38678837350581113
4809,0.34716747847915486,0.30939299256476493,0.3434395289560803
4810,0.15534189266454682,0.23237753440918368,0.6122805729262695
4811,0.32009089521624035,0.29056302284048413,0.3893460819432756
4812,0.263429501559842,0.2889203431678011,0.447650155272357
4813,0.2945915901528091,0.27515874363104575,0.43024966621614513
4814,0.2917411495028508,0.2958368729776474,0.41242197751950177
4815,0.3881568588692509,0.28937468115584963,0.3224684599748996
4816,0.20205868240556657,0.26061288026175644,0.537328437332677
4817,0.4289812680431219,0.27974984084012117,0.2912688911167569
4818,0.3038816267046209,0.30844381625341905,0.38767455704196013
4819,0.24455907483907255,0.29635316987499155,0.459087755285936
4820,0.0953355180539025,0.1836068173741186,0.7210576645719788
4821,0.14630745281515872,0.22712880557950318,0.6265637416053381
4822,0.24909580318264862,0.287245811271779,0.4636583855455723
4823,0.06225522824270492,0.14924383849536454,0.7885009332619306
4824,0.11419469779664167,0.19388531832917874,0.6919199838741796
4825,0.4057924139283533,0.28856440053219135,0.3056431855394553
4826,0.2543470575565257,0.2864432300516736,0.4592097123918008
4827,0.3370930682516538,0.2923970113936686,0.37050992035467767
4828,0.31500747342218677,0.279599205522534,0.4053933210552793
4829,0.2817110702438474,0.28629591331860216,0.43199301643755045
4830,0.3299335761576332,0.2942791055476534,0.37578731829471346
4831,0.27858190610689454,0.29236281113152573,0.4290552827615797
4832,0.1439282284602012,0.2357003500016978,0.620371421538101
4833,0.3288322653147216,0.28698340302047665,0.38418433166480176
4834,0.26017060222223265,0.28269234879884025,0.45713704897892715
4835,0.11831871911123872,0.21383126670831748,0.6678500141804439
4836,0.29690828337191094,0.282104755710647,0.420986960917442
4837,0.3008680383382159,0.29115432972805483,0.40797763193372927
4838,0.13100539551238133,0.21617436086989583,0.6528202436177228
4839,0.250456792548722,0.2862618099633507,0.4632813974879273
4840,0.25657669336473127,0.29454477379946353,0.4488785328358052
4841,0.38718392043630934,0.2961833116182688,0.3166327679454219
4842,0.30074744074129445,0.29028793490766763,0.408964624351038
4843,0.21779246340312505,0.24988227318365783,0.5323252634132172
4844,0.23837245117682296,0.28886607389228003,0.47276147493089704
4845,0.19995565615001407,0.26429847986497074,0.5357458639850152
4846,0.3180952468060644,0.2952360310209856,0.38666872217295
4847,0.2565054541310264,0.29764286179388594,0.44585168407508774
4848,0.42225723569103285,0.2714023324086664,0.30634043190030075
4849,0.5583704260079907,0.25108656580574074,0.19054300818626857
4850,0.24969810300024506,0.2845132854658077,0.46578861153394724
4851,0.18281687834679497,0.24406274401706124,0.5731203776361438
4852,0.13763054244286363,0.2340966013611396,0.6282728561959968
4853,0.27883771372585564,0.276392148998596,0.44477013727554837
4854,0.15925500304119905,0.2384548543142439,0.6022901426445572
4855,0.20341566947129724,0.2760478570431259,0.5205364734855769
4856,0.102033635269757,0.19479237545320938,0.7031739892770337
4857,0.23810489915894612,0.2753659619823513,0.4865291388587026
4858,0.22978805136165517,0.27594953786280885,0.49426241077553595
4859,0.06426162843506966,0.1455826390049912,0.7901557325599391
4860,0.18525857524549977,0.2575703965248615,0.5571710282296387
4861,0.3059493472721931,0.3034926413044158,0.3905580114233912
4862,0.24959819040417738,0.2964751666797459,0.4539266429160767
4863,0.23463040514612898,0.27349408238223394,0.4918755124716371
4864,0.6220507958118681,0.23150771730824604,0.14644148687988584
4865,0.2824624820861763,0.29051163514827744,0.42702588276554637
4866,0.35197588201895896,0.29588496852778934,0.35213914945325175
4867,0.24115474853864952,0.2798210522815784,0.47902419917977224
4868,0.31166652612368123,0.2947000412127341,0.3936334326635846
4869,0.21963076260390174,0.26540271418230005,0.5149665232137982
4870,0.23995809973108617,0.26915699396193854,0.4908849063069753
4871,0.3216012862939429,0.29257503337316204,0.38582368033289505
4872,0.41677801779940393,0.27171200720147715,0.311509974999119
4873,0.29465210085058524,0.29395458857849516,0.4113933105709197
4874,0.23681231221578383,0.2990297924243256,0.46415789535989066
4875,0.08534716588486001,0.16937983687915303,0.745272997235987
4876,0.43782173943349056,0.27505223453837757,0.2871260260281319
4877,0.16304995916052673,0.249317662189215,0.5876323786502583
4878,0.2352183816415419,0.2868583355355661,0.47792328282289204
4879,0.1904346009559756,0.2515977629137791,0.5579676361302452
4880,0.1951225899929361,0.2769998510427954,0.5278775589642686
4881,0.14671966965159633,0.24572103890955158,0.6075592914388521
4882,0.36511732185979506,0.2817283580019699,0.3531543201382351
4883,0.09638580930833496,0.1771174644428408,0.7264967262488242
4884,0.28675558971864656,0.3065427884214508,0.40670162185990266
4885,0.40123022633552247,0.2904444700317687,0.3083253036327089
4886,0.16949670284847176,0.2436548714869192,0.586848425664609
4887,0.6474211398733454,0.20772216353389245,0.14485669659276218
4888,0.49990997871346465,0.2579152987145036,0.24217472257203174
4889,0.3449642339890714,0.27838247587116366,0.37665329013976495
4890,0.09164745729247444,0.17539504779782655,0.7329574949096991
4891,0.08664966729605228,0.17830655739013032,0.7350437753138174
4892,0.4604538548621987,0.2755776012264426,0.26396854391135877
4893,0.19462137826826806,0.2651662016343471,0.5402124200973849
4894,0.3482370222951719,0.2714969258869352,0.38026605181789286
4895,0.483346065125933,0.28608071435355875,0.23057322052050822
4896,0.19440509246177368,0.2626160469415109,0.5429788605967154
4897,0.2835822090548112,0.3068101188396333,0.4096076721055555
4898,0.27669702742315233,0.31313276754205926,0.41017020503478846
4899,0.22069946825607004,0.26989211697074544,0.5094084147731845
4900,0.11856056191885321,0.19381534918079588,0.687624088900351
4901,0.1478616101980471,0.244433154257412,0.6077052355445409
4902,0.18881043122225896,0.2579323024269737,0.5532572663507674
4903,0.15987118745749704,0.23576633417291254,0.6043624783695905
4904,0.353562315857221,0.2705117713277791,0.37592591281499993
4905,0.16071490722905835,0.25367600742095997,0.5856090853499817
4906,0.16687807273024252,0.2549226133452066,0.5781993139245509
4907,0.1818312288152052,0.26043461128594625,0.5577341598988487
4908,0.43214749380033723,0.24772613925015322,0.3201263669495096
4909,0.3583117875022487,0.29210738296308164,0.3495808295346698
4910,0.2676154085931855,0.2781318313352643,0.4542527600715502
4911,0.2548822734477025,0.2949554276683645,0.45016229888393305
4912,0.3675515436704176,0.2903693477136014,0.3420791086159811
4913,0.30909513366919245,0.30455659914320465,0.3863482671876029
4914,0.13804674956082247,0.20169436611906966,0.6602588843201079
4915,0.33602005463780826,0.28924334355570175,0.37473660180649
4916,0.4321125821367081,0.28705824722067785,0.2808291706426141
4917,0.2935003496219874,0.28705295025027633,0.4194467001277363
4918,0.326296788423981,0.27793496676871843,0.3957682448073006
4919,0.32804423866405213,0.28553553300717344,0.3864202283287745
4920,0.25982793359961487,0.2825260025690329,0.4576460638313523
4921,0.24453076518182418,0.27615844345955626,0.47931079135861954
4922,0.28570865766622483,0.30081841039077206,0.4134729319430031
4923,0.3245609676109711,0.2925759224146142,0.3828631099744148
4924,0.09620453576452255,0.17657703686682943,0.7272184273686481
4925,0.2375212908494435,0.2747520320094064,0.48772667714115014
4926,0.36132812628153416,0.26946633975554096,0.3692055339629248
4927,0.08940461337938392,0.17735814245552683,0.7332372441650893
4928,0.1887821973054144,0.2547846954022331,0.5564331072923526
4929,0.3947898349349549,0.28166746438200707,0.32354270068303803
4930,0.195197627894125,0.2472473741614905,0.5575549979443846
4931,0.20314115969237445,0.25293781651532,0.5439210237923057
4932,0.4748909326122157,0.28383947420133193,0.2412695931864523
4933,0.15861486556178597,0.24061675091353854,0.6007683835246755
4934,0.19760640702382043,0.2708837105354346,0.5315098824407449
4935,0.2512318778709349,0.28142387766995197,0.46734424445911316
4936,0.3957059533544023,0.2768968710105394,0.3273971756350583
4937,0.47920362873942934,0.2622308349430619,0.2585655363175087
4938,0.3093437638870075,0.2910609594025872,0.3995952767104053
4939,0.36100694578299863,0.2751228072002775,0.3638702470167239
4940,0.32589030685890197,0.29803687063318046,0.3760728225079176
4941,0.20410256860637024,0.2671832527683146,0.5287141786253152
4942,0.25497297318622436,0.2851934450078123,0.4598335818059633
4943,0.2391263644481528,0.2778370691514446,0.48303656640040254
4944,0.367389635176986,0.29566942420191483,0.3369409406210992
4945,0.2529605662343762,0.29281253511498634,0.45422689865063753
4946,0.4191378290693699,0.2680980611490453,0.3127641097815849
4947,0.1722624332929374,0.24477760865654888,0.5829599580505137
4948,0.30457103265821805,0.2792571888247143,0.41617177851706766
4949,0.2984756506288901,0.2766008306191596,0.4249235187519504
4950,0.1518893909914555,0.22456054753358798,0.6235500614749566
4951,0.3679027274896523,0.2902845020600693,0.3418127704502784
4952,0.30930076862882444,0.2813858749990604,0.409313356372115
4953,0.31612372682004264,0.2681892651368626,0.4156870080430948
4954,0.13724244177799627,0.21512165271273392,0.6476359055092697
4955,0.28876833596553453,0.295818749333148,0.4154129147013174
4956,0.2360282977982741,0.2767949362616527,0.48717676594007314
4957,0.14287112774700722,0.22363152642201575,0.633497345830977
4958,0.4390279830365513,0.2697214594519167,0.291250557511532
4959,0.2598948210802766,0.2953781563373615,0.4447270225823619
4960,0.24845218555141846,0.28020577172957417,0.4713420427190074
4961,0.20784087661659845,0.2516608159142367,0.5404983074691648
4962,0.2626534059847645,0.279160519717626,0.4581860742976095
4963,0.3429958897262314,0.29253919666569356,0.3644649136080751
4964,0.24669051867654712,0.27982744459355546,0.47348203672989736
4965,0.25361540774431723,0.26979551829104353,0.4765890739646393
4966,0.3127723217801808,0.3056261764829059,0.3816015017369133
4967,0.4481241722798742,0.2710225508535891,0.28085327686653666
4968,0.25483869060040654,0.29838545586751886,0.44677585353207466
4969,0.21158259270752588,0.2791942886892318,0.5092231186032423
4970,0.28219825318790076,0.2873676039118076,0.4304341429002916
4971,0.379985330426829,0.29646067209001764,0.3235539974831534
4972,0.2222254898002849,0.28093465533228695,0.49683985486742815
4973,0.2545336102698353,0.26123522320664977,0.4842311665235149
4974,0.18221255458243882,0.2510816209600137,0.5667058244575476
4975,0.2015353620039254,0.25325327674706616,0.5452113612490085
4976,0.19633198809143146,0.2493576982012484,0.5543103137073202
4977,0.2363948133393962,0.26513498543107,0.49847020122953384
4978,0.16630780610638785,0.24238877116323906,0.5913034227303732
4979,0.1830481444696098,0.2631523436820339,0.5537995118483564
4980,0.18655289981769155,0.24528515295807646,0.5681619472242321
4981,0.3583217551986432,0.28919304993240585,0.352485194868951
4982,0.5503445524979954,0.25271840675823554,0.19693704074376917
4983,0.13129405200848404,0.22302760444372338,0.6456783435477925
4984,0.20307819283152256,0.26908673063826666,0.5278350765302108
4985,0.31330590316011103,0.2790411818543952,0.40765291498549383
4986,0.37811207596098934,0.27465992464033795,0.3472279993986728
4987,0.1613160660069381,0.2510041074406774,0.5876798265523845
4988,0.2826825948682511,0.29382818023810053,0.42348922489364843
4989,0.2672561820674637,0.2904572020690841,0.44228661586345214
4990,0.26613837360861553,0.28069729756917905,0.4531643288222054
4991,0.18028309925020636,0.23486714308901444,0.5848497576607793
4992,0.34191114929626887,0.30018541216542316,0.3579034385383081
4993,0.16690184585418297,0.23923541036578067,0.5938627437800365
4994,0.3732891630596058,0.29219624731515786,0.3345145896252363
4995,0.22252051667722675,0.2777312715866779,0.49974821173609535
4996,0.17076059279451877,0.22880036237549498,0.6004390448299862
4997,0.34031447734934483,0.286924634216294,0.3727608884343613
4998,0.32725027391454337,0.2813461953271512,0.3914035307583055
4999,0.18999567607061102,0.25471626514011836,0.5552880587892706
5000,0.2468419828899456,0.2772646599428291,0.47589335716722525
5001,0.3992480551590035,0.2864044421609012,0.31434750268009515
5002,0.1837192689167224,0.24931527565049344,0.5669654554327842
5003,0.10962297807981818,0.19048112534083378,0.699895896579348
5004,0.33286790544082273,0.30659692420169754,0.3605351703574797
5005,0.3262132838458434,0.27574779974865204,0.39803891640550454
5006,0.2138747306925588,0.25458777375612623,0.5315374955513149
5007,0.3140489071069951,0.2930248950466527,0.39292619784635224
5008,0.23854323115710802,0.28233603329665696,0.47912073554623513
5009,0.1889163408115225,0.24731019746418842,0.5637734617242891
5010,0.3633527123036474,0.2953157028038908,0.34133158489246185
5011,0.32769785913142424,0.2978944887299077,0.37440765213866806
5012,0.18390607396253303,0.2610893194362191,0.555004606601248
5013,0.3017757843795545,0.28243547326484864,0.4157887423555969
5014,0.4664554680036196,0.2780851187465765,0.255459413249804
5015,0.2828167728993757,0.2735533674263483,0.4436298596742761
5016,0.271452265877307,0.28103534625198207,0.44751238787071096
5017,0.3094081327655275,0.30140107092968427,0.38919079630478826
5018,0.212552919553946,0.27334667638857446,0.5141004040574796
5019,0.18608951397073753,0.2508378459649184,0.563072640064344
5020,0.2606967371606464,0.2842314550554651,0.45507180778388845
5021,0.19830853331792947,0.27946994167552147,0.5222215250065491
5022,0.35038945116480386,0.2933340998401922,0.35627644899500405
5023,0.24188494443802142,0.26959413988527403,0.48852091567670464
5024,0.5082846331797813,0.25621562927301367,0.23549973754720493
5025,0.1564189530455812,0.2386208799486504,0.6049601670057685
5026,0.23314695878247588,0.28458938551082497,0.4822636557066991
5027,0.3940892435404637,0.28826989559584953,0.31764086086368687
5028,0.3054628946239785,0.2726189599663924,0.4219181454096292
5029,0.3060936712362893,0.28838952815182345,0.40551680061188733
5030,0.20127822831836642,0.255295737984012,0.5434260336976215
5031,0.12910043496320242,0.2111994004240895,0.6597001646127081
5032,0.3538521970784093,0.2968440362247084,0.34930376669688235
5033,0.2626214422448576,0.3047322872544574,0.43264627050068505
5034,0.26753661035617016,0.2866301260325567,0.4458332636112732
5035,0.16989287510835988,0.2519283771055437,0.5781787477860963
5036,0.26506457254702165,0.28109056474412464,0.45384486270885366
5037,0.35799378861849773,0.29912279090894,0.3428834204725623
5038,0.2975519002502748,0.2982971390145199,0.40415096073520546
5039,0.32007071961088085,0.27769637231604527,0.4022329080730739
5040,0.2628967245390352,0.2997492587200228,0.437354016740942
5041,0.15186904992519576,0.23775620786925908,0.6103747422055452
5042,0.1957996352856729,0.2552217995299613,0.5489785651843657
5043,0.3548115086288778,0.28373327325078856,0.3614552181203336
5044,0.44434363171572716,0.28993119832103575,0.2657251699632372
5045,0.22773503339046947,0.26835272052470793,0.5039122460848225
5046,0.41926174093321933,0.2776046557535273,0.30313360331325356
5047,0.3670743961344859,0.29699741107972316,0.3359281927857909
5048,0.25296611260829543,0.3050196724350444,0.4420142149566602
5049,0.2169641455536419,0.276554972986396,0.5064808814599621
5050,0.23454324173407182,0.2820348732636384,0.4834218850022897
5051,0.32232363279516596,0.2899572472347246,0.38771911997010944
5052,0.3495053796693964,0.28232384653287756,0.36817077379772595
5053,0.23072222185347888,0.2725763450296164,0.4967014331169047
5054,0.11696828769587868,0.20655893979835635,0.676472772505765
5055,0.16279941600319064,0.23490159572502517,0.6022989882717842
5056,0.1926789871495469,0.2572989042948272,0.5500221085556258
5057,0.2286088123855329,0.26735300256519634,0.5040381850492708
5058,0.3605079444005326,0.2885085038288115,0.35098355177065593
5059,0.19124509394640135,0.26259363983466205,0.5461612662189367
5060,0.2328347391382897,0.292274829051781,0.47489043180992935
5061,0.1988228578795105,0.27843104320540496,0.5227460989150845
5062,0.20619170086577204,0.265364252558521,0.528444046575707
5063,0.4404681022264813,0.2783588767290608,0.2811730210444579
5064,0.4141377188501564,0.2586949940774316,0.327167287072412
5065,0.10062054982021966,0.1925145744926606,0.7068648756871198
5066,0.17612730821742642,0.2328263280482808,0.5910463637342929
5067,0.10937755960478243,0.19698962275147167,0.6936328176437458
5068,0.2438899561559112,0.28475032464956146,0.4713597191945274
5069,0.2434711782070748,0.29783196126620287,0.45869686052672237
5070,0.19688854616605608,0.2423330551383267,0.5607783986956172
5071,0.10145725357341606,0.18659053405928233,0.7119522123673016
5072,0.22253584759825748,0.2778377229011334,0.49962642950060915
5073,0.41785892932081165,0.28770703234871814,0.29443403833047027
5074,0.3381053156388648,0.2861500732531333,0.3757446111080019
5075,0.27660194020768514,0.3104185189797128,0.4129795408126021
5076,0.2973608101970367,0.30139970767254615,0.40123948213041716
5077,0.1792367215679675,0.24471290083386635,0.5760503775981662
5078,0.2504564407123113,0.2835624886376745,0.46598107065001415
5079,0.2790056825426153,0.2582578769277649,0.4627364405296198
5080,0.4948747605008184,0.27470267580260493,0.23042256369657665
5081,0.3356529442840308,0.3066602763398508,0.35768677937611837
5082,0.1566686735832637,0.23304996427589172,0.6102813621408446
5083,0.29503328674798834,0.28112980223759865,0.423836911014413
5084,0.4298719140687545,0.27689603216791153,0.293232053763334
5085,0.24730265056056194,0.29005767828356754,0.4626396711558705
5086,0.21579235338011893,0.25797801470101867,0.5262296319188625
5087,0.19624994193907558,0.27142589549024587,0.5323241625706785
5088,0.25462639917488117,0.28068258176623295,0.4646910190588859
5089,0.1583689797133953,0.24413934932654546,0.5974916709600593
5090,0.22143959741154456,0.25826407723911665,0.5202963253493388
5091,0.2305812231332142,0.28949252585124857,0.4799262510155372
5092,0.24009745344266217,0.28386150042824837,0.4760410461290895
5093,0.25723916213275855,0.26514153647929917,0.4776193013879423
5094,0.3426632675846745,0.2871199124004352,0.37021682001489026
5095,0.468770338184779,0.26725248714637795,0.2639771746688431
5096,0.259714684656472,0.27003096452535436,0.4702543508181737
5097,0.2944458015015273,0.28957206229056665,0.4159821362079061
5098,0.20657010976748622,0.27477049064026726,0.5186593995922466
5099,0.36834843893968305,0.2865100360995172,0.34514152496079975
5100,0.23778374705653302,0.2833025552078914,0.4789136977355756
5101,0.09759293155403319,0.18269110912323586,0.719715959322731
5102,0.2659550051176191,0.28732296472929636,0.4467220301530845
5103,0.2962079129195381,0.28480660247356065,0.41898548460690127
5104,0.300747615215955,0.2958863188608063,0.4033660659232387
5105,0.28979489624167937,0.2885684788698723,0.4216366248884484
5106,0.22519221187770255,0.27937834372476306,0.49542944439753445
5107,0.12232514378961697,0.20046240548907965,0.6772124507213033
5108,0.2841391724347463,0.2765315321525195,0.43932929541273424
5109,0.21163956411965418,0.2910465286859751,0.4973139071943708
5110,0.2550695579532253,0.2562061462506632,0.48872429579611154
5111,0.2801419232541131,0.28873850796264217,0.43111956878324476
5112,0.059786012218660235,0.14172923194067172,0.798484755840668
5113,0.33276813856086884,0.28325348614410056,0.38397837529503065
5114,0.2297093986244167,0.27493366772729366,0.49535693364828964
5115,0.36041810090794413,0.2901338102607729,0.3494480888312831
5116,0.2186950572366988,0.2602731705280344,0.5210317722352669
5117,0.19087790632292329,0.255928516770703,0.5531935769063737
5118,0.1270300265469762,0.20885472961699528,0.6641152438360285
5119,0.24635040845565648,0.28269139160582946,0.470958199938514
5120,0.28682702332698157,0.30053052189010343,0.412642454782915
5121,0.2314347648543877,0.2661678379339673,0.5023973972116451
5122,0.48225519541824474,0.27147123885807745,0.24627356572367773
5123,0.62608185488135,0.22258973756570472,0.15132840755294535
5124,0.2959817295856994,0.2832780648572713,0.42074020555702935
5125,0.19770591954057598,0.27253715583698795,0.5297569246224362
5126,0.20227561794581855,0.2511818949182831,0.5465424871358985
5127,0.20465113893192646,0.26550189360543025,0.5298469674626434
5128,0.24193347018233935,0.2776249391928629,0.4804415906247978
5129,0.1357281444135115,0.2109162019147543,0.6533556536717342
5130,0.30798864040474716,0.29197822063282175,0.40003313896243115
5131,0.24700818933906935,0.29200630914101205,0.4609855015199186
5132,0.20016455972506014,0.26189768568084626,0.5379377545940935
5133,0.2008165295947908,0.2581312387894391,0.5410522316157701
5134,0.14855746456025276,0.21889674798199188,0.6325457874577554
5135,0.300046102557547,0.285334331282307,0.41461956616014595
5136,0.14017466800966905,0.21103988204847654,0.6487854499418545
5137,0.2685269979372416,0.27642010332450456,0.45505289873825383
5138,0.4751114983576147,0.25949080102072153,0.26539770062166385
5139,0.22382833378109157,0.2736576521670635,0.5025140140518449
5140,0.23016940843095254,0.28455933870444833,0.4852712528645992
5141,0.4609325340277276,0.28026845085020424,0.25879901512206815
5142,0.21490257387102676,0.28449333753335415,0.5006040885956191
5143,0.34444789749651805,0.2948485257215178,0.36070357678196413
