Id,A,D,H
3419,0.23228903098375445,0.2931292198806196,0.47458174913562606
3420,0.43840905372871053,0.28840007961835384,0.2731908666529356
3421,0.19053086796512905,0.2702071187180134,0.5392620133168575
3422,0.25737586475232793,0.27518690268774904,0.46743723255992314
3423,0.1461088590117856,0.22104569703199842,0.632845443956216
3424,0.40370896498134085,0.30617886427644925,0.29011217074220996
3425,0.2184401986989743,0.29968864119416305,0.48187116010686265
3426,0.4027729494332627,0.3055360125682719,0.29169103799846546
3427,0.18883292222435424,0.2798508926057143,0.5313161851699315
3428,0.33318891518050947,0.3129473696683155,0.35386371515117515
3429,0.4435961526094796,0.2823451843951818,0.27405866299533865
3430,0.19285443054866122,0.28490471054096866,0.5222408589103701
3431,0.12112168727631432,0.23187131742948217,0.6470069952942036
3432,0.28799561330608187,0.3163140639963484,0.39569032269756976
3433,0.1845246249428084,0.26242558377336267,0.553049791283829
3434,0.20788436264931748,0.26127058746304244,0.5308450498876401
3435,0.47801374805480823,0.2717064095980518,0.25027984234714007
3436,0.23462025922478746,0.2789514983126227,0.4864282424625898
3437,0.21601144947351406,0.29247527975244425,0.4915132707740417
3438,0.1442040211734187,0.236818216218585,0.6189777626079963
3439,0.20374200671647982,0.25872694774515165,0.5375310455383685
3440,0.4553701815791763,0.286937528095783,0.2576922903250407
3441,0.2804314261032079,0.28272399556986677,0.43684457832692525
3442,0.23474756950888237,0.2980221296572514,0.46723030083386624
3443,0.2407543690792333,0.2955373876673195,0.46370824325344717
3444,0.08678814700820821,0.17358724635445416,0.7396246066373376
3445,0.25893665697827095,0.29126436678737816,0.4497989762343509
3446,0.2608302646565275,0.3133838111557652,0.4257859241877073
3447,0.2169608448762773,0.2718435422288167,0.5111956128949061
3448,0.26880718492110167,0.28114775790568236,0.4500450571732161
3449,0.19518741054503902,0.280925871329963,0.523886718124998
3450,0.3131172079770764,0.29740285067414446,0.3894799413487792
3451,0.5590378025467581,0.2478995455143302,0.19306265193891178
3452,0.26450935077848614,0.3057435578113451,0.42974709141016876
3453,0.2845618279074381,0.28938050898890655,0.42605766310365534
3454,0.18649358758614537,0.2777730648003992,0.5357333476134555
3455,0.32531766034651766,0.30417127419587253,0.37051106545760987
3456,0.13511589000685068,0.23408027801875558,0.6308038319743938
3457,0.2205407426359347,0.2797714320647584,0.4996878252993069
3458,0.13710013953083397,0.21990814581428944,0.6429917146548766
3459,0.28376729270644735,0.30228954514751505,0.41394316214603766
3460,0.11388354792978994,0.2026755298565289,0.6834409222136812
3461,0.201045998651177,0.25287601698808626,0.5460779843607367
3462,0.1995652919630703,0.2698511624402993,0.5305835455966305
3463,0.25333092886732167,0.29819152054460657,0.44847755058807176
3464,0.19443653057575197,0.2748876915016275,0.5306757779226207
3465,0.36098014606034856,0.30770236122644923,0.33131749271320227
3466,0.3392502983029774,0.32209210285428264,0.33865759884273994
3467,0.2837476086798843,0.2930625659099636,0.4231898254101522
3468,0.3935114503605383,0.2829377593652051,0.32355079027425665
3469,0.40734883008502143,0.2941281694893835,0.29852300042559515
3470,0.23405923060959966,0.2787470611492929,0.4871937082411075
3471,0.12597541112304494,0.21294242664634333,0.6610821622306118
3472,0.2829616476290061,0.3119205130468258,0.4051178393241681
3473,0.2052892520582637,0.2874980835612438,0.5072126643804926
3474,0.1533169410286418,0.2547311503597328,0.5919519086116254
3475,0.3250787604734101,0.2932498729223745,0.38167136660421547
3476,0.25550347222923914,0.2945062472781485,0.44999028049261236
3477,0.30370338957083187,0.2972260389275781,0.39907057150159003
3478,0.370935560134142,0.2868997129978952,0.34216472686796284
3479,0.2585063715308291,0.2903695897463563,0.45112403872281465
3480,0.12165214067133215,0.20422498076380444,0.6741228785648634
3481,0.21397746374057017,0.2660310247363446,0.5199915115230853
3482,0.4264471460278,0.3078472276712188,0.2657056263009813
3483,0.19053741905712757,0.26352806708102205,0.5459345138618504
3484,0.3242007134173556,0.31589019742097396,0.3599090891616704
3485,0.26277921193153775,0.3001728564015667,0.43704793166689554
3486,0.30805647459034935,0.30715101707987336,0.38479250832977735
3487,0.1783500787472671,0.2598972330258612,0.5617526882268716
3488,0.36904172088538895,0.2961303534938652,0.3348279256207459
3489,0.1763524856651994,0.26623852289837335,0.5574089914364273
3490,0.24093062064878373,0.29792305772197725,0.4611463216292391
3491,0.25138307293054596,0.2857666403404899,0.4628502867289642
3492,0.34244788707792545,0.29537707080535647,0.36217504211671814
3493,0.21555944493796614,0.29116082933777315,0.49327972572426076
3494,0.26370800743093414,0.30377027665393963,0.43252171591512634
3495,0.36161706147107225,0.29541667812205624,0.34296626040687156
3496,0.08134623457467025,0.17037128938535617,0.7482824760399736
3497,0.20608455270947626,0.28102124031517556,0.5128942069753482
3498,0.31080734872060295,0.3091994206033037,0.3799932306760935
3499,0.18066180065461998,0.2714468523424237,0.5478913470029563
3500,0.25840021653368056,0.2917449658876045,0.449854817578715
3501,0.4099792483006118,0.2998613268957214,0.29015942480366685
3502,0.20472764262261478,0.27828930508880395,0.5169830522885813
3503,0.34111771250052064,0.31992956045352755,0.3389527270459519
3504,0.3601049612182814,0.31137483986745285,0.32852019891426576
3505,0.1238753925092593,0.21804476964446057,0.6580798378462802
3506,0.306311079937316,0.27813825178460155,0.41555066827808246
3507,0.27526205037044316,0.30197306885069086,0.4227648807788659
3508,0.23417862089749822,0.27292602751543216,0.4928953515870697
3509,0.3883400674626013,0.3181248473022168,0.293535085235182
3510,0.22861966111377238,0.2909063037176864,0.4804740351685412
3511,0.30256723773117444,0.31001114643907635,0.38742161582974916
3512,0.2086887137669165,0.2721802326485122,0.5191310535845712
3513,0.39503925901682846,0.28470246730383625,0.3202582736793353
3514,0.4322626113961647,0.292177379783764,0.2755600088200713
3515,0.2869175570717899,0.2950697852407526,0.41801265768745743
3516,0.12373517699227754,0.21949892851357727,0.6567658944941451
3517,0.36801168888010327,0.304336866739647,0.32765144438024973
3518,0.2402257477478436,0.2832414021619769,0.4765328500901795
3519,0.15422550632300086,0.26102519711999955,0.5847492965569996
3520,0.14209770896787483,0.22553410995205986,0.6323681810800654
3521,0.3393387578458795,0.31384687195318295,0.3468143702009375
3522,0.22544007023748264,0.2808584881424071,0.4937014416201103
3523,0.3167255452925325,0.286405995984947,0.39686845872252047
3524,0.33626582085879,0.30314689496326197,0.3605872841779481
3525,0.19520963240122113,0.27368042319952124,0.5311099443992577
3526,0.4203349900832368,0.30311670384614403,0.2765483060706192
3527,0.3067349329169359,0.30060035949485364,0.3926647075882105
3528,0.2356179715691935,0.270816889452102,0.49356513897870447
3529,0.35303462867761837,0.31042818287796514,0.3365371884444165
3530,0.19843214215193475,0.27005404314317744,0.5315138147048878
3531,0.4117953905162115,0.28899226603476397,0.2992123434490246
3532,0.15057741342777473,0.23760847549655956,0.6118141110756657
3533,0.38009039919394366,0.2999306593290969,0.3199789414769594
3534,0.26005265791928645,0.29517305199064514,0.44477429009006836
3535,0.299891212997107,0.30946547187132245,0.39064331513157047
3536,0.45910577281059056,0.2916335225863141,0.24926070460309546
3537,0.14092232746247896,0.23415468517046573,0.6249229873670553
3538,0.2714122723245363,0.30371176164417746,0.4248759660312863
3539,0.3290180558237097,0.32059524346265705,0.35038670071363337
3540,0.29030950906389447,0.2862846265398196,0.4234058643962859
3541,0.23665284414334575,0.2515159896836847,0.5118311661729695
3542,0.14081604391046806,0.23858086724168662,0.6206030888478453
3543,0.2974503876971983,0.298099588502936,0.40445002379986567
3544,0.2180238728189817,0.28169354457354706,0.5002825826074713
3545,0.3164193914134953,0.3091118725044665,0.3744687360820382
3546,0.1300317838874806,0.2296927829665946,0.6402754331459248
3547,0.17846539916816073,0.2545323033921908,0.5670022974396485
3548,0.32664793731697905,0.2994554996064855,0.3738965630765354
3549,0.15301297398167737,0.23915989360921533,0.6078271324091074
3550,0.2807627831256019,0.28916757848549474,0.4300696383889035
3551,0.20772863136630937,0.2800669220781969,0.5122044465554937
3552,0.1798662424553624,0.25391969863909203,0.5662140589055455
3553,0.11308903252164457,0.20609564308908493,0.6808153243892706
3554,0.507630024977822,0.28017773126528966,0.2121922437568884
3555,0.3632503805696822,0.29537593403629525,0.3413736853940226
3556,0.243810688001287,0.2910412474446731,0.4651480645540399
3557,0.25909745449002586,0.2920007277122174,0.4489018177977567
3558,0.1386950285040256,0.24182270212749785,0.6194822693684766
3559,0.2982297800830284,0.3155660415342862,0.3862041783826854
3560,0.5368986998765874,0.26894958812043784,0.1941517120029747
3561,0.3165249849175867,0.30732796989107547,0.3761470451913379
3562,0.36119942718093706,0.27955965442023345,0.3592409183988295
3563,0.15312693773359193,0.2314618788264846,0.6154111834399234
3564,0.24371528059583275,0.29616235821763165,0.4601223611865356
3565,0.3315447144253394,0.3059511808773152,0.3625041046973454
3566,0.20012976084117687,0.2710116294034081,0.528858609755415
3567,0.2850721850607184,0.2944930403029449,0.42043477463633677
3568,0.17950192055158584,0.24387554423904054,0.5766225352093737
3569,0.16368837936742803,0.23148710008184406,0.604824520550728
3570,0.24106968339294968,0.3012757900001087,0.45765452660694167
3571,0.3605275807389535,0.2989234706076716,0.34054894865337487
3572,0.24207348439140697,0.2866795094523896,0.4712470061562035
3573,0.33713702781037574,0.29368636422708166,0.3691766079625426
3574,0.17437505453079308,0.24826690747865338,0.5773580379905536
3575,0.4660349901429101,0.2852819945730691,0.24868301528402084
3576,0.25006745817362824,0.2711243471404295,0.4788081946859424
3577,0.24738557803707248,0.2991554874709151,0.45345893449201247
3578,0.18200636117130176,0.26697273467147514,0.5510209041572232
3579,0.28060567327804803,0.2937309056499841,0.4256634210719678
3580,0.3753598839305816,0.29296999408801966,0.3316701219813988
3581,0.12138712001655116,0.20541290962316547,0.6731999703602833
3582,0.29535768597605944,0.32182990698558894,0.3828124070383517
3583,0.27369051568681224,0.289910660674976,0.43639882363821186
3584,0.24420268287946523,0.2969435347745389,0.45885378234599594
3585,0.2408820998045011,0.28182365573313334,0.4772942444623656
3586,0.5158561223295147,0.27110289146500627,0.213040986205479
3587,0.32659869184138585,0.29335878747002536,0.3800425206885888
3588,0.12157134965586282,0.22192604501305085,0.6565026053310863
3589,0.14864960529189813,0.24156678875691223,0.6097836059511896
3590,0.18670007251174167,0.2578259104716265,0.5554740170166319
3591,0.3807991584502987,0.2995671131968799,0.31963372835282156
3592,0.19170226024500242,0.2634009228959358,0.5448968168590619
3593,0.11059552265054083,0.20809347634424777,0.6813110010052115
3594,0.24652047761353094,0.29317118516957164,0.46030833721689746
3595,0.15023584425846562,0.2482341596308685,0.6015299961106658
3596,0.18915927345050149,0.25686327987126556,0.553977446678233
3597,0.4781191917510541,0.29018261091925157,0.2316981973296942
3598,0.4210093800901169,0.3028708200143563,0.2761197998955269
3599,0.13662108972198178,0.22510171756739408,0.6382771927106242
3600,0.3983010997887845,0.2941429410199482,0.3075559591912674
3601,0.5015911832067623,0.2716547025827802,0.22675411421045752
3602,0.27152390600517035,0.2801481233223895,0.4483279706724403
3603,0.3970349113179088,0.3110665971103387,0.2918984915717525
3604,0.20366440314239095,0.2716011033821154,0.5247344934754936
3605,0.26810549188634947,0.3019851534983183,0.42990935461533236
3606,0.16316665237296685,0.2486015488222994,0.5882317988047339
3607,0.3042345050997298,0.3029866077851024,0.3927788871151678
3608,0.28368015068369756,0.29499087253293116,0.4213289767833713
3609,0.3775978297429309,0.3092320046279247,0.3131701656291445
3610,0.24130457610745024,0.27070097572113266,0.4879944481714172
3611,0.1431510685647054,0.2404377020932232,0.6164112293420714
3612,0.11327871635280298,0.20270228881905722,0.6840189948281398
3613,0.30039158500701457,0.28764459022565414,0.4119638247673313
3614,0.33379597185587306,0.292537606138998,0.373666422005129
3615,0.17715017074833164,0.2593458071379225,0.563504022113746
3616,0.2494443397692283,0.30498086614378594,0.44557479408698575
3617,0.14916657659028373,0.24098435530611928,0.6098490681035971
3618,0.32074326841636325,0.29017115193663556,0.38908557964700125
3619,0.3417217917151165,0.3015939405250581,0.3566842677598254
3620,0.3454884219552773,0.313697008073835,0.34081456997088777
3621,0.41940599767113823,0.29495105223894613,0.2856429500899156
3622,0.442904670687838,0.3007120465395018,0.25638328277266026
3623,0.3640585431576549,0.27555580137300784,0.36038565546933726
3624,0.1460439067822787,0.24255296643722712,0.6114031267804942
3625,0.0989800798760555,0.1877536269401849,0.7132662931837596
3626,0.3663574395971034,0.31141744055434195,0.3222251198485547
3627,0.1664073636196889,0.24395877789776918,0.589633858482542
3628,0.33321205418250605,0.2998191522964827,0.36696879352101136
3629,0.20376538342796335,0.25437631853518783,0.5418582980368489
3630,0.33064340383275626,0.30543794423491805,0.36391865193232564
3631,0.2145383656656124,0.3001933578076561,0.4852682765267316
3632,0.2599632101431741,0.2840421791983723,0.45599461065845365
3633,0.4844403768833406,0.2742365619195846,0.24132306119707483
3634,0.22680645208325384,0.29289820720054294,0.48029534071620317
3635,0.1521767397137596,0.22963127995188373,0.6181919803343567
3636,0.2708809479543224,0.2794847344820742,0.4496343175636035
3637,0.2800565285199941,0.2970296865984088,0.4229137848815972
3638,0.2588713583454389,0.2851495852189223,0.4559790564356388
3639,0.10489130392807211,0.18104485991881683,0.7140638361531111
3640,0.13185335557118702,0.22763240306113625,0.6405142413676768
3641,0.3015252048233126,0.3117213700045511,0.38675342517213634
3642,0.2883707056473323,0.26239314729855745,0.44923614705411036
3643,0.22611022681347825,0.27717425555678604,0.4967155176297356
3644,0.25229181976748827,0.2991510954682951,0.44855708476421663
3645,0.2328904834761704,0.284148525719338,0.4829609908044916
3646,0.3237365312011103,0.315457098437685,0.3608063703612048
3647,0.31460944321093515,0.2858147118753028,0.3995758449137621
3648,0.43345167092939896,0.2927188175832047,0.27382951148739626
3649,0.22205107224718162,0.2728348850237847,0.5051140427290337
3650,0.24669664942436134,0.27619091568519916,0.47711243489043953
3651,0.3584407806346842,0.29634887400174625,0.34521034536356965
3652,0.2596127400826269,0.29424962865613724,0.44613763126123585
3653,0.372050573840736,0.29004444443235416,0.33790498172690986
3654,0.20876005663004937,0.2825657799645998,0.5086741634053509
3655,0.5456074742138488,0.2552401332799297,0.19915239250622147
3656,0.31720657914811484,0.31142910770710125,0.371364313144784
3657,0.10645624673091916,0.2171786120593176,0.6763651412097633
3658,0.22832392682826855,0.28766479703024145,0.48401127614149
3659,0.24142542888766622,0.28975609272806624,0.4688184783842675
3660,0.29562253475376343,0.2891065690365694,0.4152708962096671
3661,0.4387104790351917,0.2898081214228178,0.2714813995419906
3662,0.164004266326351,0.24913862672214235,0.5868571069515067
3663,0.11595087687942077,0.20950270573224233,0.6745464173883369
3664,0.2690331187372226,0.3080293324870814,0.42293754877569595
3665,0.17907673460055037,0.2652035094365319,0.5557197559629177
3666,0.47781824575530835,0.2794492587628987,0.24273249548179293
3667,0.3535173372196344,0.31889519016095036,0.32758747261941523
3668,0.171256444901218,0.24273299991884195,0.58601055517994
3669,0.18188668934432303,0.24058465927470357,0.5775286513809734
3670,0.24832853419708883,0.29896542730668835,0.4527060384962228
3671,0.11643682274329448,0.22732221624138904,0.6562409610153165
3672,0.20089433478815813,0.27521598729772034,0.5238896779141216
3673,0.07187875745595942,0.17031062902772603,0.7578106135163145
3674,0.3759986703647408,0.30117321533241903,0.32282811430284025
3675,0.339177487704069,0.3001533687082459,0.3606691435876851
3676,0.26859630719583055,0.2876239948489208,0.4437796979552487
3677,0.2768317398782179,0.30646754298718076,0.4167007171346014
3678,0.5000806670800277,0.26498539638498375,0.23493393653498867
3679,0.5012530995538361,0.2793886217803959,0.21935827866576796
3680,0.22107503440256568,0.2735368225628645,0.5053881430345699
3681,0.198132857803136,0.25695351784837445,0.5449136243484896
3682,0.29346260852052514,0.3077014473901218,0.3988359440893531
3683,0.1723380857553355,0.24116425425438698,0.5864976599902776
3684,0.2854846908020532,0.3135113670695839,0.40100394212836293
3685,0.36514660363462703,0.3097000916102378,0.32515330475513526
3686,0.12029118344280465,0.21532283487450637,0.6643859816826889
3687,0.14833892604816598,0.25064384194754435,0.6010172320042897
3688,0.4591456858722734,0.2970212247696846,0.24383308935804204
3689,0.12652317523410014,0.22900138117067104,0.6444754435952289
3690,0.26965724855733986,0.2905903172693041,0.43975243417335613
3691,0.1365272059813957,0.23956816019225555,0.6239046338263488
3692,0.3339461470142261,0.2999978801480472,0.3660559728377268
3693,0.10835324663844918,0.20801404655573888,0.683632706805812
3694,0.4371199863890235,0.2858511996737181,0.27702881393725853
3695,0.3432996177920639,0.3147302538142408,0.3419701283936953
3696,0.3370903860257327,0.28471840248417113,0.3781912114900962
3697,0.23879996087253735,0.26926171515799,0.4919383239694726
3698,0.18437023087913765,0.2577603647120122,0.5578694044088502
3699,0.25958507474306713,0.27799809584165747,0.46241682941527545
3700,0.29570465808287116,0.30966255116265706,0.3946327907544719
3701,0.15599962874367074,0.24897852497058892,0.5950218462857404
3702,0.11746753514271466,0.22110651810046397,0.6614259467568214
3703,0.2629763152959989,0.2898520742948027,0.4471716104091984
3704,0.17791573543748745,0.2438252728314522,0.5782589917310604
3705,0.2994437729428649,0.2887520082014998,0.4118042188556354
3706,0.14771125316239528,0.2545095244978052,0.5977792223397995
3707,0.5040980997391757,0.28040213947175824,0.21549976078906607
3708,0.4630437089288061,0.3043970837345351,0.23255920733665877
3709,0.4454859384600775,0.29348779529595787,0.2610262662439647
3710,0.18262743345979698,0.2594833811779629,0.5578891853622402
3711,0.226864258954518,0.2742985385173906,0.49883720252809133
3712,0.22293390627395132,0.2762286882062179,0.5008374055198308
3713,0.20871966513651255,0.2632165443762516,0.5280637904872358
3714,0.3616115425926943,0.28629864437414476,0.35208981303316095
3715,0.07004823243335573,0.16552549355181365,0.7644262740148307
3716,0.28369269552017595,0.2982324111730789,0.41807489330674524
3717,0.3197967090607998,0.2956862681357294,0.3845170228034707
3718,0.49444806694915777,0.27418293964901974,0.23136899340182254
3719,0.20938841705164707,0.2805102704964954,0.5101013124518576
3720,0.12065411305376632,0.2224407965846628,0.656905090361571
3721,0.12089844154090136,0.21817692609439238,0.6609246323647063
3722,0.15915903906928955,0.24542960765088195,0.5954113532798285
3723,0.14318773464841994,0.22790461041258786,0.6289076549389921
3724,0.37407090835061735,0.2954698534806619,0.3304592381687208
3725,0.20736895865567898,0.27367376465264937,0.5189572766916717
3726,0.5645885544893472,0.2628038919017689,0.17260755360888386
3727,0.15268166779799372,0.23640641060891734,0.6109119215930889
3728,0.2398248125405052,0.2882617881655808,0.47191339929391407
3729,0.24059573953719324,0.2582459880099769,0.50115827245283
3730,0.19660087448449717,0.2750266567515193,0.5283724687639836
3731,0.15436863232437845,0.23279481668424273,0.6128365509913789
3732,0.41189647647904737,0.29708592255516497,0.29101760096578777
3733,0.3462350678929057,0.2936056602297589,0.3601592718773354
3734,0.14468047215248925,0.2344905012077263,0.6208290266397845
3735,0.4620319830447691,0.2856217334264777,0.2523462835287532
3736,0.24842152743434376,0.2768350797523146,0.4747433928133417
3737,0.12473634831003985,0.22536306005909781,0.6499005916308623
3738,0.2878957633684368,0.28693323383524166,0.4251710027963216
3739,0.4117498272079908,0.2788375014443401,0.30941267134766903
3740,0.3005143520346698,0.29053643922109906,0.40894920874423113
3741,0.0460808066369146,0.1295361966121173,0.8243829967509682
3742,0.17021098024723375,0.2501624648039368,0.5796265549488295
3743,0.5007632183733777,0.28729417531223145,0.2119426063143909
3744,0.31035097407054446,0.30159602092043425,0.38805300500902123
3745,0.45780641321107457,0.2935955050104411,0.24859808177848436
3746,0.25532123242278415,0.2775790604537252,0.4670997071234907
3747,0.3276277005155531,0.2938867303980282,0.37848556908641867
3748,0.4355829070774626,0.2866553175247286,0.2777617753978088
3749,0.13853642312535192,0.21505518616194058,0.6464083907127075
3750,0.3266322015302542,0.28115374511057367,0.39221405335917214
3751,0.22980774565666184,0.28304179152387876,0.4871504628194594
3752,0.3270902479395845,0.2870596389921631,0.3858501130682524
3753,0.12912218399406283,0.23477475290896918,0.6361030630969681
3754,0.14468919749375303,0.24004326439152904,0.615267538114718
3755,0.1514699155124789,0.23899631493819537,0.6095337695493257
3756,0.08753105267730792,0.18126347781499574,0.7312054695076963
3757,0.1766314704392204,0.2538297590288074,0.5695387705319723
3758,0.37553396990081284,0.29587165796903775,0.3285943721301494
3759,0.3732689837263504,0.30114780196593244,0.32558321430771714
3760,0.20366931590846454,0.26711399300225436,0.529216691089281
3761,0.28114706952722224,0.28805570473938635,0.43079722573339146
3762,0.3580259232450137,0.29908045528199223,0.3428936214729942
3763,0.18655931236067502,0.24239064526669085,0.5710500423726341
3764,0.32216543030453176,0.2884356206627614,0.3893989490327069
3765,0.4366975204668564,0.2847279565212296,0.278574523011914
3766,0.3001180785820408,0.2954622349246081,0.40441968649335097
3767,0.1797931360698493,0.25626286311639995,0.5639440008137508
3768,0.12246390740601468,0.21775627822038,0.6597798143736053
3769,0.2763011929239739,0.29134932229581706,0.43234948478020907
3770,0.10864508173594627,0.1927169173532779,0.6986380009107759
3771,0.28118988616536555,0.2815559543814149,0.4372541594532196
3772,0.17903050372275744,0.2426394152336661,0.5783300810435764
3773,0.1538305943640917,0.2560757991491001,0.5900936064868082
3774,0.15149474167363275,0.2365603505105093,0.611944907815858
3775,0.4882742037790101,0.2692141524938215,0.24251164372716832
3776,0.17305640851892337,0.2509847498650122,0.5759588416160645
3777,0.5564527683368004,0.2709927478426362,0.17255448382056343
3778,0.13587336589718185,0.22122530690526815,0.64290132719755
3779,0.28917239149731355,0.29245904276846674,0.4183685657342197
3780,0.3560339790556092,0.30323058734405667,0.34073543360033415
3781,0.37825087807642715,0.31022375011469056,0.31152537180888223
3782,0.137806489451128,0.22005638681216194,0.6421371237367101
3783,0.2385728256012049,0.2719650927222302,0.48946208167656485
3784,0.31677872949994934,0.289287228661091,0.39393404183895964
3785,0.5811084166423706,0.25738872180442834,0.16150286155320112
3786,0.1250654638011688,0.2112824304086681,0.6636521057901631
3787,0.12429345630940487,0.21943837716602127,0.6562681665245739
3788,0.27919317003844646,0.2795832653026367,0.4412235646589169
3789,0.06549682096303902,0.15018845800410638,0.7843147210328546
3790,0.1728647671109712,0.24708741816531682,0.5800478147237119
3791,0.23022149407973697,0.26481714589811745,0.5049613600221455
3792,0.4096050421210777,0.27832763325895976,0.31206732461996267
3793,0.18063835179713078,0.27055750514637866,0.5488041430564905
3794,0.2704747516392188,0.28957865919881354,0.4399465891619677
3795,0.24735372691050195,0.29067318728234026,0.4619730858071578
3796,0.3972257060631146,0.28586871867656094,0.31690557526032437
3797,0.3354930307647024,0.2958455091128198,0.3686614601224779
3798,0.3208960022989043,0.2806951362027895,0.39840886149830623
3799,0.3352637988270985,0.30389739702575086,0.36083880414715075
3800,0.09757060546140224,0.2002916191168201,0.7021377754217777
3801,0.16245652106851957,0.2379147717642188,0.5996287071672617
3802,0.3876095206848349,0.29435157858936845,0.31803890072579666
3803,0.29831389792677754,0.28532554311817865,0.4163605589550439
3804,0.3185769501800153,0.3059432716092256,0.37547977821075923
3805,0.13742445616427013,0.2260876083503161,0.6364879354854137
3806,0.20952913988450933,0.28645168219167266,0.504019177923818
3807,0.13768843455453772,0.21906406235684206,0.6432475030886202
3808,0.1797885890830196,0.2514951414024713,0.568716269514509
3809,0.19455668763756817,0.27114660486528513,0.5342967074971468
3810,0.3148887823020431,0.3004600753887884,0.3846511423091686
3811,0.2268644187142726,0.27710052237604205,0.4960350589096853
3812,0.29328141738651625,0.29482918675919145,0.4118893958542924
3813,0.25978209003311303,0.2800438807857919,0.460174029181095
3814,0.4186829340156246,0.2785999000913126,0.3027171658930629
3815,0.46643191619245633,0.2889054985491784,0.24466258525836515
3816,0.37453071546219474,0.29857607144296033,0.3268932130948449
3817,0.43024314152299503,0.29880325083082976,0.27095360764617515
3818,0.2546580637050351,0.28378712591482524,0.46155481038013974
3819,0.4361470362306211,0.2919678606549836,0.27188510311439523
3820,0.3075167592985032,0.3029485903457757,0.38953465035572105
3821,0.2952312121144649,0.2939326172495675,0.41083617063596767
3822,0.17667078267314865,0.259288379199418,0.5640408381274334
3823,0.30344329366313255,0.2910581159395033,0.40549859039736413
3824,0.18925074288101162,0.25813452185165126,0.5526147352673372
3825,0.17362410451171736,0.24261260007775345,0.5837632954105292
3826,0.3595831783772428,0.3110377015014819,0.3293791201212753
3827,0.09672084036366382,0.19731868409211498,0.7059604755442213
3828,0.24898833787973543,0.28358298354367756,0.46742867857658704
3829,0.1944125262931496,0.2674772770187544,0.538110196688096
3830,0.16536397883657555,0.25182329251212326,0.5828127286513013
3831,0.2118889189845198,0.2755235887491822,0.512587492266298
3832,0.34847785036958207,0.2794704894926843,0.3720516601377336
3833,0.1998365057254521,0.2659859349679402,0.5341775593066077
3834,0.29380532515498514,0.3035594739471011,0.4026352008979139
3835,0.36128049753701336,0.2861668881060748,0.35255261435691193
3836,0.5146511279987528,0.27142268846019796,0.21392618354104925
3837,0.1847741957680462,0.2608368106990362,0.5543889935329177
3838,0.3030619004879712,0.298995128108999,0.39794297140302987
3839,0.2639236615140941,0.28189134644445046,0.45418499204145546
3840,0.15414541355906403,0.2527481753886288,0.5931064110523072
3841,0.2740142673387437,0.2894703353651603,0.4365153972960961
3842,0.4052180518442249,0.2977157893560184,0.2970661587997568
3843,0.12105801877142112,0.19689322839482165,0.6820487528337573
3844,0.2958097277280405,0.2930865202696967,0.4111037520022628
3845,0.14923563581485305,0.22756459828339942,0.6231997659017476
3846,0.3181921966123694,0.2921610111605325,0.389646792227098
3847,0.28407537244828734,0.300279057983521,0.4156455695681917
3848,0.29108740493639007,0.2966054941220286,0.41230710094158146
3849,0.38906299180519865,0.28104648563473056,0.32989052256007084
3850,0.12861111778079037,0.230504414432377,0.6408844677868327
3851,0.11556993248169642,0.19760161570037735,0.6868284518179262
3852,0.23999116965785747,0.2795735452733868,0.4804352850687558
3853,0.3203571730497047,0.3102752560913958,0.3693675708588996
3854,0.27164256721275176,0.2935481138958283,0.43480931889142005
3855,0.26866419054455914,0.2919165844258625,0.4394192250295785
3856,0.31348444444884127,0.2975709431231798,0.38894461242797895
3857,0.14557928708971976,0.2375255347747035,0.6168951781355768
3858,0.3965866133640664,0.2862753447468519,0.31713804188908173
3859,0.19976768163127193,0.2536703875949036,0.5465619307738245
3860,0.3805311150409264,0.2983918947370988,0.32107699022197483
3861,0.3396923152245298,0.29456251252310417,0.36574517225236614
3862,0.3087281606250139,0.2855790505502477,0.40569278882473847
3863,0.48112256662941427,0.27649476349738183,0.24238266987320375
3864,0.15696251016119048,0.2539734097954224,0.5890640800433872
3865,0.478438628846295,0.2742245314989162,0.2473368396547888
3866,0.21297014936002032,0.26420841174512905,0.5228214388948507
3867,0.2708099543954486,0.29798833013163883,0.43120171547291264
3868,0.13979864729037797,0.23613501896719544,0.6240663337424266
3869,0.2558474081217643,0.2836457642500369,0.4605068276281989
3870,0.18023478260628925,0.26512277763171826,0.5546424397619925
3871,0.2505801545747603,0.28391728909756037,0.46550255632767945
3872,0.20251121965867508,0.25236932080435953,0.5451194595369654
3873,0.11740444942761438,0.21220986253144755,0.670385688040938
3874,0.3250798830590456,0.3097987880943245,0.3651213288466299
3875,0.1608883946856266,0.2518174387827207,0.5872941665316527
3876,0.3382290135901785,0.27905848250124704,0.3827125039085744
3877,0.26433958365695237,0.28020700039161855,0.4554534159514291
3878,0.20120291491169592,0.25845932334109223,0.5403377617472118
3879,0.17202960031210407,0.26322491417011723,0.5647454855177787
3880,0.3375180555931,0.30868870206509613,0.3537932423418039
3881,0.2737591497833446,0.2881216684704347,0.4381191817462208
3882,0.34152115552449913,0.2833857869528472,0.37509305752265376
3883,0.33636497798076326,0.299366782487109,0.36426823953212767
3884,0.22846454197754787,0.2790407989765894,0.4924946590458627
3885,0.2796685605193519,0.2909917381271503,0.4293397013534978
3886,0.25377826217143984,0.28440187570743936,0.4618198621211208
3887,0.07484193097348828,0.16700026125535952,0.7581578077711523
3888,0.44251789380936035,0.28093243680918367,0.27654966938145603
3889,0.3320054755084955,0.2955982051974232,0.3723963192940813
3890,0.17410019519187386,0.2392331043939822,0.5866667004141439
3891,0.31143222132674075,0.3016958478036086,0.38687193086965066
3892,0.17670164735231092,0.27810975026228835,0.5451886023854007
3893,0.254597241965813,0.3027531689256301,0.442649589108557
3894,0.2940148916450783,0.29423865415100875,0.411746454203913
3895,0.13186089178172994,0.22964817282483235,0.6384909353934378
3896,0.35668280030665905,0.2956048532300738,0.34771234646326715
3897,0.21930223137689575,0.26103526442695063,0.5196625041961536
3898,0.4362065413244826,0.2940972086053377,0.2696962500701796
3899,0.24188398424308985,0.289565693591994,0.4685503221649162
3900,0.19622546325342968,0.26561105398334484,0.5381634827632255
3901,0.2838123652675665,0.30820559265070663,0.40798204208172695
3902,0.49602714643808965,0.28375670961189714,0.22021614395001307
3903,0.30395018204270996,0.29513353529546005,0.4009162826618301
3904,0.1718379894526564,0.25632577384962724,0.5718362366977163
3905,0.4407291421441414,0.29346823066306305,0.2658026271927956
3906,0.34779165224609543,0.31170523831663316,0.3405031094372714
3907,0.24512959338000728,0.26813067152867004,0.4867397350913227
3908,0.39763216022569187,0.2783804056630072,0.32398743411130093
3909,0.2548006956744939,0.30356711986609153,0.44163218445941466
3910,0.17232164080206555,0.2650588598129758,0.5626194993849587
3911,0.3376496979216445,0.30266555934033773,0.35968474273801776
3912,0.31593264325955694,0.2915619389044727,0.3925054178359703
3913,0.11769851958654284,0.21818275874300327,0.6641187216704539
3914,0.1468199254225702,0.24500942881429952,0.6081706457631303
3915,0.37329745555001986,0.3032742606702959,0.3234282837796843
3916,0.16389135929579263,0.23869052015238998,0.5974181205518174
3917,0.40787391354618313,0.2822111184603425,0.30991496799347446
3918,0.2889584445210891,0.2999009127375852,0.4111406427413257
3919,0.26465332320587304,0.29164071726830415,0.4437059595258228
3920,0.35598555253233694,0.2981380499362169,0.34587639753144617
3921,0.19920329180635996,0.2587232962236968,0.5420734119699433
3922,0.17705365130710565,0.2629799894527395,0.5599663592401549
3923,0.28327641971658307,0.30270211576968775,0.41402146451372923
3924,0.38276729686711936,0.29969905388868145,0.31753364924419925
3925,0.143783594534201,0.224812168065223,0.631404237400576
3926,0.13787249882619687,0.23616844401645692,0.6259590571573462
3927,0.28774919449611586,0.30530003577274,0.40695076973114414
3928,0.22298605370996677,0.2678111711575267,0.5092027751325066
3929,0.27372358519632567,0.3068174782936892,0.41945893650998506
3930,0.3681417560804493,0.3067863683848092,0.32507187553474143
3931,0.1760944577615383,0.25859707775156016,0.5653084644869015
3932,0.34493092631202427,0.2905320379414443,0.36453703574653146
3933,0.251237882915814,0.2560374605050844,0.4927246565791016
3934,0.20734609257339623,0.25560242082960416,0.5370514865969996
3935,0.2789436389314698,0.29405084519725205,0.42700551587127816
3936,0.2796539438703666,0.3066756445471245,0.413670411582509
3937,0.2263685280581663,0.29041478919920916,0.4832166827426246
3938,0.2139334592760464,0.2755044661525659,0.5105620745713877
3939,0.24100899502223058,0.2846262970601784,0.47436470791759106
3940,0.15139069448454873,0.2414314652705022,0.6071778402449491
3941,0.31705744181310225,0.2850164993727817,0.397926058814116
3942,0.1700897675172853,0.26711513139927334,0.5627951010834413
3943,0.15403691865268618,0.24365607247101992,0.602307008876294
3944,0.19521277832105927,0.2647688246544801,0.5400183970244606
3945,0.3193890036988266,0.30424600238508814,0.37636499391608536
3946,0.49623188926892636,0.26491584902490317,0.23885226170617044
3947,0.13419298556352546,0.21004165512258272,0.6557653593138918
3948,0.15761934803522212,0.2536294056262946,0.5887512463384833
3949,0.3239374782268336,0.3118237988259632,0.3642387229472032
3950,0.39317804141038126,0.3130801096526554,0.29374184893696326
3951,0.26432792802265365,0.27940165439527154,0.4562704175820748
3952,0.29488848923142863,0.30614761263045587,0.39896389813811556
3953,0.13754012971290977,0.22882786157743898,0.6336320087096513
3954,0.4061394864731636,0.28147204913274576,0.3123884643940907
3955,0.36083956660691574,0.30517885350590135,0.33398157988718297
3956,0.42992657419938285,0.2976496002987731,0.2724238255018441
3957,0.21967933129898548,0.2877795833825403,0.4925410853184743
3958,0.1681391299552419,0.242551271267597,0.589309598777161
3959,0.14987016377793808,0.25776868893216953,0.5923611472898924
3960,0.14863295915915348,0.25924019542376464,0.5921268454170819
3961,0.265872185155979,0.3040585747271648,0.4300692401168562
3962,0.31393563624576715,0.27292445202479715,0.41313991172943576
3963,0.14726735783783304,0.24745527819856222,0.6052773639636048
3964,0.4692941021260751,0.2856690116242121,0.24503688624971282
3965,0.1308157300292693,0.22244050941441915,0.6467437605563117
3966,0.44926552044199747,0.28532694157622074,0.2654075379817819
3967,0.34460074761352005,0.27912591113592433,0.37627334125055567
3968,0.3575760601417028,0.2935278498202325,0.3488960900380647
3969,0.21109998258359539,0.3003266067556159,0.4885734106607888
3970,0.3719477705803541,0.30515072042156477,0.3229015089980812
3971,0.25635570274757935,0.2833145494480531,0.46032974780436753
3972,0.4657477865841382,0.29315029349836186,0.2411019199174999
3973,0.24487345044118647,0.2851708728514342,0.4699556767073793
3974,0.39029145228552053,0.2994437099671742,0.3102648377473054
3975,0.3247745377697878,0.2888104221470249,0.3864150400831873
3976,0.43863177732231867,0.29118722153732,0.2701810011403613
3977,0.23199747224224754,0.28425593876277355,0.4837465889949789
3978,0.16394044697102467,0.24715641567094643,0.5889031373580289
3979,0.2266050480337054,0.2633809469968248,0.5100140049694698
3980,0.15739808066421238,0.2535432827292388,0.5890586366065489
3981,0.23898255177680067,0.2971721960963723,0.46384525212682703
3982,0.210759940233679,0.2632243507271282,0.5260157090391928
3983,0.2103497737127002,0.26738789005833297,0.5222623362289668
3984,0.14741699948039497,0.2337214669331475,0.6188615335864576
3985,0.13407987362922685,0.23437620526060204,0.6315439211101712
3986,0.19551749585349323,0.2722115176730185,0.5322709864734883
3987,0.20916963789822315,0.2776146763832795,0.5132156857184974
3988,0.29019578632692056,0.2864931780580019,0.42331103561507755
3989,0.45153456966293304,0.2961058981998684,0.25235953213719864
3990,0.14937391293291077,0.2413582500618838,0.6092678370052055
3991,0.26885390948289684,0.29802284233463333,0.43312324818246983
3992,0.4467721902214651,0.2889703367957483,0.2642574729827867
3993,0.346136004561836,0.30664982338870256,0.3472141720494615
3994,0.48577392167029176,0.27515169623823965,0.2390743820914686
3995,0.3976380709317496,0.29319237949369237,0.30916954957455806
3996,0.36060539526059204,0.2972015579825869,0.34219304675682105
3997,0.20679218042910522,0.25697242029721334,0.5362353992736815
3998,0.14825384685930845,0.2428501518915115,0.6088960012491801
3999,0.20016994284838333,0.2703883723173754,0.5294416848342414
4000,0.4024489756014853,0.3003393486040233,0.29721167579449154
4001,0.14953471364790177,0.22794055757615764,0.6225247287759406
4002,0.15380283468047387,0.24345338897479757,0.6027437763447285
4003,0.26775270632629844,0.2877144669684235,0.444532826705278
4004,0.15324771386230246,0.23880925755311125,0.6079430285845864
4005,0.08245867591798091,0.17872177529256889,0.7388195487894502
4006,0.19110407033030427,0.2714865153094873,0.5374094143602084
4007,0.29302694410196367,0.28192586758584043,0.4250471883121959
4008,0.38118887941146185,0.29811147106969255,0.3206996495188456
4009,0.27341024525453467,0.27230452136074546,0.45428523338471993
4010,0.1353708273427152,0.24193916898296708,0.6226900036743178
4011,0.3957825212675378,0.29855115114071945,0.3056663275917428
4012,0.22176487541419068,0.27911515830009304,0.4991199662857163
4013,0.2559081155264039,0.2814237336856625,0.46266815078793366
4014,0.18267169965618724,0.2656957460508446,0.5516325542929681
4015,0.29129491224855303,0.28743674257265434,0.42126834517879264
4016,0.17477485964432082,0.24271038917292698,0.5825147511827522
4017,0.25310182649139856,0.2970132668723662,0.44988490663623526
4018,0.26212710657727045,0.3052884725934949,0.4325844208292346
4019,0.31522083455845135,0.2957535229914322,0.38902564245011645
4020,0.3256881763875426,0.2897551463025813,0.38455667730987614
4021,0.3093473197651714,0.2997096634300117,0.39094301680481697
4022,0.24408893257540232,0.2913985683798207,0.464512499044777
4023,0.08937891080143034,0.18764083511812524,0.7229802540804444
4024,0.4117523055995315,0.299282910965666,0.2889647834348025
4025,0.2597693133104262,0.275203525429444,0.4650271612601299
4026,0.17475286092864634,0.24903243635375757,0.5762147027175961
4027,0.28645894387741533,0.3055470298578888,0.4079940262646959
4028,0.37117859160453154,0.29677272842421587,0.3320486799712525
4029,0.46903187476309605,0.2744184957473971,0.256549629489507
4030,0.20520648543673464,0.26820919433356644,0.526584320229699
4031,0.2506902376209741,0.29018477765594985,0.45912498472307606
4032,0.20299269518631263,0.25781873980341274,0.5391885650102746
4033,0.244475049771615,0.29156859075808017,0.46395635947030484
4034,0.31942569897876605,0.29756128457317954,0.38301301644805436
4035,0.292460009671298,0.29452469348279153,0.4130152968459105
4036,0.129457097903768,0.22470191605602916,0.6458409860402029
4037,0.26340086557053677,0.2816288629227067,0.4549702715067566
4038,0.1329465225909293,0.2158248271891937,0.6512286502198771
4039,0.15221449929644476,0.2228932372304185,0.6248922634731368
4040,0.2944930435550812,0.29893174789985183,0.40657520854506707
4041,0.3862147447415978,0.30298097034038324,0.310804284918019
4042,0.26760625834800644,0.29512893167967996,0.43726480997231365
4043,0.2953375628731087,0.2967995773136255,0.4078628598132659
4044,0.44987799962876174,0.2747649184613415,0.2753570819098967
4045,0.17603555144441835,0.25803153241570537,0.5659329161398764
4046,0.28494994205374713,0.279852397621417,0.4351976603248359
4047,0.3698551154767226,0.3027853136875325,0.3273595708357449
4048,0.13858742491327014,0.231557502324255,0.629855072762475
4049,0.26386708521597313,0.2850933974381854,0.45103951734584147
4050,0.34032768229743443,0.28759336454370776,0.37207895315885786
4051,0.3527352395487388,0.29391585869066483,0.3533489017605964
4052,0.24974307864090375,0.28778374203620427,0.46247317932289195
4053,0.2922114209909539,0.29872653802341204,0.40906204098563415
4054,0.10013864723231367,0.1973075194543716,0.7025538333133148
4055,0.2950239546137524,0.2932982897804807,0.4116777556057669
4056,0.08775833172368416,0.1740729329035874,0.7381687353727285
4057,0.16792303269364295,0.2537715237312699,0.5783054435750872
4058,0.2830213372256738,0.30550935383184114,0.41146930894248507
4059,0.18785808907255513,0.2635063596078215,0.5486355513196235
4060,0.390333339232656,0.29385352646954205,0.315813134297802
4061,0.2994622976934466,0.2916873408901544,0.4088503614163989
4062,0.3129959993584165,0.28653339923063725,0.40047060141094626
4063,0.3808697893092753,0.2912214401519967,0.3279087705387281
4064,0.3332803725919907,0.2916962820581258,0.3750233453498835
4065,0.35839812379480673,0.2843634550863546,0.35723842111883874
4066,0.21571347111376418,0.2634182532117655,0.5208682756744704
4067,0.39081089661883456,0.2865618138049389,0.3226272895762266
4068,0.25017417023268224,0.29081902435064044,0.4590068054166774
4069,0.2880984680167039,0.28376968024499283,0.4281318517383033
4070,0.20794540912932913,0.26511602673726026,0.5269385641334106
4071,0.2886275826950593,0.28867461091194857,0.4226978063929921
4072,0.22437573822802706,0.27763976425176684,0.4979844975202061
4073,0.15508762461000328,0.23760964900088508,0.6073027263891116
4074,0.1278962200831107,0.2150787564460071,0.6570250234708823
4075,0.17483955660791692,0.24699277555740537,0.5781676678346777
4076,0.22137191438198828,0.26803663472098144,0.5105914508970304
4077,0.16749615600943452,0.24686863224821173,0.5856352117423539
4078,0.5132681262664989,0.27422503551043487,0.2125068382230662
4079,0.1561011553194614,0.2390731671478313,0.6048256775327074
4080,0.2717800370523734,0.27777384807152045,0.45044611487610614
4081,0.17057500363182637,0.23904846510252092,0.5903765312656527
4082,0.22504125282592963,0.27658376171595295,0.4983749854581174
4083,0.1853887087713646,0.2543850742258981,0.5602262170027373
4084,0.30693678843530425,0.31319459622555623,0.37986861533913957
4085,0.33228148102132943,0.2889346882610615,0.37878383071760907
4086,0.35664499200342276,0.29805913684553437,0.345295871151043
4087,0.20307572556785508,0.2452595865734779,0.551664687858667
4088,0.38261017670262243,0.2902974861879981,0.32709233710937957
4089,0.12599190946307157,0.21259936950729502,0.6614087210296334
4090,0.19906042364788606,0.24903427050944912,0.5519053058426648
4091,0.2252047529265901,0.2717513554130207,0.5030438916603893
4092,0.2535877180806489,0.2677931911727492,0.478619090746602
4093,0.17435109623157055,0.2461683362890154,0.579480567479414
4094,0.10235506716601855,0.19867546923281873,0.6989694636011627
4095,0.16113913397740487,0.25229061837474187,0.5865702476478533
4096,0.30804683833699875,0.2835063714300093,0.408446790232992
4097,0.2599770839074565,0.2924612993672593,0.4475616167252842
4098,0.14429520033864568,0.2147742863063058,0.6409305133550486
4099,0.45916715801039665,0.27432254612264545,0.26651029586695785
4100,0.11794122486159189,0.1985528418997676,0.6835059332386405
4101,0.17469782911984294,0.24299807391175277,0.5823040969684042
4102,0.3709357466977485,0.294002487324534,0.3350617659777176
4103,0.22262878460404348,0.29298361992659067,0.48438759546936583
4104,0.44182688976590967,0.2705541495063536,0.2876189607277368
4105,0.23371631540244944,0.2845858591331291,0.4816978254644214
4106,0.4863789407368273,0.2698942051145262,0.24372685414864645
4107,0.1553445793092446,0.24487799220610337,0.5997774284846521
4108,0.15657405173611344,0.23313888688513548,0.6102870613787511
4109,0.21844575616440945,0.2800196365007789,0.5015346073348117
4110,0.2800858098478148,0.2834647498327853,0.4364494403194
4111,0.3620764547882424,0.2860217506164574,0.35190179459530035
4112,0.27947490987710955,0.264766057308517,0.4557590328143736
4113,0.33476466736078586,0.2923257402310935,0.37290959240812066
4114,0.23725337332339708,0.27326284726939415,0.4894837794072088
4115,0.21749188917892073,0.2625150050772178,0.5199931057438615
4116,0.22438752633220194,0.26149770828188146,0.5141147653859166
4117,0.20500665247241046,0.27119702230448717,0.5237963252231025
4118,0.31593157617627765,0.29480997493051875,0.38925844889320366
4119,0.30843987163049974,0.2728277070935694,0.4187324212759309
4120,0.3495872343501908,0.29758490551111727,0.352827860138692
4121,0.288717639640457,0.2764245563583858,0.43485780400115726
4122,0.2026137429806132,0.28760928411515263,0.5097769729042343
4123,0.316974210037321,0.28740633715427294,0.3956194528084061
4124,0.3609541964665142,0.29172429625577473,0.34732150727771105
4125,0.16758337390365813,0.23845007570800267,0.5939665503883393
4126,0.176061009574023,0.2415543517791009,0.5823846386468762
4127,0.21319985063718683,0.2623686781553677,0.5244314712074456
4128,0.18444802549757147,0.26634394503088715,0.5492080294715413
4129,0.09479352435177868,0.17581924438425142,0.72938723126397
4130,0.3008663792977734,0.2968603148060812,0.4022733058961455
4131,0.28953711999585446,0.30916069299164267,0.4013021870125028
4132,0.321451488835227,0.29168751932623177,0.3868609918385413
4133,0.19715345227907413,0.2600924140584226,0.5427541336625034
4134,0.23854974241286625,0.28691317382019843,0.4745370837669354
4135,0.19895146588582296,0.2652915046359239,0.5357570294782532
4136,0.25993591675150807,0.2951002726721453,0.44496381057634665
4137,0.3028505847652638,0.28245952359140175,0.41468989164333453
4138,0.22074540050875152,0.25843279032994165,0.5208218091613068
4139,0.1772681991378429,0.2730445774151128,0.5496872234470443
4140,0.17787843332192732,0.26282183201282755,0.5592997346652451
4141,0.149373931387731,0.2388611032126294,0.6117649653996395
4142,0.21576339749433968,0.25369209198663845,0.5305445105190219
4143,0.22612475140905436,0.26185598077691863,0.512019267814027
4144,0.5447779335572858,0.2581662617814958,0.19705580466121847
4145,0.4256649815660853,0.2901861158238085,0.2841489026101063
4146,0.2914107519477355,0.29554857663620226,0.4130406714160623
4147,0.16470974239006336,0.26634242335283964,0.568947834257097
4148,0.3509970250593232,0.29697590143426317,0.35202707350641366
4149,0.28862312523880607,0.30556924852226536,0.4058076262389285
4150,0.30017576382550565,0.29991971232331266,0.3999045238511817
4151,0.24966154512034128,0.2582355065170768,0.492102948362582
4152,0.2888793488359508,0.30278635496926964,0.4083342961947795
4153,0.30975899422833547,0.31521465032844687,0.3750263554432177
4154,0.39559705323353417,0.28261761698963156,0.32178532977683433
4155,0.07937930226711154,0.16820193972374425,0.7524187580091442
4156,0.10642402444480328,0.20151896124048546,0.6920570143147113
4157,0.24030901753958492,0.2838555299094597,0.4758354525509554
4158,0.19808336148126082,0.2646820887051803,0.537234549813559
4159,0.26951478960819736,0.3009969730583977,0.429488237333405
4160,0.16639801967255483,0.24563803655900146,0.5879639437684437
4161,0.12678813891857965,0.21895958882918967,0.6542522722522308
4162,0.16088924593594917,0.24456010976499898,0.5945506442990519
4163,0.36579452722454986,0.2937487541862013,0.3404567185892489
4164,0.1836939058605782,0.2668519983433237,0.5494540957960982
4165,0.25901767361816047,0.2766280058315405,0.46435432055029907
4166,0.14416327961547676,0.23303288456852495,0.6228038358159983
4167,0.15409290618669194,0.23481553343752645,0.6110915603757816
4168,0.14903202971084611,0.23598367714280705,0.6149842931463468
4169,0.24378532153522792,0.2712687104273781,0.4849459680373941
4170,0.46117049480313427,0.27043368111668825,0.2683958240801775
4171,0.3940202371667364,0.29614978471099296,0.30982997812227064
4172,0.40031657735470166,0.2869992387871934,0.312684183858105
4173,0.3251437726212262,0.30571299955923154,0.36914322781954234
4174,0.28063998928835054,0.29697144202915815,0.42238856868249136
4175,0.20845457653032745,0.27124182540700514,0.5203035980626675
4176,0.3064199095348902,0.2893015182059252,0.4042785722591846
4177,0.3342450655450458,0.28813904856374173,0.37761588589121253
4178,0.3591020614705058,0.2949834753845916,0.3459144631449027
4179,0.19955443243138507,0.26920661349641595,0.5312389540721991
4180,0.2078750157710752,0.2659346646118353,0.5261903196170895
4181,0.2796061802043379,0.3004478520538446,0.41994596774181747
4182,0.21440266455651452,0.28751662357977825,0.4980807118637072
4183,0.19965998380418962,0.279390469620682,0.5209495465751285
4184,0.4459359188712084,0.28638998559734585,0.2676740955314457
4185,0.3808124363354452,0.2862828738130003,0.3329046898515546
4186,0.363253262001619,0.3051688661011741,0.331577871897207
4187,0.22523008522654292,0.2776017926490357,0.49716812212442135
4188,0.46004147006542884,0.2866667043948131,0.2532918255397581
4189,0.30650236231913686,0.287968812005534,0.40552882567532916
4190,0.21471771537043724,0.2751263777412557,0.510155906888307
4191,0.20541907906837004,0.27715921718533815,0.5174217037462918
4192,0.13189176065154684,0.2147006433625914,0.6534075959858618
4193,0.2736061327652295,0.29950651101801423,0.42688735621675633
4194,0.42619339749305246,0.3098498930501198,0.2639567094568278
4195,0.18672299235885736,0.2650011234006126,0.54827588424053
4196,0.20342311124173268,0.261905184406776,0.5346717043514913
4197,0.24796153246960212,0.27555271640676127,0.4764857511236366
4198,0.20940623237333245,0.27220753078877263,0.518386236837895
4199,0.2535609569500846,0.2936890456848781,0.45274999736503724
4200,0.14004596375711378,0.24287841245598485,0.6170756237869014
4201,0.18597252809176334,0.25345433739669254,0.5605731345115442
4202,0.306325073761979,0.30177535525131793,0.39189957098670314
4203,0.25559933583324146,0.2737673413256975,0.470633322841061
4204,0.2988451584779238,0.2917750353242704,0.4093798061978059
4205,0.3815388467543269,0.30914615260320166,0.30931500064247136
4206,0.19089549337798434,0.264668016704269,0.5444364899177467
4207,0.2513930833803198,0.28411701591422134,0.46448990070545887
4208,0.45179367402421916,0.29034505061414495,0.2578612753616359
4209,0.3505349670789381,0.29665672873044124,0.35280830419062065
4210,0.17154985985776658,0.2388580309614973,0.5895921091807361
4211,0.2889356551212742,0.3061467262188594,0.4049176186598665
4212,0.17911624227622785,0.2494879584271789,0.5713957992965933
4213,0.30897726378421575,0.3036537405305127,0.3873689956852716
4214,0.4032982064684154,0.30084147778092407,0.2958603157506604
4215,0.13399121519264026,0.23344455718030602,0.6325642276270538
4216,0.3212854800903967,0.30535873874249964,0.37335578116710366
4217,0.3998897272522567,0.2862140605627846,0.3138962121849588
4218,0.34177273385431856,0.2868015068481284,0.371425759297553
4219,0.26182417787447154,0.30892085500285515,0.4292549671226733
4220,0.1728158316626573,0.2523321662743843,0.5748520020629584
4221,0.37582616626486554,0.2983252189904628,0.32584861474467164
4222,0.24053049694852283,0.2731767412639001,0.4862927617875771
4223,0.4559360276343047,0.3063073478267067,0.23775662453898846
4224,0.19308899122813222,0.27209898941706495,0.5348120193548028
4225,0.391232000056099,0.30195442957660906,0.30681357036729195
4226,0.2628792772029237,0.2892623252944476,0.4478583975026287
4227,0.16718364226568694,0.26049787303233696,0.5723184847019761
4228,0.3044509504231511,0.2947448572567948,0.4008041923200542
4229,0.2434594947922278,0.2697772130524878,0.4867632921552844
4230,0.2181456666056849,0.2751815335621212,0.5066727998321939
4231,0.21732253751249858,0.2838110257279056,0.4988664367595958
4232,0.24932024759378388,0.27922338929103224,0.47145636311518396
4233,0.4152936973845084,0.3102405507375537,0.27446575187793804
4234,0.17255759921464536,0.2545313698573095,0.5729110309280451
4235,0.2706889003911945,0.29894831110867487,0.43036278850013066
4236,0.14555612082864464,0.23458985245751487,0.6198540267138406
4237,0.397393719939647,0.29976023043005995,0.3028460496302931
4238,0.45189324725612384,0.28399640491803524,0.264110347825841
4239,0.2620667216454703,0.306251373795623,0.43168190455890676
4240,0.2289421914469328,0.27967803730590496,0.49137977124716237
4241,0.29538298303246857,0.3071826622822976,0.3974343546852338
4242,0.2640481618948963,0.2836953534364311,0.45225648466867263
4243,0.1927811437897416,0.2737335060736059,0.5334853501366525
4244,0.37413883196579933,0.3194991174186744,0.30636205061552624
4245,0.255879573618624,0.2888401802808951,0.4552802461004809
4246,0.2442652550528921,0.2789569867868348,0.4767777581602732
4247,0.36059974616707385,0.28842341784385495,0.3509768359890712
4248,0.15536746885964195,0.25088784807306896,0.5937446830672891
4249,0.18303887834369087,0.2561991795978288,0.5607619420584804
4250,0.19304116318693848,0.25975603750249665,0.5472027993105648
4251,0.2616400552987654,0.29937072240659673,0.4389892222946378
4252,0.2548229892136328,0.30151736841695587,0.44365964236941136
4253,0.11519006009823593,0.21007926668738158,0.6747306732143825
4254,0.14757062608586244,0.24434906039753032,0.6080803135166072
4255,0.21027178306355623,0.2747663229954791,0.5149618939409647
4256,0.3524067935991452,0.2854044681508256,0.3621887382500293
4257,0.3391452872498032,0.3159468410144266,0.34490787173577014
4258,0.4160544853104886,0.30604912109135335,0.277896393598158
4259,0.3225535444889195,0.29679950832081664,0.38064694719026393
4260,0.3508044326469474,0.317786243343024,0.3314093240100286
4261,0.2076260624481005,0.2826427906000171,0.5097311469518824
4262,0.3638237382882941,0.2985765823929515,0.33759967931875445
4263,0.24817982826078083,0.2754718135973057,0.4763483581419135
4264,0.30860529986221813,0.2859198579444302,0.4054748421933518
4265,0.25350436685364336,0.29386892403479936,0.4526267091115574
4266,0.29361360020050487,0.3118924410002347,0.3944939587992604
4267,0.2624515849212429,0.30339302509058785,0.4341553899881693
4268,0.15512498453196244,0.24378401321721888,0.6010910022508187
4269,0.19072720619063774,0.2663101316285711,0.5429626621807911
4270,0.19084988289992283,0.2849332493368407,0.5242168677632365
4271,0.4640028031800102,0.27576378813520913,0.2602334086847806
4272,0.15161591870514135,0.23429010730946204,0.6140939739853967
4273,0.2002451894346211,0.2581539349099518,0.5416008756554271
4274,0.34237366707198486,0.28863760224562995,0.36898873068238525
4275,0.2639867451198007,0.3075661254797565,0.42844712940044294
4276,0.22862279085249507,0.2799701745858315,0.4914070345616734
4277,0.41977329921446527,0.30073078552420596,0.2794959152613287
4278,0.19058488683417457,0.2751991376485083,0.5342159755173171
4279,0.24257527509731638,0.2975053504962118,0.4599193744064718
4280,0.48223277504831535,0.27564826499757844,0.2421189599541062
4281,0.17997352181725518,0.24841540962112524,0.5716110685616196
4282,0.16828058698139725,0.24162892409381925,0.5900904889247836
4283,0.09808232916762707,0.19951131524224247,0.7024063555901304
4284,0.3027793022577837,0.2944494542437098,0.4027712434985066
4285,0.22188130439924958,0.27984433367305267,0.49827436192769764
4286,0.38605424623165574,0.3081784576315963,0.30576729613674797
4287,0.2245012495079462,0.28611476664484026,0.4893839838472136
4288,0.5433903224465678,0.2675477063710804,0.18906197118235196
4289,0.14489574892050583,0.235916436469319,0.6191878146101752
4290,0.4325637372477661,0.29742357180296014,0.2700126909492738
4291,0.2711262074480147,0.2859326114842375,0.4429411810677478
4292,0.23297201121315889,0.27746882874739254,0.48955916003944866
4293,0.19235824082758712,0.2529879360910042,0.5546538230814086
4294,0.3555043224722456,0.3036026153753469,0.3408930621524075
4295,0.34769172354546884,0.29744417815799046,0.35486409829654064
4296,0.13221734403433888,0.21025183426405897,0.6575308217016023
4297,0.16572054005201986,0.26012729766226383,0.5741521622857164
4298,0.18019128271432922,0.27273423668171565,0.5470744806039551
4299,0.23844299700655602,0.28440077856030993,0.4771562244331341
4300,0.36396603260895877,0.3008889842420138,0.33514498314902746
4301,0.17732170537041755,0.24688336107243458,0.5757949335571478
4302,0.31892174930017764,0.2894434005857507,0.3916348501140717
4303,0.1475085609238041,0.2354352851460519,0.617056153930144
4304,0.3297095948903134,0.3031991958903798,0.3670912092193068
4305,0.3318439696111864,0.2939920730724777,0.374163957316336
4306,0.33642210383729215,0.30094825520876556,0.3626296409539423
4307,0.27847673791014566,0.2917902095493278,0.42973305254052657
4308,0.3251405329036535,0.26669108323473456,0.40816838386161197
4309,0.1761284562281253,0.25178859445306845,0.5720829493188062
4310,0.14231984108133952,0.2351621416164738,0.6225180173021868
4311,0.37399612079783123,0.29935291678759024,0.3266509624145785
4312,0.20635549074723974,0.2699901272040624,0.523654382048698
4313,0.39522071763911765,0.310271089950562,0.29450819241032034
4314,0.10075357872928707,0.19761880619978917,0.7016276150709239
4315,0.24543588415463566,0.2783306063299447,0.4762335095154197
4316,0.18374960136089621,0.27265828061628117,0.5435921180228227
4317,0.1788094979226351,0.2723294425056938,0.5488610595716711
4318,0.37156267075734506,0.3159796695652902,0.3124576596773648
4319,0.1532266170487394,0.24673344333754105,0.6000399396137196
4320,0.3714823431099614,0.3061345568583402,0.3223831000316985
4321,0.16800289467205937,0.24101711256494726,0.5909799927629934
4322,0.27927033846774996,0.2795125492894716,0.44121711224277854
4323,0.3331393482030703,0.2788648971555877,0.38799575464134206
4324,0.2677032175115245,0.29252430743840163,0.439772475050074
4325,0.23903684178546786,0.283223945810602,0.47773921240393014
4326,0.26378293629884153,0.2968881986731545,0.4393288650280039
4327,0.08928165111889497,0.18475856362268134,0.7259597852584236
4328,0.23063315201564544,0.28504137181054323,0.48432547617381133
4329,0.15549536850782858,0.23598163118831011,0.6085230003038614
4330,0.2830662349354566,0.27142204291988686,0.44551172214465656
4331,0.36053865279980235,0.2875475958162768,0.35191375138392095
4332,0.15938298848109814,0.25375354559706087,0.586863465921841
4333,0.21228667906860083,0.27073902416805995,0.5169742967633392
4334,0.4376490310092248,0.2884345464703329,0.27391642252044224
4335,0.25201172861202514,0.2899703449126723,0.4580179264753026
4336,0.33951668113946765,0.29717346819972673,0.3633098506608056
4337,0.18552173283099094,0.26098939136701815,0.5534888758019909
4338,0.37142087260470047,0.2927922966793569,0.3357868307159427
4339,0.1470630432248414,0.23759429710534324,0.6153426596698154
4340,0.1165947361731285,0.20144965325497757,0.6819556105718939
4341,0.2454101261925759,0.2852055524997367,0.46938432130768737
4342,0.17288024830197907,0.24772763730347352,0.5793921143945474
4343,0.179813956606444,0.2528351824366341,0.5673508609569219
4344,0.16847750654927815,0.23849274806731727,0.5930297453834046
4345,0.19298441155182688,0.27285958254782205,0.5341560059003511
4346,0.23910241112747146,0.2783511860964042,0.4825464027761243
4347,0.13475917787694014,0.229571809728311,0.6356690123947489
4348,0.42312644279883915,0.30626676873859404,0.2706067884625668
4349,0.24800743714629006,0.29846852523431294,0.4535240376193969
4350,0.3436251020021183,0.29720023640848614,0.35917466158939565
4351,0.12087427438575368,0.2299892448307706,0.6491364807834759
4352,0.23704443866904726,0.28812142762881576,0.47483413370213706
4353,0.5096554588226889,0.25843388693143865,0.23191065424587243
4354,0.40717676400746755,0.2980393642572198,0.29478387173531273
4355,0.4921758332552348,0.2880704408614561,0.219753725883309
4356,0.2734799904949403,0.2993542042268248,0.42716580527823494
4357,0.27843779161545024,0.3017447150341085,0.4198174933504412
4358,0.07967302250673516,0.1738435431463487,0.7464834343469161
4359,0.27660500216327033,0.2968260889582408,0.4265689088784889
4360,0.2404999721375413,0.28118433920032426,0.4783156886621344
4361,0.2739800476134479,0.2991469067573592,0.4268730456291929
4362,0.19784054706267523,0.27349310268251065,0.5286663502548142
4363,0.08481312725816155,0.170867116532697,0.7443197562091415
4364,0.16698581053142272,0.24536885657713992,0.5876453328914374
4365,0.3118563926155029,0.30581681652334897,0.3823267908611482
4366,0.19997870166710693,0.274378329562867,0.5256429687700261
4367,0.24754964087025194,0.2846905365943467,0.4677598225354013
4368,0.31800945615050646,0.30113866863601996,0.38085187521347363
4369,0.4532563430866832,0.2910269537023872,0.2557167032109297
4370,0.3989121611868229,0.28321117698528075,0.3178766618278965
4371,0.3383210744126144,0.28691437682851334,0.37476454875887233
4372,0.2543605075265762,0.2869850934334249,0.45865439903999905
4373,0.18019747963185853,0.2711663298233875,0.548636190544754
4374,0.3033429923870535,0.30650661105880184,0.39015039655414474
4375,0.3258546247314932,0.3024618541003109,0.371683521168196
4376,0.20929562680713748,0.2728816219205577,0.5178227512723048
4377,0.1574911803498814,0.24120296875408126,0.6013058508960374
4378,0.378764491427651,0.3134659499198015,0.3077695586525476
4379,0.29852304770988086,0.29935887759916135,0.4021180746909578
4380,0.2628438289401195,0.2716698524889221,0.46548631857095846
4381,0.26406349623284714,0.30500447278779247,0.4309320309793604
4382,0.42586394880175205,0.3013810810497368,0.27275497014851124
4383,0.17555883983130527,0.252829016709488,0.5716121434592069
4384,0.23789558504466163,0.27301920810368846,0.4890852068516499
4385,0.0993320329540834,0.20402863841354146,0.6966393286323751
4386,0.20658408645459433,0.27819341954411947,0.5152224940012862
4387,0.14518500486603775,0.24685594855153847,0.6079590465824238
4388,0.10885487548737764,0.20511390870913168,0.6860312158034907
4389,0.19949992284740584,0.27816013582691823,0.522339941325676
4390,0.30379340989363723,0.29716332659252503,0.3990432635138378
4391,0.27934809849278563,0.3107337105555453,0.4099181909516692
4392,0.4708044606935437,0.2926107871289338,0.23658475217752253
4393,0.242763287087655,0.28488285535546964,0.4723538575568754
4394,0.21606537086860741,0.2791615569779018,0.5047730721534908
4395,0.1781974913861345,0.25392550109004575,0.5678770075238199
4396,0.3582253289195738,0.2793156416969128,0.3624590293835134
4397,0.38735352975189247,0.29689228296082737,0.31575418728728016
4398,0.3165868037148507,0.2993429125397002,0.38407028374544916
4399,0.09845343697576994,0.2016420753708575,0.6999044876533727
4400,0.15135098604649724,0.24285228494200778,0.605796729011495
4401,0.30664105429524285,0.28287320316881126,0.410485742535946
4402,0.31803196160869673,0.2954937559296169,0.3864742824616864
4403,0.17371533245370338,0.26958495607831484,0.5566997114679818
4404,0.1217825576811222,0.21814262770871293,0.6600748146101649
4405,0.2808074919179934,0.29618859261592073,0.4230039154660858
4406,0.18472600399860623,0.24289932499365302,0.5723746710077408
4407,0.26055167809510005,0.2891471866671514,0.45030113523774873
4408,0.3289001621103821,0.2918225660219055,0.37927727186771243
4409,0.20827073629700835,0.2787292578838421,0.5130000058191495
4410,0.31457028262481623,0.29969915709343864,0.3857305602817451
4411,0.2658516729479881,0.29005844618043963,0.44408988087157236
4412,0.11119733673778227,0.21267829887961018,0.6761243643826076
4413,0.2853628586805587,0.2859696533443556,0.4286674879750857
4414,0.4122174534467411,0.29158605540797594,0.29619649114528296
4415,0.43333313901251913,0.28371470686163236,0.2829521541258485
4416,0.273991952088903,0.2938992435952959,0.4321088043158012
4417,0.35384636795140334,0.31147388624047456,0.33467974580812204
4418,0.383147817885495,0.31185920148926066,0.3049929806252444
4419,0.2989194516081066,0.2861018757222543,0.41497867266963906
4420,0.2622248840601908,0.28965483429633443,0.4481202816434748
4421,0.2659119613591554,0.30014442431496946,0.43394361432587514
4422,0.2799848403565028,0.2846123469334278,0.4354028127100695
4423,0.34897953466557097,0.30143793013135134,0.3495825352030777
4424,0.17877510052313103,0.2607453621677992,0.5604795373090699
4425,0.2892088541711411,0.2918493758792887,0.4189417699495701
4426,0.3650997498852387,0.31438941923630936,0.32051083087845195
4427,0.10137689445500128,0.1945582920647345,0.7040648134802642
4428,0.3335667759313761,0.28960106372588046,0.37683216034274347
4429,0.23888611002518748,0.2865719760014085,0.4745419139734041
4430,0.1505269353711192,0.2263090181646134,0.6231640464642674
4431,0.11845994035187606,0.22500185584605087,0.6565382038020731
4432,0.1516194844476465,0.25090994352097223,0.5974705720313813
4433,0.23616455454950058,0.28049517790033923,0.4833402675501602
4434,0.34443783188481036,0.2956009977314907,0.35996117038369907
4435,0.2028316191057551,0.2800231681060775,0.5171452127881674
4436,0.2067582746904276,0.2517598056095868,0.5414819196999856
4437,0.43763978279303,0.2872258451884755,0.2751343720184946
4438,0.4161332142577625,0.30296230856624373,0.2809044771759938
4439,0.34732259674150756,0.2759875809102265,0.3766898223482659
4440,0.23686529907067255,0.29253023606955386,0.4706044648597736
4441,0.2862735318596257,0.28486495486928404,0.4288615132710903
4442,0.3680971784667876,0.29362215854619184,0.3382806629870206
4443,0.14590080554143112,0.23671386098213532,0.6173853334764337
4444,0.18122396757055842,0.23209612906077948,0.586679903368662
4445,0.21676603088834132,0.26496084846451745,0.5182731206471413
4446,0.362237381475866,0.3049038116343403,0.33285880688979363
4447,0.40277200399054003,0.3034739132618711,0.2937540827475889
4448,0.10183650311247919,0.21341536384170218,0.6847481330458186
4449,0.19370750320146227,0.2744250282400526,0.5318674685584852
4450,0.18129406453859767,0.2564282627309505,0.5622776727304519
4451,0.1799576630733804,0.2640410720652877,0.5560012648613318
4452,0.11737458183099807,0.206157380406667,0.6764680377623349
4453,0.14578419336728418,0.2241999657248992,0.6300158409078167
4454,0.18364508868408508,0.2534788938984708,0.5628760174174441
4455,0.3058226164834258,0.30775858244849796,0.38641880106807625
4456,0.29504351947926444,0.2890998723720425,0.4158566081486931
4457,0.3592572797022576,0.3011099988536778,0.3396327214440646
4458,0.12468631480158096,0.2024819215585809,0.6728317636398382
4459,0.49129385517751195,0.270275330849694,0.23843081397279403
4460,0.3484958639344156,0.2816569525256703,0.3698471835399141
4461,0.3624328058608476,0.29858746393342095,0.33897973020573147
4462,0.4375547119425514,0.3026888872875835,0.2597564007698653
4463,0.17921971235578166,0.26789380028575194,0.5528864873584663
4464,0.2378407024062017,0.25942932673268615,0.5027299708611122
4465,0.25365437687783254,0.2717725878457552,0.47457303527641237
4466,0.17382935293357113,0.26017492582695245,0.5659957212394764
4467,0.2135775497029851,0.2836791680835984,0.5027432822134165
4468,0.14320208203465493,0.22850004838680854,0.6282978695785365
4469,0.2881303597991726,0.30554824035524825,0.40632139984557913
4470,0.14377339921945187,0.23230830729515542,0.6239182934853928
4471,0.20422444226608188,0.2725379990739019,0.5232375586600162
4472,0.18953847133256996,0.25702511465417344,0.5534364140132566
4473,0.32592573175670453,0.2872891394242889,0.3867851288190065
4474,0.5352879341030966,0.2832625940808274,0.18144947181607599
4475,0.20274679769915954,0.27768961935027797,0.5195635829505626
4476,0.18579273009608088,0.27605964685601053,0.5381476230479086
4477,0.10982725579793132,0.199730379896275,0.6904423643057938
4478,0.11288025572017328,0.21901294535237617,0.6681067989274506
4479,0.16752491346593829,0.23943401846609533,0.5930410680679665
4480,0.2975095282868149,0.29843314790557507,0.4040573238076101
4481,0.3321333503399866,0.30216173531127477,0.36570491434873864
4482,0.26198153113426975,0.26909152196168573,0.4689269469040446
4483,0.35871139415551856,0.2953924312507761,0.34589617459370536
4484,0.3643989675215274,0.29580573354617395,0.33979529893229876
4485,0.3379046639455988,0.30836290202384353,0.3537324340305576
4486,0.2669893581563924,0.29421188032584134,0.4387987615177663
4487,0.252857781945513,0.2633073359439462,0.4838348821105408
4488,0.300602248988286,0.30450007649992317,0.39489767451179086
4489,0.17871947772775268,0.2692262512320707,0.5520542710401767
4490,0.21950083069157342,0.2640591098532399,0.5164400594551867
4491,0.44691518164874555,0.29057125583183313,0.2625135625194214
4492,0.4146809285708527,0.2871809990652049,0.29813807236394246
4493,0.3318349391643878,0.29069922165006384,0.3774658391855483
4494,0.16684664038746266,0.2520268458906109,0.5811265137219264
4495,0.12724340866503533,0.22068702786510364,0.652069563469861
4496,0.49437501048177596,0.2737099407800674,0.23191504873815666
4497,0.3501310099641729,0.28098714112161327,0.36888184891421383
4498,0.14936434779301438,0.2426369010739359,0.6079987511330497
4499,0.16422201599705533,0.2326435645991333,0.6031344194038114
4500,0.10810200324720909,0.2177625457452333,0.6741354510075576
4501,0.30606260051012535,0.2890954022079685,0.4048419972819062
4502,0.3682466607563193,0.30884637615327537,0.32290696309040534
4503,0.1845134951951791,0.26091125326987746,0.5545752515349435
4504,0.14766581692016426,0.24239492624347303,0.6099392568363627
4505,0.35908512529582653,0.30032860675506634,0.34058626794910724
4506,0.12692961476765705,0.2185837743418682,0.6544866108904748
4507,0.20564497462239384,0.23895129885924163,0.5554037265183646
4508,0.37348943725242134,0.2813515036671023,0.34515905908047645
4509,0.21527853578773937,0.27767622281612675,0.5070452413961339
4510,0.1685663468794715,0.2520124432238914,0.5794212098966371
4511,0.3984575482912089,0.2998546012592764,0.3016878504495148
4512,0.23196648140866868,0.26736059804265333,0.500672920548678
4513,0.44362196378150875,0.2834474878557426,0.27293054836274877
4514,0.47661359757575655,0.2903787706366027,0.23300763178764078
4515,0.1267642582930908,0.2209518253794364,0.6522839163274728
4516,0.28437990328409624,0.27951992013914373,0.43610017657676015
4517,0.4137422901571101,0.2976184437739862,0.2886392660689037
4518,0.36933917457119075,0.29605993833958305,0.3346008870892262
4519,0.5745221405956998,0.2616273038807473,0.1638505555235529
4520,0.14142305603862068,0.22912931756144106,0.6294476263999382
4521,0.25225340413063546,0.29454831351622657,0.453198282353138
4522,0.20465515665293169,0.26274750586383344,0.5325973374832349
4523,0.22602401864844093,0.27419514259681854,0.4997808387547405
4524,0.16559963053375584,0.25361776468945635,0.5807826047767879
4525,0.1391119409173977,0.23889921238972794,0.6219888466928744
4526,0.2066943388161122,0.266400044339394,0.5269056168444939
4527,0.2928476374817066,0.2793193001559279,0.4278330623623655
4528,0.12098825200084903,0.21247819778436483,0.6665335502147861
4529,0.18733024853737407,0.26047176159168184,0.5521979898709442
4530,0.26312310110686504,0.28306580182795643,0.45381109706517864
4531,0.340747356559565,0.304263237862359,0.3549894055780761
4532,0.3039360838880122,0.3048882918915615,0.3911756242204263
4533,0.17723100580277376,0.25208242880990656,0.5706865653873198
4534,0.2640239683889742,0.2825886695695173,0.45338736204150865
4535,0.2980852905687004,0.28778309267037316,0.4141316167609265
4536,0.26032517765467295,0.28716018468527754,0.4525146376600496
4537,0.2881106199614127,0.2931391267199135,0.41875025331867377
4538,0.37785311522270665,0.29118737348520246,0.33095951129209095
4539,0.17616137769414114,0.2561140956012301,0.5677245267046288
4540,0.3573005952767523,0.28522395750957374,0.35747544721367397
4541,0.49308706060874696,0.2706481605890968,0.2362647788021563
4542,0.12090729144378365,0.2157253448438623,0.663367363712354
4543,0.2871209234684861,0.2900295034509332,0.4228495730805807
4544,0.4753074959101461,0.2921887464328218,0.232503757657032
4545,0.3740402750243082,0.28933893291872914,0.33662079205696277
4546,0.22457748233855696,0.27527965981281943,0.5001428578486237
4547,0.25319617679294837,0.2862491171020507,0.46055470610500093
4548,0.16717160205259043,0.26018685774771805,0.5726415401996915
4549,0.164541266046405,0.238988129013322,0.596470604940273
4550,0.1787038234161224,0.2524111266749275,0.5688850499089501
4551,0.23612670315523646,0.27295052725561225,0.49092276958915126
4552,0.20689890908921904,0.2565656017273349,0.5365354891834461
4553,0.31230867057054185,0.29982495803017234,0.38786637139928576
4554,0.11708774837097943,0.19999871655825519,0.6829135350707654
4555,0.2924318525264009,0.2997382768630609,0.40782987061053827
4556,0.25898602680672217,0.2877980930047073,0.45321588018857056
4557,0.3331759544505785,0.29991915846171563,0.3669048870877059
4558,0.1311577281450301,0.22359461784190948,0.6452476540130605
4559,0.21085335148963455,0.27382911580589514,0.5153175327044703
4560,0.21798789111129144,0.29047161304178004,0.4915404958469285
4561,0.2589609820822544,0.28068873659725657,0.46035028132048905
4562,0.3240722078398617,0.30003235376666837,0.37589543839347
4563,0.15154358213982824,0.2492279487622672,0.5992284690979046
4564,0.23093205497452196,0.2672718718645674,0.5017960731609106
4565,0.24843398319736779,0.28148064180957827,0.4700853749930539
4566,0.23405632176987884,0.28334818891119207,0.48259548931892915
4567,0.3629957859635732,0.3017122629164959,0.33529195111993093
4568,0.2502188502424827,0.2806568405534335,0.46912430920408393
4569,0.318142639865314,0.3070420752444393,0.3748152848902468
4570,0.1719687547176082,0.257553232794945,0.5704780124874468
4571,0.15986063747737256,0.25006710134694055,0.5900722611756869
4572,0.292314879895266,0.27902992550010064,0.4286551946046334
4573,0.2970677416220059,0.29650925977043063,0.4064229986075635
4574,0.19695667743742318,0.27027756743054554,0.5327657551320314
4575,0.3330174719861093,0.3022613624445662,0.3647211655693245
4576,0.4302041615403082,0.30477100876519797,0.26502482969449376
4577,0.4335187317845811,0.2781447661055893,0.2883365021098296
4578,0.2945471416602547,0.29174552572095436,0.41370733261879106
4579,0.3773011434389981,0.28796796365465605,0.33473089290634583
4580,0.31904347970597763,0.3109571932012182,0.36999932709280425
4581,0.24752935525946623,0.28380486083290846,0.4686657839076253
4582,0.21746621035485977,0.27862539429189087,0.5039083953532495
4583,0.2515592863835203,0.2831338239042742,0.4653068897122054
4584,0.3867981235705353,0.2822685209283382,0.3309333555011266
4585,0.21571771739037993,0.2837648118401151,0.5005174707695049
4586,0.22087665884858015,0.27760610936069996,0.5015172317907199
4587,0.28237845314952703,0.3042876998753269,0.4133338469751462
4588,0.20063201677231354,0.24960937476112396,0.5497586084665624
4589,0.2525346335165991,0.2883143993506516,0.4591509671327493
4590,0.24780886057985319,0.29236076614499834,0.4598303732751485
4591,0.2833891154854344,0.30127338566539186,0.41533749884917376
4592,0.35683780494334927,0.2964849240111268,0.34667727104552404
4593,0.18710989503999792,0.28461394846748733,0.5282761564925147
4594,0.29094455239434597,0.3072793948510997,0.4017760527545544
4595,0.11326148200723177,0.2098300424020067,0.6769084755907615
4596,0.3561833842026411,0.28368984998259966,0.3601267658147592
4597,0.34273786031092723,0.2982118783141953,0.35905026137487756
4598,0.2146855083582639,0.2762990430845449,0.5090154485571912
4599,0.1458547668576101,0.24951329368439482,0.6046319394579951
4600,0.4891504829403613,0.2701552317536276,0.24069428530601117
4601,0.32802531072574653,0.3046647125426315,0.367309976731622
4602,0.33295374380738374,0.30436576231965096,0.36268049387296536
4603,0.3175810444519051,0.28322295165174244,0.39919600389635246
4604,0.18294522225380863,0.26272806509286684,0.5543267126533246
4605,0.21169756687806335,0.2697279919443021,0.5185744411776346
4606,0.3515373147063482,0.3146252477834412,0.33383743751021067
4607,0.27018825750781217,0.28940922485935194,0.4404025176328359
4608,0.2670734696945462,0.28867963800190105,0.44424689230355285
4609,0.1292955505755182,0.23702697869077455,0.6336774707337073
4610,0.3404983867726814,0.30871473569156194,0.3507868775357566
4611,0.2866911547577738,0.2831565311583028,0.4301523140839235
4612,0.37582861732991235,0.3058550894591187,0.31831629321096894
4613,0.23009758469730873,0.2882755853343401,0.4816268299683512
4614,0.17464905644876058,0.25435929781021943,0.57099164574102
4615,0.18807564800935297,0.26374786864290584,0.5481764833477413
4616,0.13469175256259144,0.23010309411774688,0.6352051533196617
4617,0.2726988315091319,0.28831960222064573,0.43898156627022245
4618,0.3381221758708908,0.293420784827858,0.36845703930125134
4619,0.24061510237107156,0.2947814044955782,0.4646034931333503
4620,0.2448177924148846,0.28329867815323373,0.47188352943188167
4621,0.3069446321797541,0.3111021042130718,0.3819532636071742
4622,0.17294133453863442,0.25940225082568774,0.567656414635678
4623,0.32740801010546366,0.2984885277579783,0.37410346213655815
4624,0.1911818575672925,0.2639419142378867,0.5448762281948208
4625,0.43457397350632343,0.3004337678623396,0.264992258631337
4626,0.4109882165510446,0.2794989717712249,0.3095128116777306
4627,0.2402511307255633,0.2742826275633706,0.48546624171106617
4628,0.4012842215402757,0.29402735597151836,0.304688422488206
4629,0.15362880910820803,0.25613898122420203,0.5902322096675899
4630,0.2719774355259494,0.3003501470405657,0.42767241743348494
4631,0.306542575931818,0.29658890426047957,0.39686851980770244
4632,0.2357483198887235,0.2838427406917414,0.4804089394195351
4633,0.1280503173459398,0.22365182896614852,0.6482978536879117
4634,0.3881516155701415,0.304491891543672,0.3073564928861865
4635,0.2391197283259651,0.27565990893468006,0.48522036273935487
4636,0.20838966246481427,0.26682440547715336,0.5247859320580324
4637,0.2705565453426758,0.29665996820643803,0.4327834864508862
4638,0.2955394973165161,0.29592393149541163,0.4085365711880723
4639,0.1677957911686653,0.2632392109685768,0.5689649978627579
4640,0.3433035969887953,0.30933471688819975,0.347361686123005
4641,0.2299641080080408,0.2865163446271441,0.48351954736481517
4642,0.21093125877867974,0.27502502624377806,0.5140437149775422
4643,0.17017218701257195,0.25668360891243536,0.5731442040749928
4644,0.40753277334932125,0.30221636898893406,0.29025085766174474
4645,0.38551223342269686,0.3057043801178928,0.3087833864594104
4646,0.18114785066637112,0.24615129347939857,0.5727008558542304
4647,0.223211420378329,0.26550507770614606,0.5112835019155251
4648,0.19724705473742285,0.25654272754071294,0.5462102177218642
4649,0.2065043150548697,0.27912223331092784,0.5143734516342024
4650,0.19891700762297643,0.26954840805113245,0.5315345843258912
4651,0.2336791667647115,0.27461915425961564,0.49170167897567285
4652,0.2245424030157636,0.294416928354623,0.4810406686296134
4653,0.28299168580280465,0.2781286510136824,0.43887966318351296
4654,0.44170946419462637,0.2916686023734989,0.26662193343187485
4655,0.2050186105666203,0.2691011919127731,0.5258801975206067
4656,0.26310030340446117,0.3034441621465491,0.4334555344489898
4657,0.16550028514240628,0.25047120956741004,0.5840285052901837
4658,0.28367512542136214,0.3068456502264504,0.40947922435218753
4659,0.3309736915530936,0.30525251761752764,0.36377379082937883
4660,0.147264666149255,0.23940542588202382,0.6133299079687211
4661,0.3803620876122259,0.31629877479296065,0.3033391375948135
4662,0.39649015297820545,0.2947603802670083,0.30874946675478626
4663,0.30984692037282013,0.3032448917487064,0.3869081878784734
4664,0.17017100866586224,0.2545292625743424,0.5752997287597955
4665,0.14633349823798994,0.23529139106240882,0.6183751106996013
4666,0.30701037904503103,0.29888046994086803,0.39410915101410093
4667,0.2297672304298388,0.27657598347111273,0.49365678609904856
4668,0.16523103568207917,0.2614203754083729,0.573348588909548
4669,0.2207585601851018,0.28552380379293363,0.4937176360219646
4670,0.3646259729331158,0.30092575605056615,0.334448271016318
4671,0.1921189475099085,0.2716276571142481,0.5362533953758435
4672,0.25083116490784474,0.3040347674326855,0.44513406765946983
4673,0.22770808171375773,0.2724081945554655,0.49988372373077683
4674,0.17795199246113716,0.26267777788932994,0.559370229649533
4675,0.13972586933068168,0.22325705956622324,0.637017071103095
4676,0.18121932339829788,0.2604233091296208,0.5583573674720813
4677,0.38024885071880316,0.29360062479528526,0.32615052448591153
4678,0.28536136532818324,0.2915193828085047,0.42311925186331206
4679,0.25665456226760963,0.3039352825715175,0.43941015516087295
4680,0.18661518141294087,0.270296257491971,0.5430885610950882
4681,0.2502137509537028,0.2884769378074391,0.4613093112388581
4682,0.25052335813466187,0.29570556493287725,0.4537710769324609
4683,0.16194770251601046,0.24565046201704122,0.5924018354669484
4684,0.281730964300022,0.32079916340703585,0.39746987229294223
4685,0.5349075405754177,0.2643915839569334,0.20070087546764892
4686,0.13563963112038638,0.22721677871352677,0.6371435901660869
4687,0.251018810634594,0.27863244809721605,0.47034874126818993
4688,0.2932932119744659,0.3049095569173338,0.4017972311082003
4689,0.3374359897011382,0.301544926838658,0.3610190834602038
4690,0.33078623029387233,0.3013064434182251,0.3679073262879026
4691,0.1923172722161061,0.270028779586098,0.5376539481977959
4692,0.2775660345577961,0.3068943533735608,0.41553961206864315
4693,0.19373252843866612,0.27834922883636765,0.5279182427249663
4694,0.09057209870549701,0.19848068314830972,0.7109472181461932
4695,0.3357981377122027,0.3044313588752835,0.35977050341251393
4696,0.21772925206663402,0.2615673837778713,0.5207033641554948
4697,0.48170028586322766,0.2884663269782655,0.22983338715850685
4698,0.14290705612691404,0.23019697378752307,0.626895970085563
4699,0.3080049872579689,0.30535626027182516,0.38663875247020607
4700,0.3941706867291143,0.3009139658783686,0.3049153473925171
4701,0.3269109363440923,0.31119450158316414,0.36189456207274356
4702,0.44713176388371745,0.27672828186758425,0.2761399542486984
4703,0.3516928265200405,0.3008431809902568,0.3474639924897027
4704,0.15662408968272984,0.25275206500253,0.5906238453147401
4705,0.4208282488162395,0.30442715239416923,0.27474459878959134
4706,0.209605965155574,0.2865565261283181,0.5038375087161079
4707,0.33367366311045904,0.29962369949759615,0.36670263739194486
4708,0.1664703076759309,0.25485107099328197,0.5786786213307871
4709,0.30542390893727267,0.29485800109328897,0.3997180899694383
4710,0.16549691630731156,0.2402436510435062,0.5942594326491824
4711,0.11471380961925035,0.22105278109044946,0.6642334092903002
4712,0.23329982206849378,0.2859532318216808,0.4807469461098255
4713,0.11432181801215935,0.2273280027666782,0.6583501792211625
4714,0.15914665226833385,0.24948225246530198,0.5913710952663642
4715,0.16807643045717394,0.22717241983893036,0.6047511497038958
4716,0.2094290681676144,0.2744555119019923,0.5161154199303933
4717,0.4301412733711132,0.29475792202239076,0.2751008046064961
4718,0.17589342458761487,0.2587945442656795,0.5653120311467056
4719,0.2886581441876205,0.3029138357287585,0.40842802008362095
4720,0.28040582469925357,0.2887347073908318,0.4308594679099147
4721,0.21977282723286523,0.2881870502567515,0.4920401225103833
4722,0.2249664887290037,0.26049775437395073,0.5145357568970456
4723,0.48888621671949284,0.28486825382981107,0.22624552945069604
4724,0.45058411637881635,0.2889119391686195,0.26050394445256425
4725,0.25677174406419845,0.2919175412001592,0.45131071473564227
4726,0.19967019384119986,0.26104277737290504,0.5392870287858951
4727,0.3064054173085632,0.29595968856953014,0.39763489412190667
4728,0.15402082504080483,0.23197969364335153,0.6139994813158436
4729,0.16793945349167796,0.24385275056298356,0.5882077959453385
4730,0.34441876499220914,0.30362189761478514,0.3519593373930057
4731,0.19383729777351183,0.2748157358127172,0.531346966413771
4732,0.12506875022654942,0.2196185160399235,0.655312733733527
4733,0.3944293600177637,0.28354031699690735,0.322030322985329
4734,0.11779783781715374,0.21342444887497272,0.6687777133078736
4735,0.12646928453237538,0.22668500021130383,0.6468457152563208
4736,0.4395668504657563,0.3132493437697498,0.247183805764494
4737,0.31201014480190614,0.29674357256035544,0.3912462826377384
4738,0.2262080080493145,0.2777577894829798,0.49603420246770574
4739,0.4492373487098784,0.29358637895101947,0.2571762723391022
4740,0.17107157650340657,0.25153659137250733,0.5773918321240862
4741,0.2763412431483248,0.3031145476622485,0.4205442091894267
4742,0.18867675518001703,0.25739020710312766,0.5539330377168554
4743,0.2396406245454526,0.2684388380740469,0.49192053738050046
4744,0.38359494364521596,0.28700676358159455,0.32939829277318955
4745,0.3401773798789816,0.29480734064026304,0.3650152794807554
4746,0.30060561154083654,0.2948546595620698,0.40453972889709366
4747,0.35749122266342054,0.2993817064275631,0.34312707090901634
4748,0.31342643373191065,0.28587920866862265,0.4006943575994667
4749,0.20473833558248553,0.26959463733545996,0.5256670270820545
4750,0.1958099084898533,0.2774050709281174,0.5267850205820294
4751,0.1523573536720828,0.23240504802770484,0.6152375983002124
4752,0.3077513074823996,0.30184377996995143,0.3904049125476491
4753,0.3327948503555512,0.29300308903093825,0.37420206061351063
4754,0.46177283252799056,0.2911870241803422,0.2470401432916672
4755,0.24857586203237553,0.2667546420119005,0.484669495955724
4756,0.08035881077625656,0.1720240902136666,0.7476170990100769
4757,0.09064237020134254,0.17267535311579013,0.7366822766828673
4758,0.1891289713276186,0.26828488897002745,0.542586139702354
4759,0.2097605475201488,0.2520129061127545,0.5382265463670968
4760,0.23622891848549435,0.2765247243967449,0.4872463571177608
4761,0.10995252213963733,0.1995803470103323,0.6904671308500304
4762,0.34315359487131825,0.2762677377679771,0.38057866736070467
4763,0.43608717882505016,0.29582006113746395,0.268092760037486
4764,0.2717623148982168,0.2920156179805061,0.43622206712127715
4765,0.35874386963564164,0.27553985068586706,0.36571627967849124
4766,0.17392451585603153,0.25433233257598187,0.5717431515679866
4767,0.3273230872461823,0.2855852163430095,0.3870916964108082
4768,0.2429535355782028,0.27053164563476206,0.4865148187870353
4769,0.2649599040208769,0.28587323038360674,0.4491668655955164
4770,0.15358601362479568,0.23362226021186966,0.6127917261633347
4771,0.28414172207963484,0.29886559647705246,0.41699268144331264
4772,0.17543698879567463,0.23941634148072807,0.5851466697235973
4773,0.16160517091777155,0.23351339495690976,0.6048814341253188
4774,0.6153138542847378,0.2396961472289402,0.1449899984863221
4775,0.2919379350544696,0.2830494881789142,0.42501257676661625
4776,0.2708710420624415,0.2918886152139959,0.43724034272356266
4777,0.28913230439321636,0.29323138314131675,0.4176363124654669
4778,0.2465192038481947,0.2736189536205503,0.4798618425312551
4779,0.3158753031283993,0.28536855542819256,0.3987561414434082
4780,0.23119616032361057,0.2543443017043436,0.5144595379720458
4781,0.3256923108808637,0.298245809574737,0.37606187954439935
4782,0.09088705944227111,0.18706640481068804,0.7220465357470409
4783,0.12512528946255386,0.22057126881249856,0.6543034417249476
4784,0.08553725520377109,0.16389231569454024,0.7505704291016887
4785,0.23506582464700956,0.2815918236212013,0.48334235173178913
4786,0.41827178146523947,0.29755954246377947,0.28416867607098106
4787,0.15642942363906603,0.2306018455490142,0.6129687308119198
4788,0.41982713840557623,0.290492401270241,0.28968046032418276
4789,0.3126844053562915,0.28496320068150116,0.40235239396220734
4790,0.340742896492409,0.29034899187207275,0.36890811163551823
4791,0.19234097505821535,0.26057262418533933,0.5470864007564453
4792,0.4070134186005731,0.30112230047621086,0.29186428092321604
4793,0.4040532365141825,0.29010555719635117,0.3058412062894663
4794,0.29941990815301134,0.27504491359494976,0.4255351782520389
4795,0.1467075393598875,0.23209927211628384,0.6211931885238288
4796,0.4428660107598543,0.2820318066120914,0.27510218262805436
4797,0.35514784831391705,0.2953404725685137,0.3495116791175693
4798,0.22884247875322913,0.269631631433356,0.501525889813415
4799,0.5079232844320695,0.26803713574536847,0.22403957982256212
4800,0.1571623306785939,0.25763905956801636,0.5851986097533898
4801,0.13130748448962914,0.22868353389066604,0.6400089816197048
4802,0.1926315667784387,0.2464766643422463,0.560891768879315
4803,0.09938949882816764,0.1899037365311466,0.7107067646406857
4804,0.3809249707671973,0.30189654752159467,0.31717848171120816
4805,0.24678539722905185,0.2914602715234329,0.4617543312475153
4806,0.23099683997937287,0.27355422606422436,0.4954489339564027
4807,0.332971461299835,0.2941637821592763,0.37286475654088874
4808,0.3189072039583042,0.29668680847204854,0.3844059875696472
4809,0.3428356247118973,0.31162825150178314,0.34553612378631954
4810,0.15257965463352657,0.2278603692638484,0.619559976102625
4811,0.3303810729646705,0.29109433063539353,0.378524596399936
4812,0.26575669332713486,0.29250474309092295,0.44173856358194225
4813,0.3015044517722665,0.28456146686582023,0.4139340813619133
4814,0.2954174161481552,0.30084579491369356,0.40373678893815124
4815,0.38275499133205504,0.29681200844120914,0.3204330002267358
4816,0.20431366169231752,0.26363314829354734,0.5320531900141352
4817,0.4315681061356583,0.2846028997805162,0.2838289940838254
4818,0.303788593558916,0.3127314472839545,0.3834799591571295
4819,0.24293975404140639,0.29256061514302595,0.46449963081556767
4820,0.09437451134868416,0.19228436829721562,0.7133411203541002
4821,0.14366179377364585,0.23036323052933513,0.6259749756970191
4822,0.24481219436912263,0.285205152096489,0.46998265353438845
4823,0.05979498318878358,0.15432110924075546,0.7858839075704609
4824,0.10921027698113535,0.19337934557391875,0.6974103774449458
4825,0.4089122806963954,0.2873360093575196,0.303751709946085
4826,0.24582029578539996,0.28174644834416973,0.4724332558704304
4827,0.3417241428656837,0.2997676396281454,0.35850821750617085
4828,0.3122363476281751,0.2852886851368902,0.4024749672349347
4829,0.27580821972250086,0.28571816866582983,0.43847361161166926
4830,0.33283759271961544,0.3003170337501685,0.366845373530216
4831,0.27981232929967764,0.2926326013159643,0.4275550693843581
4832,0.14017194986334439,0.24061077325436414,0.6192172768822914
4833,0.33596002980570666,0.2925153312167242,0.37152463897756915
4834,0.26536572776859785,0.2852620787336717,0.44937219349773055
4835,0.1185144776725624,0.2213768345050282,0.6601086878224095
4836,0.2892440274735101,0.27241743460680967,0.43833853791968025
4837,0.2994100071682995,0.29695041759922336,0.40363957523247723
4838,0.13176465997675554,0.22382115628990884,0.6444141837333356
4839,0.24410162211472963,0.28337424441008496,0.4725241334751854
4840,0.2581876367873335,0.291994843102902,0.4498175201097645
4841,0.38517944925155,0.3004823894716138,0.3143381612768363
4842,0.29447946237675976,0.2904440377454865,0.41507649987775375
4843,0.22280575283537135,0.25480908506449496,0.5223851621001336
4844,0.2268809424480532,0.2838722522580407,0.48924680529390613
4845,0.19973941647370175,0.2642366135686077,0.5360239699576906
4846,0.3127320846268171,0.29303955712257773,0.3942283582506052
4847,0.25097939505492234,0.29519023697962515,0.45383036796545256
4848,0.43057053980791593,0.2846171100037778,0.2848123501883063
4849,0.5564710160941114,0.2614646384608187,0.18206434544506978
4850,0.2571571463229624,0.28939073437418844,0.4534521193028492
4851,0.17443051747419708,0.2436277544179478,0.5819417281078552
4852,0.13266422505242909,0.23646894144081393,0.6308668335067571
4853,0.2840888947271475,0.2794840881826635,0.43642701709018905
4854,0.15932074721007825,0.23636735437497985,0.604311898414942
4855,0.20268129006103075,0.2785912501474027,0.5187274597915666
4856,0.10231110965581222,0.20154603000612434,0.6961428603380634
4857,0.245498828965178,0.2804352067371436,0.4740659642976784
4858,0.22639060848687578,0.2700598199182394,0.5035495715948849
4859,0.06054565946105875,0.1475623562701455,0.7918919842687958
4860,0.17625826499597347,0.25325587438970293,0.5704858606143237
4861,0.3066218810489504,0.3090786784680975,0.38429944048295206
4862,0.2544063827610025,0.29525514578160506,0.45033847145739253
4863,0.24289696830490087,0.2762111974124497,0.48089183428264937
4864,0.6191069497555706,0.2437192852868615,0.13717376495756803
4865,0.2808406303754204,0.28647162927603825,0.43268774034854135
4866,0.35549306262315916,0.3012164734480748,0.34329046392876605
4867,0.23885964312921132,0.28425522839343004,0.4768851284773586
4868,0.3015739554136082,0.2936469483837841,0.40477909620260777
4869,0.2157817260352337,0.2651581291680466,0.5190601447967197
4870,0.238274137472541,0.27314744828145865,0.4885784142460004
4871,0.3190289203323268,0.2987195335236035,0.3822515461440698
4872,0.42144602517193197,0.2766655923019846,0.3018883825260834
4873,0.2976289436903833,0.29859023847415683,0.4037808178354599
4874,0.2401791382270165,0.2983201503771973,0.46150071139578613
4875,0.08125762517202453,0.16948910096580225,0.7492532738621732
4876,0.4468339486361084,0.28555726021267985,0.2676087911512117
4877,0.15619291647355513,0.2519788965887462,0.5918281869376987
4878,0.24166591143628394,0.29416318919265544,0.46417089937106065
4879,0.18505170241792102,0.2506143276044049,0.564333969977674
4880,0.19210298641261525,0.2788904589665577,0.529006554620827
4881,0.14266895541425087,0.24787616575832322,0.609454878827426
4882,0.35974129872901256,0.28834672957010293,0.3519119717008846
4883,0.0881252755862967,0.17352741475739214,0.7383473096563112
4884,0.28440579243148256,0.30371699005142927,0.4118772175170882
4885,0.3931420825363337,0.29305070464681043,0.31380721281685586
4886,0.16539328457277444,0.2436292785647395,0.590977436862486
4887,0.6536642830358921,0.21839003664550496,0.12794568031860287
4888,0.5028383356999188,0.27083316287198933,0.22632850142809197
4889,0.35412077520262314,0.27871340894240904,0.36716581585496794
4890,0.08637582554800652,0.17875274636471844,0.7348714280872751
4891,0.08650128571893809,0.1839551360651591,0.7295435782159029
4892,0.45947326091138374,0.27986111517081513,0.2606656239178012
4893,0.19333611937816134,0.262824567849707,0.5438393127721317
4894,0.3545259647203657,0.28343896692672754,0.3620350683529069
4895,0.48629645985232095,0.29630162127617515,0.2174019188715039
4896,0.19022158514420862,0.26158478526041573,0.5481936295953758
4897,0.2849277294639331,0.3044913130347042,0.4105809575013627
4898,0.26868396579920517,0.3084689793186125,0.4228470548821823
4899,0.21718361594673885,0.26891041004176114,0.5139059740115
4900,0.11302714185866494,0.19022646569125645,0.6967463924500786
4901,0.14466097018742335,0.24433172064045028,0.6110073091721264
4902,0.18312039704749605,0.25477056350613253,0.5621090394463715
4903,0.15518947982613834,0.23942362507930243,0.6053868950945592
4904,0.37282324629350744,0.2820560039375195,0.3451207497689731
4905,0.1558789389198692,0.25335798237834417,0.5907630787017866
4906,0.1609098765249491,0.2545845242185281,0.5845055992565228
4907,0.17981375466837077,0.26008292543981515,0.5601033198918142
4908,0.43000250948895785,0.25387142153365555,0.3161260689773865
4909,0.3540464468461531,0.29968128524787035,0.34627226790597654
4910,0.267562994904411,0.2769881398454171,0.45544886525017203
4911,0.25223838948396526,0.2923474791546334,0.45541413136140135
4912,0.37660859213918785,0.29726793435986354,0.32612347350094867
4913,0.3048844243729382,0.3032349833587334,0.39188059226832844
4914,0.13597356650865727,0.20740254475745182,0.6566238887338909
4915,0.3327990765898453,0.29415264589138634,0.3730482775187684
4916,0.4322146815456354,0.2939862770740391,0.27379904138032557
4917,0.29414580241481336,0.2925146301072918,0.41333956747789496
4918,0.3239587014940799,0.27385868460712526,0.40218261389879484
4919,0.33087909298828005,0.2914917693467085,0.37762913766501155
4920,0.2542639765473379,0.2850144030480044,0.4607216204046577
4921,0.2534726325921101,0.2797280920355639,0.46679927537232596
4922,0.27238072654505296,0.2944555592786459,0.4331637141763012
4923,0.32212343933750676,0.293967301056539,0.38390925960595423
4924,0.09110608849420176,0.17773451136769294,0.7311594001381053
4925,0.23524578175209127,0.2723151774382927,0.49243904080961604
4926,0.3555572546536453,0.2751848095313131,0.3692579358150417
4927,0.0864582312565648,0.17672147892542261,0.7368202898180126
4928,0.1876647961580721,0.2520677461389382,0.5602674577029897
4929,0.3892216305045309,0.27952718813550065,0.3312511813599685
4930,0.19101107552127822,0.24428300015422183,0.5647059243245
4931,0.2043008977093122,0.25489895995926826,0.5408001423314196
4932,0.47035792214463185,0.29289124107001197,0.23675083678535622
4933,0.15475058380527987,0.243292913655417,0.6019565025393032
4934,0.1980463505569751,0.2701392794205014,0.5318143700225236
4935,0.2562303419674719,0.27958292688208397,0.46418673115044423
4936,0.3916876801045879,0.2852761966838022,0.3230361232116099
4937,0.49307099460444187,0.26955432396341766,0.23737468143214033
4938,0.30573198129157064,0.28653525400679397,0.4077327647016355
4939,0.36130607613245724,0.28407312327186324,0.3546208005956796
4940,0.33423965542774997,0.30050393093711425,0.3652564136351358
4941,0.21117838133918387,0.2753215316171209,0.5135000870436953
4942,0.25216365452355505,0.2855586874296145,0.46227765804683046
4943,0.2369669489852341,0.2795321088211127,0.48350094219365325
4944,0.37681436350306075,0.2988279302096521,0.3243577062872873
4945,0.2637128886998529,0.2999641237740448,0.4363229875261023
4946,0.42604425265397944,0.27632784124325893,0.2976279061027617
4947,0.16422567496494386,0.2455407933618183,0.5902335316732379
4948,0.29965352890231073,0.2779672097085256,0.42237926138916365
4949,0.3240179426831324,0.2816425469414041,0.39433951037546355
4950,0.13297857553608233,0.2162910979834395,0.6507303264804782
4951,0.3519348529605443,0.2980859015948666,0.34997924544458914
4952,0.2986255735422727,0.2843047085272641,0.4170697179304632
4953,0.29809082798503134,0.2743159912710403,0.4275931807439283
4954,0.13603446334392372,0.21901491750083824,0.6449506191552381
4955,0.29138578331753795,0.3021059977369019,0.40650821894556016
4956,0.22289221713594548,0.273397740676133,0.5037100421879216
4957,0.13141354383010093,0.22564192335287953,0.6429445328170196
4958,0.44350904880452635,0.2735730282276757,0.28291792296779794
4959,0.27479541563165594,0.2984189284968152,0.42678565587152895
4960,0.25207128664029355,0.2804799187281809,0.46744879463152567
4961,0.20157351839830498,0.2520579845394563,0.5463684970622388
4962,0.27196391479272036,0.2821379507975885,0.44589813440969106
4963,0.34883920074235797,0.30015077032783277,0.35101002892980937
4964,0.2604856871510758,0.28598980339645375,0.4535245094524706
4965,0.2512943436166988,0.270209856982468,0.4784957994008332
4966,0.3018619509684122,0.30470602325705354,0.3934320257745343
4967,0.4455171665025829,0.2809396659623445,0.2735431675350727
4968,0.2649730102466232,0.3024205214236977,0.43260646832967925
4969,0.21919212432582416,0.2833222663011582,0.4974856093730177
4970,0.2760236622001592,0.2865200802781017,0.4374562575217391
4971,0.3934309530642356,0.3020536039737792,0.3045154429619853
4972,0.21279881901586872,0.28036360956951556,0.5068375714146157
4973,0.2560681881978109,0.26309254056728437,0.4808392712349049
4974,0.18787304738571653,0.2555500310557185,0.556576921558565
4975,0.19665591261125118,0.25702966672654787,0.546314420662201
4976,0.18976047144715508,0.24933931173118135,0.5609002168216637
4977,0.22809660680625526,0.2637980522130524,0.5081053409806923
4978,0.17202052914565272,0.24970456485361464,0.5782749060007326
4979,0.18374359546970975,0.27015404517649416,0.546102359353796
4980,0.1774071641420743,0.24083817670191027,0.5817546591560154
4981,0.3549259056718027,0.29808716683750935,0.346986927490688
4982,0.5426613768493809,0.2651555392872028,0.19218308386341634
4983,0.13311568626325027,0.2294819177723399,0.6374023959644098
4984,0.2035487755694238,0.26895666294419773,0.5274945614863784
4985,0.3094079434775708,0.27927140146775253,0.41132065505467674
4986,0.3753640649898463,0.274912299279797,0.3497236357303567
4987,0.1604835332448984,0.2584655213519737,0.581050945403128
4988,0.29324446541759863,0.30547036336998307,0.4012851712124183
4989,0.2661455115737378,0.2934063465095667,0.44044814191669557
4990,0.2748624332618544,0.28629762615065174,0.438839940587494
4991,0.1833545980067583,0.23765629876590041,0.5789891032273413
4992,0.3437368338841061,0.30619105937302044,0.35007210674287353
4993,0.15684638579034843,0.24241398821160215,0.6007396259980494
4994,0.3895858045527295,0.29267824709635737,0.3177359483509132
4995,0.21640208014333706,0.2796648909608107,0.5039330288958522
4996,0.17080092253865659,0.23078230575751696,0.5984167717038265
4997,0.3359640828466629,0.2937748873402666,0.3702610298130705
4998,0.32477440852158623,0.2888664061873061,0.3863591852911077
4999,0.18106364307756556,0.2557943044615406,0.5631420524608938
5000,0.24212612564692862,0.2814430229538602,0.47643085139921115
5001,0.3970181731632122,0.2988752005746004,0.3041066262621875
5002,0.18654832588091702,0.2533357790293772,0.5601158950897058
5003,0.10482445176744029,0.19229247890408244,0.7028830693284773
5004,0.34340969531546583,0.30853985547392077,0.34805044921061346
5005,0.32294085702429975,0.2837790749953097,0.3932800679803905
5006,0.2156310475909419,0.26167925910875306,0.5226896933003051
5007,0.3220063877241881,0.2998873339873169,0.378106278288495
5008,0.2423756025106835,0.285092973891652,0.47253142359766465
5009,0.17929730602107263,0.24749074540213103,0.5732119485767964
5010,0.36900274247390197,0.30499721377822964,0.32600004374786834
5011,0.33455003135547057,0.3015935373612687,0.3638564312832608
5012,0.18317938361892883,0.2653548186450111,0.5514657977360601
5013,0.29920320547756585,0.2861517104201437,0.41464508410229045
5014,0.4682291439900504,0.28814091166249045,0.24362994434745922
5015,0.2863697717081912,0.2812539144625873,0.4323763138292215
5016,0.26404864727536037,0.28250467020356307,0.45344668252107656
5017,0.31851784904582764,0.30926718435638473,0.3722149665977877
5018,0.21133948062962174,0.2745045815942616,0.5141559377761167
5019,0.18642087353718034,0.25597027509799974,0.55760885136482
5020,0.26829447994723055,0.287465540960007,0.44423997909276247
5021,0.19775630438612174,0.2823956713271872,0.5198480242866912
5022,0.36560008960168344,0.29612206441097644,0.3382778459873401
5023,0.24211331159054944,0.27488259340014265,0.483004095009308
5024,0.5140247690301456,0.26525495769036855,0.2207202732794859
5025,0.16032205824580278,0.244532289269495,0.5951456524847022
5026,0.23044173851170108,0.28670001369017306,0.4828582477981259
5027,0.39957967912452713,0.29981961503592247,0.30060070583955045
5028,0.3068271558048329,0.27967056493937403,0.41350227925579314
5029,0.3164088818392092,0.29665728262193686,0.38693383553885397
5030,0.19567711242380417,0.25564635260648616,0.5486765349697097
5031,0.11925125772226328,0.2082421957089428,0.6725065465687939
5032,0.35512410529840194,0.3025015812609648,0.34237431344063335
5033,0.2601907753156438,0.30761929641643804,0.43218992826791824
5034,0.2548968128751367,0.2839339826667227,0.4611692044581406
5035,0.16705262960606587,0.2549949291919112,0.5779524412020229
5036,0.25761137241355875,0.28100476343089464,0.46138386415554666
5037,0.35479504942786905,0.3003143058073312,0.34489064476479986
5038,0.2991321984052016,0.3009794995099831,0.39988830208481535
5039,0.3283235440975589,0.2837809649953746,0.38789549090706654
5040,0.27191781077959715,0.3030039140994424,0.4250782751209606
5041,0.15200930772793356,0.24112428572572808,0.6068664065463384
5042,0.19261377874242433,0.25886635387018697,0.5485198673873887
5043,0.36127835272435793,0.2831893255870992,0.355532321688543
5044,0.4505935630214051,0.3021289568654589,0.2472774801131361
5045,0.22369960776005365,0.2687071429064968,0.5075932493334495
5046,0.4276927786160303,0.2867137911190986,0.2855934302648711
5047,0.3689178781756472,0.30081331469289085,0.33026880713146195
5048,0.24825835450112077,0.30174303015324716,0.4499986153456321
5049,0.21755944195646829,0.27914080856221973,0.503299749481312
5050,0.2389513099320661,0.28746193267066905,0.47358675739726486
5051,0.3401076294782146,0.2923640223610208,0.3675283481607647
5052,0.3468695976527503,0.2934382437176869,0.3596921586295628
5053,0.232593550624641,0.2750946207207468,0.49231182865461226
5054,0.11610439087519628,0.21141204367971866,0.672483565445085
5055,0.16399883085899541,0.23514742140893716,0.6008537477320675
5056,0.18761219127485504,0.25738986815471937,0.5549979405704256
5057,0.22407634500125787,0.27025287147889665,0.5056707835198455
5058,0.35606057624648824,0.29464149121210537,0.34929793254140634
5059,0.1954011197062231,0.2667431529040529,0.537855727389724
5060,0.23165935047264363,0.29459043883349095,0.47375021069386547
5061,0.19382065261096948,0.2769841660715867,0.5291951813174439
5062,0.2134040813262998,0.27146220926083087,0.5151337094128693
5063,0.44988105518164667,0.2878500285819289,0.26226891623642457
5064,0.41779706751136864,0.2685731558572244,0.31362977663140706
5065,0.09910919957564072,0.1979149184727579,0.7029758819516013
5066,0.17254179668111175,0.2383560863470701,0.5891021169718182
5067,0.10493849809688909,0.19906707487265618,0.6959944270304548
5068,0.23815732866914824,0.2821378057663977,0.4797048655644541
5069,0.250626816361068,0.29845895759422725,0.4509142260447049
5070,0.19817717704270352,0.24799708878610463,0.5538257341711919
5071,0.09606479980756309,0.18664786995530572,0.7172873302371312
5072,0.2321209627551173,0.2825388284525392,0.4853402087923436
5073,0.4251973302359189,0.2891460500462809,0.28565661971780015
5074,0.342998862256882,0.29895669319490814,0.35804444454820994
5075,0.2712793784772157,0.3079411771149716,0.4207794444078128
5076,0.30627451151024326,0.30267699386082536,0.3910484946289314
5077,0.18220445168396004,0.25098680647504834,0.5668087418409916
5078,0.24921497373738313,0.28170365934201996,0.46908136692059693
5079,0.27601754203548046,0.2630655148522818,0.46091694311223785
5080,0.49466235100899586,0.2870120892610368,0.2183255597299673
5081,0.33528820979992313,0.3106490690635392,0.3540627211365378
5082,0.14886879595570301,0.23307706065825112,0.6180541433860458
5083,0.29867015077822,0.2816361638445303,0.4196936853772498
5084,0.427472480724167,0.2859673285989935,0.2865601906768395
5085,0.2475081948767219,0.2915065050787503,0.4609853000445278
5086,0.21596390246505637,0.2605810863364783,0.5234550111984653
5087,0.20223087916869473,0.2757770847973563,0.521992036033949
5088,0.2544045031602292,0.28183885896966354,0.4637566378701072
5089,0.15796940675166324,0.2463998668540291,0.5956307263943077
5090,0.21804643941932245,0.2614259039075741,0.5205276566731035
5091,0.2341782330756029,0.2905027030304208,0.4753190638939763
5092,0.23749669675431861,0.28462716421968987,0.4778761390259915
5093,0.2633540619949863,0.26954080074419745,0.46710513726081626
5094,0.35288429025248874,0.29189303896896635,0.35522267077854497
5095,0.4726740494842219,0.2767325999267346,0.25059335058904353
5096,0.26338051163415166,0.275175306576125,0.46144418178972335
5097,0.2858604646057188,0.28516283275900617,0.42897670263527515
5098,0.19849502572762223,0.2713575905564807,0.5301473837158971
5099,0.3621967185474282,0.2938415184163957,0.3439617630361761
5100,0.23537931883022128,0.27442159400842253,0.49019908716135624
5101,0.09241380705296619,0.18547581962658494,0.7221103733204489
5102,0.26428144144305293,0.28836034497439045,0.4473582135825566
5103,0.3050355691170224,0.28706542333951496,0.40789900754346275
5104,0.30083493535023603,0.29324233605501304,0.40592272859475104
5105,0.30579054911406045,0.2928894893208878,0.40131996156505173
5106,0.22695770316948036,0.28114852312766325,0.4918937737028563
5107,0.1150357228331863,0.19786046194592835,0.6871038152208854
5108,0.2819373083604042,0.27856529654686785,0.43949739509272806
5109,0.20688529049332074,0.28760090057550397,0.5055138089311754
5110,0.26132509642902846,0.2634701971826979,0.4752047063882737
5111,0.2762087849860053,0.2861287559851677,0.4376624590288271
5112,0.056770825256268045,0.14530271077488724,0.7979264639688448
5113,0.3419801737297773,0.2847724975860837,0.37324732868413896
5114,0.22482831994798658,0.27735916571054176,0.4978125143414716
5115,0.35608528042418464,0.2925841798513292,0.35133053972448625
5116,0.21162789130522497,0.259677037772088,0.5286950709226871
5117,0.18693936145488796,0.2536560888751477,0.5594045496699644
5118,0.12150596980545894,0.210400608001518,0.6680934221930231
5119,0.2468427369089341,0.2828107469297617,0.4703465161613042
5120,0.2860227933314662,0.2978763306772433,0.4161008759912905
5121,0.23501419142147378,0.26947256648663753,0.49551324209188863
5122,0.4962870303145145,0.2780508190572736,0.22566215062821202
5123,0.6347765230566981,0.23125455073866952,0.1339689262046325
5124,0.3050132408549196,0.29028429334111855,0.40470246580396196
5125,0.20396159884111476,0.27748756379627143,0.5185508373626138
5126,0.2034206736644511,0.2548566722538187,0.5417226540817303
5127,0.20882643148063326,0.27000741154859115,0.5211661569707756
5128,0.23023280224921475,0.2768592442208784,0.4929079535299069
5129,0.134256229408989,0.2164655157281854,0.6492782548628256
5130,0.31409278724448053,0.29806415547235476,0.3878430572831647
5131,0.24039752536600573,0.2876871389549521,0.47191533567904215
5132,0.19626362001407333,0.26263930958040177,0.5410970704055249
5133,0.19779850793076084,0.25653662561098284,0.5456648664582564
5134,0.13772514411831177,0.2161998583159283,0.6460749975657599
5135,0.2963458383243152,0.2937848109270411,0.4098693507486438
5136,0.1431478133474849,0.21783596382703357,0.6390162228254815
5137,0.27031188010914076,0.28256137052216285,0.44712674936869645
5138,0.4876447949786636,0.2688740115659446,0.24348119345539185
5139,0.2193031048204,0.27393135262039425,0.5067655425592058
5140,0.23542957054226057,0.28741304057105654,0.4771573888866829
5141,0.45732736210215225,0.2876650527180909,0.25500758517975697
5142,0.21976231780581776,0.2868802377041568,0.49335744449002544
5143,0.35640364817508957,0.2980121999105586,0.3455841519143519
