Id,A,D,H
3419,0.21621481196887946,0.2892396885051684,0.49454549952595217
3420,0.40120105140151086,0.28639381375014417,0.31240513484834487
3421,0.1748845926767877,0.25924320170415754,0.5658722056190547
3422,0.23739018272523782,0.264718110841735,0.49789170643302716
3423,0.13666301302474407,0.2091454601188678,0.6541915268563882
3424,0.3838799119428526,0.2952337969172268,0.32088629113992057
3425,0.20239957955528629,0.28873208873407763,0.5088683317106361
3426,0.3849822226562384,0.2986600701815779,0.3163577071621838
3427,0.17642566625284167,0.27079389642306567,0.5527804373240928
3428,0.30949130766679245,0.30884130809365096,0.38166738423955665
3429,0.4116560993928357,0.27658163883538056,0.3117622617717838
3430,0.18448318154848448,0.2792059748447634,0.5363108436067521
3431,0.12356602506113205,0.22831580249191732,0.6481181724469506
3432,0.2666555023773253,0.31225991348344734,0.42108458413922734
3433,0.18478042897373534,0.25551986722763564,0.559699703798629
3434,0.21236558660037116,0.2615014116972567,0.5261330017023722
3435,0.4753494399054759,0.25792521171759497,0.2667253483769292
3436,0.2008458744395294,0.26525254763092315,0.5339015779295474
3437,0.1992318221750069,0.2796921916092569,0.5210759862157363
3438,0.12502667648204505,0.21783657311160756,0.6571367504063473
3439,0.18592776229066438,0.2510582133902103,0.5630140243191254
3440,0.4464239195241217,0.27681326154744906,0.2767628189284292
3441,0.24766524858142608,0.27696548305515034,0.47536926836342364
3442,0.22682833007549935,0.2950741207187509,0.47809754920574987
3443,0.24425436608221895,0.29661461807223327,0.45913101584554783
3444,0.07817850663819328,0.15667167074152352,0.7651498226202833
3445,0.25091149054840295,0.2856564952733246,0.4634320141782725
3446,0.2466070204760547,0.30558194455531545,0.4478110349686298
3447,0.20546522296018904,0.2608636119759898,0.5336711650638212
3448,0.24988265005886584,0.27346508614064324,0.47665226380049097
3449,0.18546546711967224,0.2770050460620335,0.5375294868182943
3450,0.2877273588786667,0.29393642260667235,0.41833621851466096
3451,0.5386855668203356,0.23800274064050028,0.22331169253916416
3452,0.22726896546965897,0.2958526560652996,0.4768783784650415
3453,0.2561903044741166,0.2741893199831174,0.469620375542766
3454,0.16715157818599036,0.2617260427060356,0.571122379107974
3455,0.3049909053007271,0.2962660190666621,0.39874307563261074
3456,0.13313215516677845,0.22632832946778692,0.6405395153654346
3457,0.20959878481604272,0.2749072433751142,0.515493971808843
3458,0.12892616248404884,0.20904178064933424,0.6620320568666169
3459,0.25774994505334153,0.2928647851200782,0.4493852698265803
3460,0.10840356683170124,0.19124266653664668,0.700353766631652
3461,0.18353886375341763,0.2397656456464012,0.5766954906001812
3462,0.18559200376440466,0.2612482581113835,0.5531597381242118
3463,0.23462014162261177,0.29546018780982364,0.4699196705675647
3464,0.18102368079067635,0.2631351110463981,0.5558412081629257
3465,0.3522629479307824,0.30203816370895853,0.3456988883602591
3466,0.32594558357659753,0.31819161502788046,0.355862801395522
3467,0.28545866763836286,0.2927333790371863,0.42180795332445087
3468,0.3511620765553589,0.2751274450198951,0.37371047842474603
3469,0.38571558834318903,0.28855900710441185,0.3257254045523992
3470,0.21616579885046336,0.2729483326837264,0.5108858684658102
3471,0.10457818848693982,0.19199476553955167,0.7034270459735086
3472,0.26870385598587154,0.30510047102861604,0.4261956729855124
3473,0.19872749472314236,0.2831100949918737,0.518162410284984
3474,0.13885483702796622,0.24179137790316602,0.6193537850688677
3475,0.3045338571895494,0.2839143393811419,0.41155180342930864
3476,0.2421688307605663,0.28846430661681566,0.4693668626226181
3477,0.2745242509508339,0.2858110318325911,0.4396647172165751
3478,0.35892241860810264,0.27939583758186637,0.361681743810031
3479,0.24812809058356233,0.2847676224159026,0.467104287000535
3480,0.11476410456582938,0.19389777727428098,0.6913381181598898
3481,0.1949467156378783,0.2540562004186186,0.5509970839435031
3482,0.406995897291925,0.3043131735247392,0.28869092918333583
3483,0.1814286617461232,0.2576492829675209,0.560922055286356
3484,0.30423086675824107,0.31301109409285355,0.3827580391489054
3485,0.2534293403983846,0.3001949289462206,0.44637573065539476
3486,0.2955964870137523,0.2990939390687701,0.40530957391747763
3487,0.18478180552142254,0.25724624218842856,0.557971952290149
3488,0.3421557692468998,0.2907632654718293,0.36708096528127093
3489,0.16123288065695623,0.2550839542284424,0.5836831651146015
3490,0.22013124131950015,0.2842926535224132,0.49557610515808664
3491,0.23737831587147618,0.2832287848920577,0.4793928992364661
3492,0.3258611832628663,0.29056927735406013,0.38356953938307364
3493,0.2015222607992257,0.2854329162907194,0.513044822910055
3494,0.24885720133254927,0.2992554399414598,0.451887358725991
3495,0.3482565521807963,0.2921153151418022,0.35962813267740146
3496,0.08063006161157231,0.16094172866218764,0.75842820972624
3497,0.17944927817376247,0.26684542390165406,0.5537052979245836
3498,0.28350930417369874,0.29851585690870397,0.41797483891759735
3499,0.1632784141640477,0.2610304575245198,0.5756911283114325
3500,0.24373504081590935,0.2865996882415137,0.46966527094257693
3501,0.41206975927419115,0.29340369168584396,0.2945265490399649
3502,0.19151861682090338,0.26995082912437207,0.5385305540547246
3503,0.32053312386395894,0.31613749019421283,0.3633293859418283
3504,0.32970570452311093,0.30700062612178636,0.36329366935510277
3505,0.11117254643897874,0.20003660160827735,0.688790851952744
3506,0.28287235107999836,0.27210347658829487,0.44502417233170677
3507,0.24922828004061198,0.2985937742820221,0.45217794567736597
3508,0.2216286395246451,0.2645021823172499,0.5138691781581051
3509,0.36275250155671385,0.3130947769242543,0.3241527215190319
3510,0.2059272525442867,0.2853894972065824,0.508683250249131
3511,0.28519200715029547,0.30644476594818604,0.4083632269015185
3512,0.20366178901561263,0.264655875660653,0.5316823353237343
3513,0.36658255258752054,0.2800823540115413,0.3533350934009381
3514,0.4112518938171119,0.28399427630405,0.3047538298788382
3515,0.2706422953850698,0.2913654110953976,0.4379922935195326
3516,0.11447197929200262,0.20574892100049819,0.6797790997074993
3517,0.35673083501476377,0.30058470520021585,0.3426844597850204
3518,0.2201021708170193,0.2714532752935189,0.5084445538894619
3519,0.13994556926875198,0.24687409496681662,0.6131803357644314
3520,0.13005095775153672,0.2148031866624677,0.6551458555859957
3521,0.30463760710680454,0.3110569409863152,0.38430545190688026
3522,0.20219608852797816,0.2715433843424638,0.5262605271295582
3523,0.29702883164557703,0.2819894500761374,0.42098171827828557
3524,0.3086916948654738,0.2980326315301336,0.39327567360439264
3525,0.1859871878196148,0.26968373160253073,0.5443290805778546
3526,0.4068296775492538,0.2978680008076733,0.29530232164307296
3527,0.28561581412148473,0.2906640757437995,0.4237201101347159
3528,0.23491012916159953,0.2676472392408244,0.49744263159757607
3529,0.32963778587695053,0.3046605570073983,0.3657016571156512
3530,0.1826618381960865,0.2592598822641481,0.5580782795397655
3531,0.3749986993182981,0.28404976413745286,0.34095153654424903
3532,0.1383063816165179,0.22429029026884223,0.6374033281146398
3533,0.3547185988235845,0.29672949308456276,0.34855190809185277
3534,0.24142990636808298,0.29494906604906185,0.4636210275828552
3535,0.28482789955288823,0.30403972629648035,0.41113237415063153
3536,0.443569492667918,0.2841487446255562,0.27228176270652565
3537,0.12858238657477764,0.22141856305907615,0.6499990503661462
3538,0.2620904520941995,0.3018047593021953,0.4361047886036052
3539,0.30135568605363144,0.3153821676758871,0.38326214627048144
3540,0.26487396960418297,0.2812971952393043,0.4538288351565128
3541,0.22528875364755468,0.24685920445931328,0.5278520418931321
3542,0.12893211008917357,0.2272514965956665,0.6438163933151599
3543,0.2809538469476977,0.29160271341984423,0.4274434396324582
3544,0.1918088838251099,0.26728838248500975,0.5409027336898804
3545,0.2948746889544042,0.30042383567037173,0.4047014753752241
3546,0.11963190954332073,0.21652877908611007,0.6638393113705692
3547,0.17576222125054208,0.2491509326869017,0.5750868460625563
3548,0.31267041256249267,0.29526325944835763,0.3920663279891498
3549,0.13898379779518116,0.22432789909728174,0.6366883031075371
3550,0.25687888084302335,0.28507476306390755,0.4580463560930691
3551,0.19604074840080596,0.27579415778820726,0.5281650938109868
3552,0.16969932498668144,0.247514841484722,0.5827858335285966
3553,0.10279874185411939,0.1888701530802609,0.7083311050656198
3554,0.4957303020303308,0.2747274988490115,0.22954219912065765
3555,0.3448478976426807,0.28901423444493535,0.36613786791238406
3556,0.21818703615996315,0.2840600703023752,0.49775289353766167
3557,0.24293291437211356,0.2837535142845528,0.47331357134333363
3558,0.1257819744762887,0.2259289589984524,0.648289066525259
3559,0.2790004575483194,0.31281586657256943,0.4081836758791112
3560,0.5192130163660019,0.25985052192896746,0.22093646170503062
3561,0.28941669568927875,0.30548397941165567,0.4050993248990656
3562,0.349247204733497,0.2759992114065722,0.3747535838599308
3563,0.1369640800969709,0.2197401289557443,0.643295790947285
3564,0.240908316010967,0.2927477712752817,0.4663439127137513
3565,0.30769417689187384,0.30686278741081874,0.38544303569730753
3566,0.18581694707111146,0.26676146789840516,0.5474215850304834
3567,0.26250062446007594,0.2873844505093852,0.45011492503053885
3568,0.1567735657337393,0.22927414552635886,0.6139522887399018
3569,0.15357450222542066,0.220558559195346,0.6258669385792334
3570,0.21739862867051044,0.29544254398865943,0.48715882734083016
3571,0.3353455979305692,0.29231488734737265,0.3723395147220582
3572,0.21787431646303443,0.2779710748166133,0.5041546087203523
3573,0.3240957492455383,0.2940678600577604,0.3818363906967013
3574,0.16487012934345338,0.2420428444416149,0.5930870262149318
3575,0.4328277919661387,0.27816972580235805,0.2890024822315033
3576,0.22767620331470975,0.2614345279015193,0.5108892687837711
3577,0.23428972052490757,0.29574921235379553,0.46996106712129704
3578,0.16993395474079215,0.2589619461392295,0.5711040991199783
3579,0.26031361305301204,0.2916639005785711,0.4480224863684169
3580,0.36332884816160216,0.28705194914358434,0.3496192026948136
3581,0.1181405282405105,0.1972923560471555,0.684567115712334
3582,0.2756093039333025,0.31849782889854816,0.4058928671681493
3583,0.25391779225154837,0.2812383378593705,0.46484386988908116
3584,0.23337213243682317,0.2948149851713692,0.4718128823918077
3585,0.2153406596265713,0.26976147572873954,0.5148978646446892
3586,0.5007393209072126,0.2600857276083442,0.23917495148444323
3587,0.31017808408576214,0.29189722569838594,0.3979246902158519
3588,0.11415670792749857,0.2089138022257706,0.6769294898467308
3589,0.14208047185837852,0.23465616781453963,0.6232633603270819
3590,0.15780984430076161,0.24064053720387155,0.6015496184953669
3591,0.3693213359056743,0.2955056325164964,0.33517303157782935
3592,0.1740104503924987,0.2521081852037107,0.5738813644037907
3593,0.10406302277270862,0.19575155209728773,0.7001854251300037
3594,0.23207367562843878,0.29166324595660204,0.4762630784149592
3595,0.1446363209964003,0.2383389275965535,0.6170247514070463
3596,0.1794012319727925,0.24662911834438733,0.5739696496828202
3597,0.4618504145621409,0.2820351158118906,0.25611446962596857
3598,0.39855541630841446,0.300109980446961,0.3013346032446246
3599,0.12724150534438478,0.2147665994567749,0.6579918951988403
3600,0.3757760290445232,0.2856636510456324,0.3385603199098444
3601,0.513091986706255,0.2612231791961225,0.22568483409762252
3602,0.24735333946038882,0.2761232196193361,0.47652344092027515
3603,0.3672566396236226,0.3048420735878292,0.32790128678854824
3604,0.1897329695432132,0.2668388260880411,0.5434282043687457
3605,0.2550789685873206,0.30080264318270267,0.4441183882299768
3606,0.1565255523658904,0.2452088382384062,0.5982656093957034
3607,0.2858917578022579,0.29429009156116975,0.41981815063657246
3608,0.26554518404493044,0.28402932134073133,0.4504254946143382
3609,0.3499318982704493,0.3064827009044697,0.3435854008250811
3610,0.23354168686699417,0.266681282262624,0.49977703087038183
3611,0.13466598607510397,0.2298436672543589,0.6354903466705372
3612,0.1030594398982051,0.19058607745242312,0.7063544826493717
3613,0.28557387244293364,0.28728594521529893,0.4271401823417674
3614,0.3119898226369531,0.2853760892497772,0.40263408811326984
3615,0.17521986960126862,0.25620522004319823,0.5685749103555332
3616,0.23281111691729942,0.2980531656462976,0.469135717436403
3617,0.13573004945079875,0.2274068225681317,0.6368631279810696
3618,0.3092751145205003,0.2846952479653187,0.4060296375141809
3619,0.32539010282830516,0.29451142388363394,0.38009847328806096
3620,0.3323855634932137,0.30949933076205643,0.3581151057447299
3621,0.39187506348810575,0.29062803139364857,0.3174969051182457
3622,0.44828580603896107,0.28955715367805057,0.26215704028298836
3623,0.35122438259178745,0.2706765962792982,0.3780990211289144
3624,0.13460385938052516,0.22775830264471592,0.6376378379747589
3625,0.0956498541435918,0.17799215318557424,0.726357992670834
3626,0.3510442006971883,0.3043905294533251,0.34456526984948666
3627,0.15710851834373069,0.23769003860574295,0.6052014430505265
3628,0.31637046773222394,0.29333440917629366,0.3902951230914824
3629,0.20490105734578104,0.25031567493020773,0.5447832677240113
3630,0.3124840245033316,0.3056130070378696,0.3819029684587988
3631,0.2051274675910874,0.2935462984648983,0.5013262339440143
3632,0.24917909361734827,0.27871270170411383,0.4721082046785379
3633,0.4613274524005413,0.26556217190027254,0.2731103756991863
3634,0.2040801178245172,0.2842574332699712,0.5116624489055116
3635,0.14400891930155624,0.22671687339992128,0.6292742072985225
3636,0.24705620733759615,0.2745645308871887,0.47837926177521517
3637,0.259103238774003,0.2956674852330902,0.4452292759929069
3638,0.239909584342236,0.28011582286404557,0.47997459279371846
3639,0.09872277987933469,0.17006040809842607,0.7312168120222393
3640,0.12988190155496576,0.21876394110070488,0.6513541573443294
3641,0.2885145781968308,0.30929529565951924,0.40219012614364985
3642,0.27983664208956194,0.26198017407282753,0.4581831838376106
3643,0.21421303898677913,0.2722783286278089,0.513508632385412
3644,0.23414717233221438,0.2921409253139693,0.47371190235381644
3645,0.21352747445120598,0.2784440269557523,0.5080284985930417
3646,0.31344957697832165,0.3094728384866859,0.3770775845349924
3647,0.3046691419005523,0.28562521042945654,0.4097056476699913
3648,0.42891219629830674,0.2864568246427996,0.2846309790588937
3649,0.22530127188015409,0.2739855431822578,0.5007131849375882
3650,0.23318074833475916,0.27147388175217735,0.4953453699130634
3651,0.3393479539049311,0.2959999279735369,0.364652118121532
3652,0.24235494742940586,0.2895887016004357,0.4680563509701584
3653,0.3456242705302297,0.2884150775774962,0.3659606518922742
3654,0.18878777630861526,0.27347660792656014,0.5377356157648245
3655,0.5339318587873828,0.24676194284328554,0.2193061983693318
3656,0.30631137501518096,0.3067452282890234,0.3869433966957957
3657,0.100359506282181,0.20229262990115587,0.6973478638166632
3658,0.2144606676652967,0.28470998922606994,0.5008293431086334
3659,0.24443727116898883,0.28787934581328395,0.4676833830177272
3660,0.2790358222494294,0.28678346239534075,0.4341807153552299
3661,0.41152509337981097,0.28413625676428217,0.30433864985590686
3662,0.15828916329320286,0.24277022690655378,0.5989406098002434
3663,0.11090810965886706,0.20257921506658558,0.6865126752745474
3664,0.2654528858665258,0.311720655883802,0.42282645824967224
3665,0.1735672759443793,0.25825144462358934,0.5681812794320313
3666,0.44475194926126604,0.27538878777110104,0.2798592629676329
3667,0.34359882929463914,0.31943797339175345,0.33696319731360747
3668,0.16718070014875533,0.23709446630470557,0.5957248335465392
3669,0.1621480937071736,0.22991963456179945,0.607932271731027
3670,0.23608296174443258,0.2990155939134249,0.4649014443421426
3671,0.11007868325360985,0.2153930914906363,0.6745282252557538
3672,0.17981841912372834,0.26533476526163047,0.5548468156146412
3673,0.06715569121373692,0.15520236387546488,0.7776419449107983
3674,0.3776791324168967,0.2915788345234748,0.33074203305962857
3675,0.3248821867388968,0.2941641580842791,0.3809536551768241
3676,0.25495863213472303,0.28157004698617094,0.46347132087910614
3677,0.2666768491061369,0.30201447616913923,0.43130867472472373
3678,0.48675630308606654,0.2615684229750211,0.25167527393891237
3679,0.4977186157133871,0.2689055785733389,0.233375805713274
3680,0.220728477335268,0.27207619443788444,0.5071953282268477
3681,0.17954581027668876,0.2512586278230821,0.5691955619002291
3682,0.2827706961312492,0.3111111086967864,0.4061181951719645
3683,0.1687533378686758,0.2421793132450786,0.5890673488862456
3684,0.2775395840613088,0.3158139766626389,0.4066464392760524
3685,0.33684495612589843,0.300816842667753,0.36233820120634863
3686,0.11441800301457064,0.20762720820198935,0.6779547887834401
3687,0.1446614081312385,0.24035856693542593,0.6149800249333356
3688,0.44637890244837336,0.28862569222447043,0.26499540532715626
3689,0.12993551984004356,0.22512199506862046,0.644942485091336
3690,0.2667961755484887,0.28632444844587857,0.4468793760056327
3691,0.13016717615365384,0.23055360455064225,0.639279219295704
3692,0.32364226047523914,0.29303543242075153,0.3833223071040092
3693,0.10408389130233282,0.19532994254215477,0.7005861661555125
3694,0.41318719628596245,0.28234998353741697,0.30446282017662063
3695,0.32951599784377034,0.3109960037172355,0.35948799843899415
3696,0.31302057518612403,0.28127039020606814,0.4057090346078079
3697,0.233791278463155,0.2653472065206662,0.5008615150161789
3698,0.17392009435041977,0.25084671350569643,0.5752331921438839
3699,0.24509108466688254,0.2758677438685544,0.4790411714645631
3700,0.2763997749762023,0.30868473179314926,0.41491549323064847
3701,0.15127558556702583,0.246119544631135,0.6026048698018391
3702,0.11390766732949595,0.2103297682702796,0.6757625644002245
3703,0.26289216054548853,0.29233612121091446,0.444771718243597
3704,0.16996297642786923,0.24101482067173388,0.5890222029003969
3705,0.27435260469812317,0.2865267041045775,0.43912069119729935
3706,0.14283454748963398,0.24638910781019635,0.6107763447001697
3707,0.4873767801944441,0.2733391505800338,0.2392840692255222
3708,0.45402194446549443,0.2944938737693915,0.2514841817651141
3709,0.42917999516381544,0.28505463706344936,0.28576536777273526
3710,0.1712850159987276,0.2511103036514863,0.5776046803497861
3711,0.20685794871280364,0.2687846373766486,0.5243574139105478
3712,0.20019797169922393,0.26848608786947875,0.5313159404312973
3713,0.19917423261315886,0.2660065838951375,0.5348191834917037
3714,0.3515017457501934,0.2807209052127367,0.36777734903707
3715,0.07006949227230057,0.1560006289475018,0.7739298787801977
3716,0.2805440201882582,0.30355769821547024,0.4158982815962716
3717,0.32360139317883563,0.2946804861716586,0.38171812064950583
3718,0.48214021693910514,0.27018566161190455,0.24767412144899023
3719,0.20187667202340118,0.2811799997125709,0.516943328264028
3720,0.11322557874389434,0.21404182092725663,0.672732600328849
3721,0.12210872518666938,0.21251926333616397,0.6653720114771666
3722,0.14929945982860324,0.23943900140945376,0.6112615387619431
3723,0.13263320132982528,0.2173931371394921,0.6499736615306826
3724,0.359367289666528,0.29083827254961503,0.34979443778385705
3725,0.19617830601861722,0.2722265040519942,0.5315951899293886
3726,0.5451666449853769,0.25606155201261904,0.19877180300200398
3727,0.1504262715199587,0.2260321391141912,0.6235415893658501
3728,0.22008636620924024,0.28669449348039117,0.4932191403103687
3729,0.2214715077163055,0.25716943056178787,0.5213590617219067
3730,0.18507267322950183,0.26805892244825574,0.5468684043222425
3731,0.14926901112051058,0.22700490498444426,0.6237260838950451
3732,0.39558347902015,0.2925061578061803,0.31191036317366977
3733,0.3264078220757952,0.2860753535207579,0.38751682440344687
3734,0.14464902571572993,0.22917081730451275,0.6261801569797574
3735,0.46597457517405977,0.2752707794014848,0.2587546454244554
3736,0.23941612183473887,0.27720378562513615,0.483380092540125
3737,0.12500976336889486,0.2206387269229813,0.6543515097081238
3738,0.2760290038068757,0.2815186153356784,0.44245238085744587
3739,0.3966450646753339,0.2781589143293804,0.3251960209952857
3740,0.301070296453341,0.28567161646123906,0.41325808708542
3741,0.046017333509169,0.12133245099549235,0.8326502154953387
3742,0.15491813363222529,0.24281893088660694,0.6022629354811677
3743,0.48663683726858553,0.2823958354152034,0.230967327316211
3744,0.288761801067975,0.29901145745089064,0.4122267414811344
3745,0.4444828920151706,0.28465805424576357,0.2708590537390658
3746,0.23822100911560043,0.27217587865399606,0.48960311223040354
3747,0.31098747187405373,0.29301083410324136,0.39600169402270496
3748,0.4272811169350246,0.28068969464218974,0.2920291884227858
3749,0.13473226361519397,0.21046043646861107,0.654807299916195
3750,0.3088789603413053,0.2816734589674281,0.4094475806912667
3751,0.2192057298830333,0.2849319487004364,0.49586232141653025
3752,0.3083960717702691,0.2872587925669437,0.40434513566278724
3753,0.12337388093637112,0.22534278324708965,0.6512833358165393
3754,0.1411877540323909,0.23316008926224,0.6256521567053692
3755,0.14360852161298254,0.2304330082797617,0.6259584701072557
3756,0.08392108771513211,0.16842214019129337,0.7476567720935746
3757,0.1788392358147872,0.25178310793448455,0.5693776562507282
3758,0.36457497564732133,0.2937492082195786,0.3416758161331001
3759,0.3503714345032246,0.2959135076807649,0.35371505781601054
3760,0.1976353529444882,0.26201611166512456,0.5403485353903873
3761,0.2715379591945543,0.2875995722987639,0.4408624685066819
3762,0.33543702670669423,0.29710610962020645,0.3674568636730993
3763,0.17153795443730213,0.236436515630142,0.5920255299325559
3764,0.31156101543175035,0.28574374122603097,0.40269524334221873
3765,0.433927730674446,0.277835651043292,0.2882366182822619
3766,0.29500820976073555,0.2914743734839738,0.4135174167552906
3767,0.17328804182748853,0.2572726175609534,0.5694393406115581
3768,0.11209747736133344,0.20722838784020378,0.6806741347984628
3769,0.26012795312931225,0.29394887832490485,0.4459231685457829
3770,0.11090857636286355,0.1862918755344094,0.702799548102727
3771,0.25833106742676354,0.2796091767701759,0.4620597558030607
3772,0.16955014775211308,0.23081334282770957,0.5996365094201774
3773,0.14812615560643916,0.24840835183188187,0.603465492561679
3774,0.14966658392951954,0.23466749894998856,0.6156659171204919
3775,0.4859076182237464,0.2604030058139517,0.2536893759623019
3776,0.1609071478803763,0.24156612378593553,0.5975267283336883
3777,0.5458031584071389,0.263591863210597,0.19060497838226415
3778,0.1264174838340373,0.2135877494298054,0.6599947667361573
3779,0.2781834407052443,0.29023634551871685,0.4315802137760389
3780,0.3600260894124694,0.2990007012003958,0.3409732093871349
3781,0.3714093610594311,0.3043563167654523,0.32423432217511655
3782,0.13153475121228916,0.2137079172932669,0.6547573314944439
3783,0.21939404199659274,0.26807132202293504,0.5125346359804723
3784,0.31142790248117025,0.28463754674740743,0.40393455077142243
3785,0.5753966479019466,0.24583171269098733,0.17877163940706617
3786,0.11578606627962691,0.20334546865297423,0.6808684650673988
3787,0.11915710514868572,0.2106584599505807,0.6701844349007335
3788,0.2690655612675776,0.2812431791723999,0.4496912595600226
3789,0.06961829165865609,0.14699135403192398,0.7833903543094198
3790,0.15914752362251305,0.24113494329049986,0.5997175330869872
3791,0.2138535348766109,0.26312799566216627,0.5230184694612228
3792,0.3786434042825708,0.27201391339033487,0.3493426823270943
3793,0.17350325560852417,0.262462298435698,0.5640344459557778
3794,0.26820585565180804,0.2936496935638308,0.4381444507843612
3795,0.24281777392757936,0.2918165010904712,0.4653657249819495
3796,0.37603372128924756,0.2876419074521594,0.33632437125859316
3797,0.32623731054035837,0.2966765994223958,0.37708609003724586
3798,0.29997516314029554,0.2736994095667493,0.42632542729295525
3799,0.29406150896480154,0.2968469176293066,0.40909157340589186
3800,0.09010390635399744,0.1833146543135795,0.7265814393324231
3801,0.1464108865338613,0.22423432142425984,0.6293547920418788
3802,0.3533727135570653,0.29200830277786194,0.3546189836650728
3803,0.26776784815319543,0.276522546613523,0.4557096052332816
3804,0.28392495291106246,0.2971084365048993,0.4189666105840383
3805,0.13009191056801248,0.2155622716104076,0.6543458178215799
3806,0.20153101015284447,0.2808697479434758,0.5175992419036797
3807,0.12696577170364198,0.20544037950632604,0.6675938487900319
3808,0.16378846068020783,0.24255487156164168,0.5936566677581505
3809,0.1879101468020254,0.2653354321062051,0.5467544210917696
3810,0.30096467938005983,0.298341246131125,0.4006940744888152
3811,0.1980286989546736,0.2648312453363237,0.5371400557090027
3812,0.30549210520920944,0.29079771323927917,0.4037101815515115
3813,0.25726534846879867,0.2795485305469031,0.4631861209842983
3814,0.38367475728234884,0.26831620155451863,0.34800904116313264
3815,0.44063008636376894,0.2834221623168795,0.2759477513193517
3816,0.34146246206734937,0.28674308237551654,0.3717944555571342
3817,0.4162184185262812,0.29268469746933246,0.2910968840043864
3818,0.24595490731632869,0.27835839850848815,0.47568669417518317
3819,0.4194094870327504,0.28574826930067365,0.2948422436665759
3820,0.2726218022977487,0.29621060130910215,0.4311675963931492
3821,0.27440767584295134,0.29046037617475523,0.43513194798229343
3822,0.15807506465324117,0.24741771318888367,0.5945072221578751
3823,0.27622040232407463,0.2805409823748662,0.4432386153010592
3824,0.18634406941164888,0.2527325061258091,0.5609234244625421
3825,0.16554594010704013,0.238431431815879,0.596022628077081
3826,0.3492606023100543,0.3078652622116154,0.3428741354783303
3827,0.0891965168836513,0.18357687232863706,0.7272266107877117
3828,0.2247577366437411,0.27290642402425314,0.5023358393320059
3829,0.17998608134346467,0.2596459679430954,0.5603679507134399
3830,0.1502853643050652,0.23884855085319093,0.6108660848417439
3831,0.18832061299923092,0.26139617700782775,0.5502832099929413
3832,0.3287007126321855,0.27514739155712736,0.3961518958106872
3833,0.18001195617354804,0.25274724381903935,0.5672408000074126
3834,0.27680985894779475,0.2947415824178623,0.428448558634343
3835,0.32684817567516455,0.2819772632305396,0.3911745610942959
3836,0.4981609906108681,0.2628357212547025,0.23900328813442934
3837,0.1630458795148488,0.24857062035780175,0.5883835001273494
3838,0.27678112540629424,0.29173023399178966,0.4314886406019161
3839,0.22655263351903304,0.27159899816474103,0.5018483683162259
3840,0.15014451256174532,0.2455774598095756,0.6042780276286791
3841,0.26148203853045965,0.2829184047129084,0.45559955675663194
3842,0.37731385590125377,0.2911590874747746,0.33152705662397175
3843,0.10853495378632749,0.18385973984014894,0.7076053063735236
3844,0.26744743165900925,0.2812828798588402,0.4512696884821505
3845,0.136752334668237,0.21523348136215317,0.6480141839696099
3846,0.30126331635170345,0.2833773427521787,0.41535934089611787
3847,0.25418981887836434,0.29743939758025884,0.44837078354137694
3848,0.2664345728942892,0.29313630974012544,0.4404291173655854
3849,0.37377519903078604,0.27527587608818477,0.35094892488102924
3850,0.10917836212348131,0.2085634982554633,0.6822581396210554
3851,0.09845289960548183,0.17865213206196703,0.7228949683325512
3852,0.2215015612927942,0.2733947851327364,0.5051036535744694
3853,0.3049395216958476,0.31022832589917093,0.3848321524049815
3854,0.2429079486506791,0.28067539924529644,0.4764166521040246
3855,0.25451631214008263,0.2893684466894935,0.45611524117042374
3856,0.31537992109275664,0.29808037414284416,0.3865397047643992
3857,0.13172546537550678,0.22123502972052522,0.6470395049039681
3858,0.38610965953341403,0.27835768050546983,0.33553265996111625
3859,0.1861461870230971,0.2437555238764443,0.5700982891004587
3860,0.34626967534554337,0.28823679257610413,0.3654935320783526
3861,0.30599567263232463,0.2896926258573985,0.40431170151027696
3862,0.2798168123362661,0.2743707340464569,0.445812453617277
3863,0.4597661522377224,0.26705575611981314,0.27317809164246454
3864,0.14340140935580953,0.2420019198690498,0.6145966707751407
3865,0.4621250234452995,0.2637110479934481,0.2741639285612525
3866,0.18955388563283598,0.25615409684743906,0.554292017519725
3867,0.25219485414502213,0.2878540837100717,0.45995106214490616
3868,0.12435248469979152,0.21859127287463706,0.6570562424255715
3869,0.24678128067956093,0.2812214902209541,0.471997229099485
3870,0.15860802282024894,0.25004885286713074,0.5913431243126203
3871,0.2253069400770343,0.27027587295412336,0.5044171869688423
3872,0.19799100215936122,0.24883738540608502,0.5531716124345538
3873,0.10912164703830356,0.20037753203161388,0.6905008209300826
3874,0.3028138889278199,0.3034204957323615,0.3937656153398185
3875,0.15192637647267088,0.23886637528261648,0.6092072482447126
3876,0.3209517521842725,0.273069026504717,0.40597922131101044
3877,0.23670989991942348,0.2724671221128521,0.4908229779677243
3878,0.18215531204101768,0.2479301242160389,0.5699145637429435
3879,0.15606675780222484,0.24908357358254363,0.5948496686152316
3880,0.31969837958381975,0.30277588369493447,0.3775257367212458
3881,0.262351951739966,0.2826943208466043,0.45495372741342976
3882,0.32309948572558245,0.2734674081363429,0.40343310613807476
3883,0.31770908378625146,0.28999507288528753,0.392295843328461
3884,0.21015370950628925,0.27054113274273073,0.5193051577509801
3885,0.2636277157419123,0.28667810193980225,0.4496941823182855
3886,0.23234138001223886,0.27454233087349095,0.49311628911427025
3887,0.06789282149690166,0.15015090206370654,0.7819562764393918
3888,0.4341021644316319,0.27388755377664736,0.2920102817917207
3889,0.3169539746502624,0.2862738037287787,0.3967722216209588
3890,0.1584491836571308,0.22706953491479817,0.6144812814280711
3891,0.302917200064739,0.29934319078878635,0.39773960914647466
3892,0.15801816574142327,0.26431433028490026,0.5776675039736765
3893,0.22943643373653505,0.2978205132191124,0.47274305304435255
3894,0.27717722943944745,0.28789767734706195,0.4349250932134906
3895,0.11926581747829043,0.2148324055978133,0.6659017769238963
3896,0.3426800009946384,0.2885133987796063,0.36880660022575534
3897,0.20754347708582022,0.25790574208326916,0.5345507808309106
3898,0.41971340307362526,0.28464258429649936,0.29564401262987533
3899,0.22645691573090582,0.2770665916201299,0.4964764926489643
3900,0.18632581952819582,0.26122813604032497,0.5524460444314793
3901,0.2800718672939773,0.3029089038210795,0.41701922888494325
3902,0.4737082196592298,0.2734421118662652,0.25284966847450496
3903,0.28274364624112636,0.2947543084094396,0.422502045349434
3904,0.16353323284605029,0.2481981697030294,0.5882685974509203
3905,0.4245889396180341,0.2816817739484125,0.2937292864335535
3906,0.3326344346092286,0.30482486019130484,0.36254070519946663
3907,0.23294438611800763,0.2605394699393551,0.5065161439426373
3908,0.3763725341437162,0.2727893068220434,0.3508381590342404
3909,0.2454885891540403,0.30224166800701324,0.4522697428389465
3910,0.1603374801231104,0.2543596049461688,0.5853029149307207
3911,0.308238078376431,0.3001547566574788,0.3916071649660902
3912,0.3131630001851753,0.2836465480867226,0.4031904517281021
3913,0.10799130080966468,0.2029786378440487,0.6890300613462866
3914,0.14104223368595978,0.24100245897365116,0.6179553073403892
3915,0.35535386464807384,0.29657510796047776,0.34807102739144835
3916,0.14514421015851867,0.2261758543870188,0.6286799354544627
3917,0.40547874747118856,0.27468134100458197,0.3198399115242296
3918,0.25818622380481426,0.2872673048700318,0.45454647132515386
3919,0.25478564719071384,0.2858374124011537,0.4593769404081326
3920,0.3458612929296164,0.2916934909589193,0.3624452161114643
3921,0.18064572718699076,0.25051117377634136,0.568843099036668
3922,0.17030109215098563,0.25570549508632234,0.5739934127626921
3923,0.2696728279953832,0.3015586033256611,0.42876856867895574
3924,0.3644293065206671,0.2942856576623959,0.34128503581693714
3925,0.13593773253325936,0.2138408198731261,0.6502214475936146
3926,0.13057715222778488,0.22599479143298346,0.6434280563392317
3927,0.2666121177312325,0.30093097224781656,0.43245691002095094
3928,0.21046720561187854,0.25788090305905303,0.5316518913290685
3929,0.254049411164738,0.3017316012306139,0.4442189876046482
3930,0.35533441155130746,0.3039321316110777,0.34073345683761486
3931,0.16501862909547324,0.25092842109503977,0.5840529498094871
3932,0.3261821003879153,0.28281338385155425,0.3910045157605305
3933,0.23973293238623694,0.2530077367875773,0.5072593308261857
3934,0.1943764598973877,0.24567303029895657,0.5599505098036557
3935,0.25991599004414734,0.29222331680744273,0.44786069314841
3936,0.26122338079455093,0.3063252835733955,0.4324513356320536
3937,0.21361488879293306,0.28607410848262604,0.5003110027244408
3938,0.2004645317583372,0.27028501918431597,0.5292504490573469
3939,0.2235826584370552,0.2794362068732757,0.4969811346896691
3940,0.14411916976809874,0.23013962139186522,0.625741208840036
3941,0.301268063258286,0.28761569713831275,0.41111623960340127
3942,0.15323873570110086,0.2501438300571016,0.5966174342417976
3943,0.1474724394846715,0.2362951950258796,0.6162323654894489
3944,0.18456613855518442,0.2550311803470322,0.5604026810977835
3945,0.3021881627137519,0.30142492474918303,0.3963869125370651
3946,0.4618912025016913,0.2599798221652272,0.2781289753330817
3947,0.1273270025061959,0.1993565796033062,0.6733164178904979
3948,0.1452753742625222,0.24246458234678608,0.6122600433906917
3949,0.30372651681375834,0.3025909428678649,0.3936825403183768
3950,0.38249168175062465,0.30925122572507063,0.3082570925243047
3951,0.23817370367507232,0.27520126993426636,0.4866250263906613
3952,0.2697703579736683,0.300625885328264,0.4296037566980678
3953,0.1322657947130092,0.21968487723335403,0.6480493280536368
3954,0.3897185859109424,0.2671554318139246,0.343125982275133
3955,0.3502303764706838,0.2954240171966018,0.3543456063327145
3956,0.41410917026776833,0.28688841079734106,0.2990024189348906
3957,0.21369574365916444,0.2852415363317061,0.5010627200091295
3958,0.15936625605459848,0.23392649274159877,0.6067072512038028
3959,0.1356968147500877,0.2418363964989912,0.6224667887509212
3960,0.14285289107948923,0.24947334179661165,0.6076737671238991
3961,0.24033769301126728,0.29986901306041036,0.45979329392832236
3962,0.30020221354945714,0.2694186912886776,0.43037909516186534
3963,0.1403485029237434,0.23818368204687915,0.6214678150293775
3964,0.45016738353116226,0.2784312945829177,0.27140132188592003
3965,0.12159066389103097,0.20960833032611886,0.6688010057828502
3966,0.4312216794059869,0.28030677132029475,0.2884715492737184
3967,0.3295591573320217,0.2675500594980448,0.40289078316993354
3968,0.3327119334300302,0.28406980242003477,0.3832182641499351
3969,0.19825788324729057,0.2959240479717139,0.5058180687809956
3970,0.35536793406037004,0.3045388771622915,0.3400931887773385
3971,0.24227124182569942,0.2806358762804778,0.4770928818938227
3972,0.4559998291326601,0.2840629148838163,0.25993725598352374
3973,0.23425005595538534,0.28226801651554057,0.48348192752907415
3974,0.3614542329541755,0.29330117632778785,0.34524459071803665
3975,0.3193870412324137,0.27673484096148315,0.40387811780610317
3976,0.4202008101765706,0.2890424820552353,0.2907567077681941
3977,0.21116061703907008,0.2816180394107616,0.5072213435501685
3978,0.154510899230445,0.23715285516466483,0.6083362456048902
3979,0.20966677336488665,0.2560928106201043,0.5342404160150092
3980,0.14770111898784943,0.24205223227073908,0.6102466487414115
3981,0.2369842669228266,0.2936209108010542,0.46939482227611934
3982,0.20957700716881805,0.2628359876663822,0.5275870051647997
3983,0.19903201850164784,0.259719559233283,0.5412484222650692
3984,0.1421252875291173,0.22638344028175808,0.6314912721891247
3985,0.12444163775716936,0.22195857886165,0.6535997833811806
3986,0.17946170573258255,0.26309991875608996,0.5574383755113275
3987,0.1909149282722273,0.26771350801495364,0.541371563712819
3988,0.27543502874775755,0.2783339109251141,0.4462310603271284
3989,0.4376620395491882,0.2913883816155332,0.2709495788352786
3990,0.14274434541216435,0.23127285544608406,0.6259827991417516
3991,0.26170329292164474,0.2913883164840702,0.4469083905942851
3992,0.43787874448990693,0.27905314433418865,0.28306811117590447
3993,0.31751631715589596,0.3004004706857919,0.3820832121583122
3994,0.47086330563703527,0.2675391608632583,0.26159753349970655
3995,0.38312225449802656,0.28473652507848773,0.33214122042348576
3996,0.3507196243369332,0.2914821406074484,0.3577982350556185
3997,0.1883184779339202,0.25133991783150805,0.5603416042345718
3998,0.13546278519648491,0.23302766242216003,0.6315095523813551
3999,0.17786859333053018,0.258276764766453,0.5638546419030169
4000,0.3902405466392082,0.29488482042240244,0.31487463293838946
4001,0.14476191342725303,0.22115415967492535,0.6340839268978217
4002,0.1482428711269731,0.23488139069752573,0.6168757381755012
4003,0.26290309293882536,0.28431888075560624,0.45277802630556846
4004,0.13733813260676214,0.2230090558351085,0.6396528115581294
4005,0.0787474045533185,0.1671159399519819,0.7541366554946995
4006,0.18942639061279096,0.27097474683052986,0.5395988625566792
4007,0.28170756967350025,0.2806962403177339,0.4375961900087659
4008,0.36131352771317526,0.29504471409383276,0.343641758192992
4009,0.26047181484316884,0.2740902455184801,0.46543793963835106
4010,0.12622064704128894,0.2323265146636544,0.6414528382950567
4011,0.3770244348779684,0.2933327793172932,0.3296427858047384
4012,0.20533022671331064,0.27246069631099823,0.5222090769756912
4013,0.24503818121181906,0.27889599823575295,0.47606582055242797
4014,0.18055998574105345,0.26332721467652914,0.5561127995824174
4015,0.2736889244780224,0.2797381990521888,0.4465728764697888
4016,0.16629620419281896,0.23832317000629968,0.5953806258008814
4017,0.2432302329534354,0.2954459751912187,0.461323791855346
4018,0.2429855565870505,0.3042283989798434,0.4527860444331061
4019,0.3174947194663088,0.2931924622604656,0.3893128182732256
4020,0.3126440393330813,0.2836525828953018,0.4037033777716169
4021,0.29240384755966925,0.29992351234215503,0.4076726400981757
4022,0.2372099908168591,0.2887697795761028,0.47402022960703816
4023,0.08340074589975023,0.1753988518566557,0.7412004022435941
4024,0.4152064014064349,0.2870133878364708,0.2977802107570943
4025,0.24857513119312602,0.2694298458322048,0.4819950229746692
4026,0.1684675746403129,0.24514107220147205,0.5863913531582151
4027,0.28276942344203865,0.3079221049085413,0.40930847164942
4028,0.3454007993472521,0.2916835647121709,0.3629156359405771
4029,0.4547482077785757,0.27008247494011467,0.27516931728130967
4030,0.2003024860654233,0.265519601773075,0.5341779121615017
4031,0.24199553976391003,0.2830263181870632,0.4749781420490268
4032,0.19404762781313925,0.25133622665182603,0.5546161455350347
4033,0.23215195408515926,0.2913176844589553,0.4765303614558854
4034,0.30510567931626664,0.2911961621089948,0.40369815857473856
4035,0.283074188691074,0.28926154529288284,0.42766426601604307
4036,0.11944469405681671,0.21298348530289077,0.6675718206402925
4037,0.2569551611526171,0.27958887527712506,0.463455963570258
4038,0.12493822314336489,0.20414580327545143,0.6709159735811837
4039,0.14262900283409546,0.21212803875417596,0.6452429584117285
4040,0.2856453881629156,0.3010780281228468,0.4132765837142377
4041,0.383179698586232,0.29487508356508185,0.3219452178486861
4042,0.24976285844670812,0.290233731353209,0.46000341020008284
4043,0.28417531119935346,0.2944256891357508,0.4213989996648957
4044,0.4284014917531056,0.2607546119586856,0.3108438962882089
4045,0.17742693028285308,0.2553168455868137,0.5672562241303332
4046,0.28044639278539346,0.2750213236797812,0.4445322835348254
4047,0.34328131634089376,0.3005216096541134,0.35619707400499284
4048,0.12878576400229855,0.2226243926591881,0.6485898433385134
4049,0.2541713366823424,0.2819188573190054,0.46390980599865234
4050,0.3380148228342158,0.28574472095790615,0.3762404562078781
4051,0.3360488974166346,0.29284902364640963,0.37110207893695585
4052,0.24863762165111264,0.29173214626432686,0.45963023208456055
4053,0.28795474938408644,0.29715517207486913,0.4148900785410444
4054,0.09902781755208526,0.1903010570273381,0.7106711254205768
4055,0.2681140621253077,0.2910988258110987,0.4407871120635937
4056,0.086524943267594,0.1646470381272378,0.7488280186051682
4057,0.1563969972210691,0.24234025013680158,0.6012627526421295
4058,0.2833981734821759,0.3096518979976447,0.4069499285201794
4059,0.1783060915616819,0.26285274752233123,0.558841160915987
4060,0.38012422492621545,0.28296273470374245,0.3369130403700421
4061,0.28196063600416493,0.28198303300694294,0.4360563309888922
4062,0.2990056481880003,0.2803120845926772,0.4206822672193226
4063,0.376720359465985,0.28958965030757444,0.33368999022644064
4064,0.3186993972043234,0.2823631101826106,0.39893749261306605
4065,0.35884881503503613,0.27503395325778046,0.3661172317071835
4066,0.21016025439813762,0.2617453522598069,0.5280943933420555
4067,0.3681921960502952,0.27850176763673407,0.3533060363129708
4068,0.24211689576887863,0.29067586104569865,0.4672072431854227
4069,0.2668216405382794,0.27434299719370925,0.45883536226801136
4070,0.19300670594813374,0.26146514324781955,0.5455281508040468
4071,0.2870386924734116,0.2883472443922454,0.42461406313434297
4072,0.21002879880556075,0.2768282307617117,0.5131429704327276
4073,0.16170684974541627,0.23868541386596082,0.599607736388623
4074,0.12417317714114631,0.20875315191462301,0.6670736709442308
4075,0.16579625385252914,0.24077711833494714,0.5934266278125238
4076,0.20667524431151674,0.26704520815884897,0.5262795475296344
4077,0.15856982289145743,0.23816169206214352,0.6032684850463991
4078,0.49751279531829806,0.2660085851185789,0.23647861956312316
4079,0.149006340412042,0.22898480671060942,0.6220088528773486
4080,0.24680634672606128,0.2759954627540558,0.477198190519883
4081,0.15985588537392798,0.23186735469580047,0.6082767599302715
4082,0.22316553548918205,0.27560667596420685,0.5012277885466112
4083,0.1866549601216796,0.25290056688174395,0.5604444729965765
4084,0.2945797327215452,0.31338206602248675,0.39203820125596794
4085,0.31940282034325695,0.2856395232100778,0.3949576564466653
4086,0.3607974773304985,0.294789573479765,0.3444129491897366
4087,0.19311762267422727,0.23471216447272716,0.5721702128530456
4088,0.3767229794319724,0.2851907292824628,0.3380862912855648
4089,0.11780667733824984,0.20343788641946292,0.6787554362422873
4090,0.1954610679164355,0.24959983852669781,0.5549390935568667
4091,0.22452032638239688,0.27109096134956273,0.5043887122680405
4092,0.24020415701855194,0.2653140829200059,0.4944817600614423
4093,0.1656149448265516,0.2418302784959097,0.5925547766775386
4094,0.09625636745757435,0.18664271019262585,0.7171009223497998
4095,0.1558036642357645,0.24394090771676502,0.6002554280474706
4096,0.3019628183848771,0.27937203252484155,0.4186651490902814
4097,0.24608369191621443,0.2908400582347679,0.4630762498490177
4098,0.1328335098961983,0.20297128794602964,0.6641952021577721
4099,0.4415221847004937,0.2678471438093549,0.29063067149015137
4100,0.11082356539869465,0.19152851466051155,0.6976479199407939
4101,0.1629378085571579,0.2348483817415019,0.6022138097013403
4102,0.3524460855734714,0.29690481581398914,0.35064909861253946
4103,0.21243101539879733,0.290757323032251,0.49681166156895173
4104,0.40960513371676355,0.2659467124196576,0.32444815386357884
4105,0.2359320764761746,0.2872583754924883,0.4768095480313372
4106,0.46529386636919734,0.26241748040094814,0.27228865322985457
4107,0.1449374978291559,0.23828754430159255,0.6167749578692515
4108,0.14523877752670722,0.2275621482560743,0.6271990742172185
4109,0.20227872975872652,0.27794287876170354,0.51977839147957
4110,0.2805120097915938,0.28149084288752424,0.437997147320882
4111,0.3469913142918994,0.2863331910176228,0.36667549469047794
4112,0.26736306911767055,0.2563223603376273,0.47631457054470216
4113,0.3319100090800965,0.28710063315596174,0.38098935776394177
4114,0.2262804411572974,0.26684577475624793,0.5068737840864547
4115,0.200060590171287,0.2570907311033178,0.5428486787253952
4116,0.21535170881091656,0.26030941232168747,0.5243388788673959
4117,0.19320273231147128,0.26685442859939446,0.5399428390891343
4118,0.2949025977503897,0.2906590980222749,0.4144383042273355
4119,0.2993017050998052,0.2728186816100984,0.4278796132900965
4120,0.33507221438954193,0.29632393449428107,0.36860385111617694
4121,0.26859990708779635,0.2758751189167155,0.45552497399548814
4122,0.19518021756697024,0.28530558641787407,0.5195141960151557
4123,0.29603222728525463,0.2909396801637243,0.4130280925510212
4124,0.35198641609440107,0.2889322261323227,0.35908135777327627
4125,0.16670574207307826,0.23964303448135332,0.5936512234455684
4126,0.16303999020054105,0.23551297125080506,0.6014470385486539
4127,0.20090610494106675,0.2613175296673785,0.5377763653915548
4128,0.1773768479123765,0.2658932859761429,0.5567298661114806
4129,0.0902003615908884,0.16788260530669522,0.7419170331024164
4130,0.2947260600628697,0.2913518329103624,0.4139221070267679
4131,0.2680930033000437,0.30727357866432103,0.4246334180356353
4132,0.32443522080017856,0.2904924272362092,0.3850723519636122
4133,0.1945749443817764,0.2573912684460486,0.5480337871721751
4134,0.23884915989531635,0.2877125614007035,0.47343827870398014
4135,0.2004741253669188,0.26389479661675114,0.53563107801633
4136,0.25801983868374784,0.300183770518217,0.44179639079803523
4137,0.2854075849098124,0.2772747055874749,0.43731770950271276
4138,0.19960776068722297,0.2576943137098041,0.542697925602973
4139,0.17158321812267374,0.2689617685683711,0.5594550133089552
4140,0.1755856354598942,0.26267241597535,0.5617419485647558
4141,0.14253410481600354,0.22866288841959115,0.6288030067644054
4142,0.20692887518035952,0.2540373169001126,0.5390338079195278
4143,0.20061020321571021,0.2546794320517849,0.5447103647325049
4144,0.533315052714808,0.2505265834304081,0.2161583638547841
4145,0.40948948330008433,0.28294038383439724,0.30757013286551843
4146,0.26978585122498366,0.29398706815643955,0.43622708061857696
4147,0.16083287394006204,0.26370627033685134,0.5754608557230867
4148,0.3482428275472388,0.30021122684900636,0.35154594560375496
4149,0.2816673097607331,0.3073821926029327,0.4109504976363342
4150,0.30529725377267114,0.2972273562373601,0.3974753899899689
4151,0.2364626702120392,0.26078931391030985,0.5027480158776509
4152,0.29223413369496537,0.3042716392025143,0.4034942271025204
4153,0.29421915254621767,0.3179621861044245,0.3878186613493579
4154,0.37906321344814137,0.2738548247314222,0.34708196182043644
4155,0.07624602884723906,0.15717195610657198,0.766582015046189
4156,0.10056809527299278,0.19289704105793226,0.7065348636690749
4157,0.23916755004063225,0.2802573349077259,0.4805751150516419
4158,0.18303372843768245,0.25696109013501883,0.5600051814272987
4159,0.25202079354974194,0.3041682546134113,0.4438109518368468
4160,0.16473548130171117,0.2460024454680088,0.58926207323028
4161,0.11495575415291819,0.20794670055992642,0.6770975452871554
4162,0.15932045747524673,0.24595452260806935,0.594725019916684
4163,0.3453669048730923,0.2890534429096238,0.36557965221728395
4164,0.1739653157820919,0.2641202264589364,0.5619144577589718
4165,0.24717214498924936,0.27769205007882364,0.47513580493192703
4166,0.1279574994291091,0.2191919411486475,0.6528505594222435
4167,0.1428367190545204,0.22594363679057375,0.6312196441549058
4168,0.14079563108741627,0.2305060645001233,0.6286983044124604
4169,0.24168713853072332,0.2715081635122047,0.48680469795707204
4170,0.44108868465024037,0.26162013323810107,0.2972911821116586
4171,0.3739765103001556,0.2894709834969351,0.3365525062029094
4172,0.4021611473876907,0.2771534652385687,0.3206853873737407
4173,0.31582737690567164,0.3030389303807749,0.38113369271355346
4174,0.2721161934478462,0.3027453749572801,0.4251384315948738
4175,0.2038479445599784,0.2716846433180503,0.5244674121219713
4176,0.29829145459094175,0.282604434081241,0.4191041113278173
4177,0.33403263905192876,0.2866585828919616,0.37930877805610963
4178,0.34171175936984227,0.2936743346096496,0.3646139060205082
4179,0.1846613995949191,0.25541006794956544,0.5599285324555155
4180,0.19108307196293478,0.25135128818799357,0.5575656398490717
4181,0.25182821073209616,0.2952718193369456,0.45289996993095827
4182,0.19783159601143602,0.2779734279655817,0.5241949760229824
4183,0.17822957484719582,0.26420747058688415,0.5575629545659201
4184,0.40951002352072247,0.2818036071498428,0.3086863693294347
4185,0.34556762558671705,0.2793413461704877,0.37509102824279533
4186,0.32793983232983726,0.30008296492240316,0.37197720274775964
4187,0.2191489374042627,0.26956152636422737,0.51128953623151
4188,0.43813959635245914,0.2810101334127821,0.2808502702347589
4189,0.28343188128800517,0.2774784853956543,0.4390896333163406
4190,0.1983621230171502,0.2687753128044681,0.5328625641783817
4191,0.21297673608154516,0.2783718305625108,0.5086514333559441
4192,0.1298009083826404,0.20553948677093237,0.6646596048464273
4193,0.2550155555588269,0.2954651549430552,0.4495192894981179
4194,0.37775555924402604,0.30403340375966054,0.31821103699631353
4195,0.17098792576478333,0.2580032987503492,0.5710087754848674
4196,0.17725465396465898,0.24859748842132234,0.5741478576140188
4197,0.21518599648039244,0.2602528506007819,0.5245611529188257
4198,0.19901372153143454,0.26702542493768444,0.5339608535308811
4199,0.2125644029324214,0.28296437921170003,0.5044712178558786
4200,0.12026611712205368,0.2222269879631972,0.6575068949147491
4201,0.18560509647449402,0.25118314820975624,0.5632117553157499
4202,0.286038241288741,0.29651210505458375,0.4174496536566753
4203,0.2506030984269956,0.27554161574187724,0.4738552858311271
4204,0.29064423730406086,0.2903316403634383,0.41902412233250086
4205,0.3527538437639349,0.3041319684537078,0.34311418778235725
4206,0.18156036811429868,0.2522762760646796,0.5661633558210217
4207,0.2449352584152801,0.2795073253628897,0.47555741622183023
4208,0.4317382288229371,0.28353009569543675,0.28473167548162615
4209,0.32226718007574473,0.28834085756794864,0.38939196235630663
4210,0.16480459604279113,0.23220972212497665,0.6029856818322323
4211,0.27100770783714356,0.30132989031394336,0.42766240184891313
4212,0.17145781983182545,0.24163599783454406,0.5869061823336305
4213,0.28077540832985565,0.29844906602159726,0.420775525648547
4214,0.3847657796213925,0.2893430138356358,0.3258912065429717
4215,0.11397139461907599,0.21031528780240843,0.6757133175785156
4216,0.30031931634372655,0.297288399795148,0.4023922838611254
4217,0.37633090977025013,0.2798018297995922,0.3438672604301577
4218,0.3016542759687246,0.28368482682311236,0.41466089720816307
4219,0.23279914957358874,0.29934739385154885,0.4678534565748625
4220,0.16001346144468132,0.24005026931988152,0.5999362692354372
4221,0.3603296235231498,0.2954087309659241,0.34426164551092614
4222,0.21983830048623565,0.26429042823062576,0.5158712712831386
4223,0.4338018950390863,0.30102153420725386,0.26517657075365986
4224,0.17270306640375993,0.2622396565344562,0.5650572770617839
4225,0.37694402082789774,0.2975638830610741,0.32549209611102814
4226,0.2445389409511954,0.2832752141267372,0.4721858449220674
4227,0.16448091454649544,0.255603231021202,0.5799158544323026
4228,0.27908162557970373,0.2874618692733425,0.4334565051469538
4229,0.23804643503248726,0.26602057751510644,0.4959329874524063
4230,0.199684777854744,0.26762058594103655,0.5326946362042195
4231,0.20117564340900315,0.2775242315255374,0.5213001250654594
4232,0.22910984207335108,0.27204186327630414,0.4988482946503448
4233,0.39192063761728513,0.3041661802974014,0.3039131820853135
4234,0.16243343332800425,0.2405697694154838,0.596996797256512
4235,0.2595855513236119,0.2937014929205856,0.44671295575580244
4236,0.13730532608807844,0.22618077527888675,0.6365138986330349
4237,0.36084865681064826,0.2967123734300717,0.3424389697592801
4238,0.4375054215474349,0.2778583423532923,0.2846362360992728
4239,0.24410879425174672,0.2992692464196009,0.4566219593286524
4240,0.21969801888230528,0.2773539691147612,0.5029480120029336
4241,0.25941498117441,0.2973233582144716,0.4432616606111185
4242,0.25366474058883026,0.2770931573530545,0.46924210205811523
4243,0.16872246325030282,0.25916317124523264,0.5721143655044645
4244,0.3418602310393586,0.31308041059963376,0.34505935836100765
4245,0.24171484814772706,0.2831744296771751,0.47511072217509787
4246,0.22307982226637227,0.27220913824729076,0.504711039486337
4247,0.32742635017783495,0.28385899361173855,0.3887146562104266
4248,0.14529436450241112,0.23871677699838084,0.615988858499208
4249,0.17255917606093715,0.24631540044318526,0.5811254234958777
4250,0.1761703497258553,0.2526984341304702,0.5711312161436746
4251,0.24513188811059447,0.2953598016743343,0.45950831021507127
4252,0.2231057935880647,0.2915900628019597,0.48530414360997565
4253,0.10672818347539907,0.1965365706967894,0.6967352458278115
4254,0.1328729553181111,0.22783049579213135,0.6392965488897575
4255,0.1903478500316667,0.26110820094168424,0.548543949026649
4256,0.3411979819822849,0.2834801044894781,0.375321913528237
4257,0.32537400344264544,0.3126399019697175,0.36198609458763703
4258,0.3949795919598532,0.2997643276590495,0.30525608038109736
4259,0.30654669645685784,0.2910727570782433,0.4023805464648989
4260,0.3123477085580713,0.30899790958126916,0.37865438186065964
4261,0.20079221684445855,0.27873003869250235,0.5204777444630391
4262,0.36592291616295014,0.2946932139554427,0.3393838698816071
4263,0.22397593127996043,0.2728077251453871,0.5032163435746525
4264,0.2814371261113492,0.2786763098946815,0.4398865639939693
4265,0.24216699281276055,0.2933287591084257,0.46450424807881385
4266,0.2727895846133436,0.3095716826954587,0.41763873269119767
4267,0.24956348859566696,0.29758257247010783,0.4528539389342253
4268,0.14297143117445496,0.2277189104220981,0.6293096584034469
4269,0.18812498809481484,0.2613265306450587,0.5505484812601265
4270,0.17785918291713437,0.27599733022036294,0.5461434868625027
4271,0.45004080363898635,0.2671271857256562,0.2828320106353574
4272,0.14079636475419893,0.22653982621782656,0.6326638090279746
4273,0.17655273340445785,0.24607996371919202,0.5773673028763502
4274,0.31782924772850224,0.28218190264666315,0.39998884962483466
4275,0.2480773600598165,0.3017568780181391,0.45016576192204444
4276,0.19914957815441853,0.2669940934194659,0.5338563284261156
4277,0.40184441375337954,0.29650384624385107,0.30165174000276934
4278,0.18266816674992317,0.26838877746901774,0.5489430557810592
4279,0.24599047751187766,0.3024068761749913,0.45160264631313113
4280,0.47239847025504406,0.2677669215973529,0.25983460814760306
4281,0.1568844865056225,0.23425229985808432,0.6088632136362933
4282,0.16015156093039096,0.2331635649782367,0.6066848740913724
4283,0.09051024240209438,0.18201497085606935,0.7274747867418363
4284,0.27981400348290486,0.2937907481329177,0.42639524838417736
4285,0.22037171575714337,0.27597849933838037,0.5036497849044762
4286,0.3544820162464114,0.30438966250129534,0.34112832125229325
4287,0.20874751469414027,0.27570616547504745,0.5155463198308123
4288,0.5296637035918711,0.25885000400719255,0.21148629240093636
4289,0.13806363313663778,0.22837636087599722,0.6335600059873651
4290,0.40132363384725284,0.293678071689436,0.3049982944633113
4291,0.24686329008549412,0.28159845521314597,0.4715382547013599
4292,0.23550271633065561,0.27533921151850027,0.48915807215084417
4293,0.18009085971753988,0.24452818909638802,0.5753809511860721
4294,0.3259166428755621,0.2997458838965711,0.3743374732278669
4295,0.33016872513340567,0.2884169170508414,0.38141435781575295
4296,0.11155099348396588,0.18904711240830233,0.6994018941077318
4297,0.15505814484778807,0.2465348447364694,0.5984070104157426
4298,0.17211467485754756,0.26596848381346094,0.5619168413289914
4299,0.22667696730084597,0.28114455776620606,0.492178474932948
4300,0.338913124094382,0.29767730009616783,0.36340957580945016
4301,0.1791579458916577,0.24705083604267886,0.5737912180656635
4302,0.3088072481235144,0.28365579263283164,0.4075369592436541
4303,0.13576594810298728,0.22246725438406725,0.6417667975129454
4304,0.30922212464995036,0.2961692304146781,0.39460864493537157
4305,0.3312774230207368,0.293907089427542,0.3748154875517212
4306,0.31781668784735634,0.28963991121926175,0.392543400933382
4307,0.26243362101696,0.29084056537428754,0.4467258136087526
4308,0.30412110573391066,0.2632024406503919,0.43267645361569745
4309,0.1469428560325558,0.2323712268626447,0.6206859171047995
4310,0.1339821749566315,0.223464187845508,0.6425536371978605
4311,0.35773684333118894,0.29065531513194975,0.35160784153686137
4312,0.20287347590874175,0.26665458217564203,0.5304719419156163
4313,0.3754338784598595,0.30154672761692514,0.32301939392321544
4314,0.0883162504600766,0.17990946641285602,0.7317742831270675
4315,0.22570076403299644,0.2745999307389581,0.49969930522804545
4316,0.18606380894539526,0.2737672059455331,0.5401689851090716
4317,0.16931186204024962,0.26361465862012345,0.5670734793396269
4318,0.3588807129552523,0.3116832060094582,0.3294360810352895
4319,0.14826952601841334,0.23704432784592697,0.6146861461356596
4320,0.34233750599645146,0.2978582022433162,0.35980429176023243
4321,0.15796026812643235,0.2333120076707856,0.608727724202782
4322,0.2748096060742934,0.2751563724722659,0.4500340214534407
4323,0.2999934296870115,0.2788892932428876,0.421117277070101
4324,0.2721139128929066,0.29204474468906944,0.43584134241802397
4325,0.22984996477072595,0.28004523666923387,0.49010479856004024
4326,0.25374461400690485,0.2969795240832364,0.4492758619098588
4327,0.07957601621719715,0.16741204585218053,0.7530119379306223
4328,0.2241188532736491,0.2819239370713872,0.49395720965496376
4329,0.14676503038324218,0.22759999971683104,0.6256349698999268
4330,0.26161012130649847,0.2682100189494664,0.47017985974403514
4331,0.35200513694014873,0.2797782780631558,0.36821658499669546
4332,0.14259336049131566,0.2403223401801446,0.6170842993285397
4333,0.20647548373308694,0.2700456735176808,0.5234788427492323
4334,0.4140547571615419,0.2825749591927539,0.30337028364570423
4335,0.23923682983413075,0.28556305453164293,0.47520011563422637
4336,0.3216650032328415,0.28854689340933004,0.3897881033578285
4337,0.1788419549323045,0.2547352395270074,0.5664228055406881
4338,0.34673114642057434,0.2936894866613725,0.3595793669180532
4339,0.1419128058017212,0.2291392416244425,0.6289479525738364
4340,0.11189942009486797,0.1930839048682295,0.6950166750369026
4341,0.22747029821535755,0.281386067998806,0.49114363378583653
4342,0.17798446849185348,0.24831062804275889,0.5737049034653876
4343,0.17612487963419715,0.24841687645203253,0.5754582439137703
4344,0.1580201200698962,0.2293613934854096,0.6126184864446943
4345,0.1826600007276508,0.2692489136766824,0.5480910855956668
4346,0.2139539186912013,0.2715663190332852,0.5144797622755136
4347,0.11811428590218684,0.21118014316927863,0.6707055709285346
4348,0.4149342122657488,0.3000995206162115,0.28496626711803985
4349,0.23369581382715515,0.2923327288887802,0.47397145728406465
4350,0.33619738509830055,0.2876580848602375,0.37614453004146203
4351,0.1252297195238871,0.22614699900406712,0.6486232814720457
4352,0.22623849218371173,0.28390942462844765,0.4898520831878407
4353,0.5061623729453254,0.2490072279860164,0.24483039906865822
4354,0.38236922239115967,0.2895138250021326,0.32811695260670776
4355,0.4782648595558663,0.2789403941441063,0.24279474630002745
4356,0.26689981023278425,0.29865875141467135,0.43444143835254445
4357,0.2717571856404236,0.29898804895742576,0.42925476540215074
4358,0.08046023098428398,0.16786246409863703,0.751677304917079
4359,0.2581284199411413,0.2948568169673702,0.44701476309148863
4360,0.2487076894620394,0.2839007716901773,0.4673915388477833
4361,0.26150664642555876,0.3004146728417945,0.43807868073264666
4362,0.18197206790766762,0.265709627724499,0.5523183043678335
4363,0.07535692053984808,0.15471223430878972,0.7699308451513622
4364,0.15638581338053187,0.2378937904492902,0.6057203961701779
4365,0.28893391905668375,0.29986898210262936,0.41119709884068695
4366,0.19125023023809393,0.2693505415810799,0.5393992281808262
4367,0.23347097747097437,0.27914881766489136,0.4873802048641343
4368,0.30776544389128363,0.2992002691058162,0.39303428700290016
4369,0.43019142380253583,0.27876689513760844,0.2910416810598558
4370,0.3852346463879821,0.27774680406496416,0.3370185495470538
4371,0.32820418202718415,0.2838844171018238,0.387911400870992
4372,0.24162317050929763,0.28189466947460173,0.47648216001610066
4373,0.17802603639706205,0.26335804013130637,0.5586159234716316
4374,0.29080291759660537,0.30300731243003926,0.4061897699733555
4375,0.310972121084459,0.297159973547391,0.3918679053681501
4376,0.20882474532015047,0.2697011311030555,0.521474123576794
4377,0.15135976543343954,0.2324485250348677,0.6161917095316929
4378,0.36289394641349115,0.31079859717346314,0.32630745641304565
4379,0.28388688740652845,0.295924831638828,0.42018828095464356
4380,0.2648618783618074,0.2692910907247208,0.4658470309134718
4381,0.25491551340823104,0.3051858576858475,0.4398986289059216
4382,0.4043214762990173,0.29126324823390803,0.30441527546707464
4383,0.16925043925113975,0.2486754399614918,0.5820741207873684
4384,0.23101936899934375,0.2763912896870429,0.4925893413136134
4385,0.09373687238501935,0.1910485452321231,0.7152145823828576
4386,0.18598387189819532,0.2707439842036859,0.5432721438981188
4387,0.1361084453529016,0.23367030042098502,0.6302212542261134
4388,0.09741686303627176,0.18853288898214765,0.7140502479815807
4389,0.19146205676141412,0.27591837487146387,0.532619568367122
4390,0.2757117720246962,0.2865940452906056,0.43769418268469823
4391,0.2730916505475238,0.3108132821062179,0.41609506734625823
4392,0.4444269133978235,0.28588527127424057,0.26968781532793595
4393,0.23420065246986072,0.2858283145718776,0.4799710329582617
4394,0.2148824597608599,0.2813920334320901,0.50372550680705
4395,0.16351591521899528,0.23913193634113133,0.5973521484398735
4396,0.3412835414390616,0.2823374184598153,0.37637904010112316
4397,0.3981508003846108,0.2924200309914668,0.3094291686239225
4398,0.29787553687486007,0.2890235831069493,0.4131008800181906
4399,0.09020923060728821,0.1862928835671624,0.7234978858255494
4400,0.14277342915565494,0.2355633686196641,0.6216632022246811
4401,0.28392360129493366,0.27681258972160305,0.4392638089834633
4402,0.30940840167503325,0.296593863139765,0.3939977351852017
4403,0.16201999880572115,0.2602356503324173,0.5777443508618616
4404,0.12438175396046694,0.21517324448147884,0.6604450015580543
4405,0.27247076205978776,0.2960508421890625,0.4314783957511496
4406,0.16942635360731326,0.23439212997759654,0.5961815164150902
4407,0.24314236160004912,0.2875693142643415,0.46928832413560945
4408,0.3121974457063576,0.2919231568060329,0.3958793974876095
4409,0.21166865091741788,0.2824749934574793,0.5058563556251029
4410,0.3031683779612627,0.29474151752596134,0.40209010451277594
4411,0.24069731487746812,0.2866551067797256,0.47264757834280624
4412,0.11174863482222072,0.20519210192409007,0.6830592632536893
4413,0.27096023408688735,0.2816397492172401,0.4474000166958726
4414,0.40978617781036286,0.2847101297932608,0.3055036923963764
4415,0.41922589823717715,0.27591999427380787,0.304854107489015
4416,0.2505299045673463,0.28813760803762295,0.46133248739503074
4417,0.3516436924337634,0.3087261062690165,0.33963020129722016
4418,0.3666437666255944,0.30745467269685645,0.32590156067754916
4419,0.29414578580457895,0.28305424488950653,0.42279996930591457
4420,0.24312374146424814,0.28184135126504384,0.475034907270708
4421,0.2414424790572717,0.28978210863710646,0.46877541230562186
4422,0.2775536071343162,0.282833975379308,0.43961241748637575
4423,0.31714064232245487,0.29090929326285553,0.3919500644146897
4424,0.16842783913972373,0.2545691192165661,0.5770030416437102
4425,0.26032758191751243,0.29045804541067133,0.44921437267181635
4426,0.3354375948030018,0.3101253675015219,0.3544370376954764
4427,0.09888736186453564,0.18641670953478479,0.7146959286006795
4428,0.3144135018597062,0.28615261276175374,0.39943388537854
4429,0.2470826653802834,0.2896873013125374,0.4632300333071793
4430,0.1433315751483521,0.2209938575033819,0.635674567348266
4431,0.11050751277231119,0.21082915541449299,0.6786633318131958
4432,0.15030212935332127,0.24434024805776114,0.6053576225889176
4433,0.23050780808338606,0.27840545577104014,0.4910867361455738
4434,0.33877713453926867,0.2877148103284125,0.3735080551323189
4435,0.19084207781995483,0.27521149827935987,0.5339464239006854
4436,0.19540502842647092,0.24646145791802193,0.5581335136555071
4437,0.4402469296064771,0.2815773577142649,0.27817571267925806
4438,0.4083812477800771,0.29951061193418826,0.2921081402857346
4439,0.33319452849187947,0.2707346685122605,0.39607080299586006
4440,0.233602369027549,0.29580578080847053,0.4705918501639805
4441,0.27366319912172293,0.28364128844274433,0.44269551243553285
4442,0.34214335471286034,0.28873349394293785,0.3691231513442018
4443,0.1430197777887298,0.2327890330439199,0.6241911891673503
4444,0.17208140510575737,0.22706807754530295,0.6008505173489398
4445,0.19849202684003306,0.2596796368745299,0.5418283362854371
4446,0.33971784019533596,0.303051473071271,0.3572306867333931
4447,0.37804043860793723,0.2974970998455086,0.3244624615465543
4448,0.09383875972325129,0.1992203296941045,0.7069409105826442
4449,0.18645094296922965,0.27019416062999035,0.54335489640078
4450,0.17238163120249012,0.2528255949173291,0.5747927738801809
4451,0.18054013902041682,0.26462515698440126,0.554834703995182
4452,0.11553649606293762,0.19881726397822574,0.6856462399588367
4453,0.1370783833997106,0.21840947385678972,0.6445121427434997
4454,0.18227630521939509,0.25005393841614876,0.5676697563644562
4455,0.31255522771645233,0.30864836149925273,0.37879641078429493
4456,0.2709664946240496,0.2769962503961708,0.45203725497977965
4457,0.34238960073778185,0.28995269456233014,0.3676577046998881
4458,0.12337384505451465,0.19739857919734297,0.6792275757481424
4459,0.46605362148001567,0.2642664107069609,0.26967996781302345
4460,0.34667567264714927,0.2806977315671807,0.3726265957856701
4461,0.35118788592685835,0.29260630429907836,0.3562058097740633
4462,0.43147793919272975,0.29626098077978563,0.2722610800274847
4463,0.1742009166534977,0.2615783023426938,0.5642207810038085
4464,0.2182803323727859,0.2560124578585993,0.5257072097686148
4465,0.24123336477175972,0.2705452763460882,0.48822135888215207
4466,0.1670035553390425,0.25746925117505165,0.575527193485906
4467,0.20368758784637722,0.2829280731012419,0.5133843390523809
4468,0.13720418024296016,0.22338703485997433,0.6394087848970655
4469,0.28146083752307555,0.2963228078689744,0.42221635460795015
4470,0.14113960704443543,0.22559288139970293,0.6332675115558616
4471,0.2036101746988192,0.27364225486035665,0.5227475704408242
4472,0.17770647635241846,0.2523079063914702,0.5699856172561114
4473,0.3185465906794122,0.2865578072608904,0.3948956020596974
4474,0.5256171891747075,0.274932801670932,0.1994500091543606
4475,0.20202175124705798,0.27795876727306446,0.5200194814798775
4476,0.18040279481808946,0.2710346821140549,0.5485625230678557
4477,0.10207450334618014,0.18771973403648165,0.7102057626173381
4478,0.10904147003182159,0.20975578217012308,0.6812027477980553
4479,0.1568468017253704,0.23247000004044,0.6106831982341896
4480,0.29831480079262057,0.29975797793508246,0.401927221272297
4481,0.32935393631398713,0.2994691482031744,0.3711769154828385
4482,0.2455533695239387,0.2667300009317489,0.4877166295443124
4483,0.3339393525156737,0.2857527338456635,0.3803079136386628
4484,0.3700237780999619,0.2944013036088271,0.33557491829121106
4485,0.3418441174747313,0.30467511388287344,0.3534807686423952
4486,0.26404747875788825,0.29582433708332473,0.4401281841587871
4487,0.2538414827790356,0.2662052496683661,0.47995326755259826
4488,0.29959223425515763,0.30744656360713507,0.3929612021377073
4489,0.16777858666200315,0.2603480395373119,0.5718733738006849
4490,0.22028906696886014,0.26437407088815745,0.5153368621429825
4491,0.4302739182672804,0.2786338893906446,0.2910921923420751
4492,0.39707281636346814,0.2812415771293854,0.32168560650714645
4493,0.3251502654987048,0.2898368545241573,0.3850128799771379
4494,0.16049431942683973,0.2482479614451456,0.5912577191280147
4495,0.1255595094330438,0.21367512109436163,0.6607653694725946
4496,0.485376751523335,0.2638618721384927,0.2507613763381723
4497,0.3620235151222274,0.27560433747898044,0.36237214739879214
4498,0.14324077110374672,0.2362980119954623,0.620461216900791
4499,0.16211815683672537,0.22873464723255643,0.6091471959307182
4500,0.10544657366904513,0.20644297393237057,0.6881104523985844
4501,0.30949510891139687,0.2914979779696335,0.39900691311896963
4502,0.3560437770866206,0.3042844026457065,0.33967182026767295
4503,0.18915866708497875,0.2624372772642003,0.5484040556508211
4504,0.13861208582459855,0.237139953708553,0.6242479604668485
4505,0.33810890930584253,0.29633327350362093,0.3655578171905366
4506,0.1262051061293195,0.21347218978209853,0.660322704088582
4507,0.19966334084387538,0.23676023795504345,0.5635764212010812
4508,0.3657213386926792,0.2744077857709598,0.359870875536361
4509,0.22417639844825948,0.2838959691849296,0.4919276323668109
4510,0.16615057519120818,0.24487788165269264,0.5889715431560992
4511,0.3811571864142612,0.295795684689103,0.32304712889663584
4512,0.23891949692863737,0.2736475418655801,0.4874329612057826
4513,0.4208316943056266,0.2778140449752872,0.30135426071908616
4514,0.47624889506423057,0.2833433746635415,0.240407730272228
4515,0.12292924433970351,0.2133942596729536,0.6636764959873429
4516,0.2756162210494454,0.2707136194889457,0.45367015946160894
4517,0.3974724638011581,0.29448988366122403,0.30803765253761795
4518,0.35745734281446717,0.28655243484334214,0.3559902223421907
4519,0.5641781933869303,0.25166476897040024,0.1841570376426694
4520,0.13908830295347754,0.2258964580322343,0.6350152390142882
4521,0.23697868184819287,0.2906561693033677,0.47236514884843944
4522,0.20310528701161135,0.26308221265829024,0.5338125003300985
4523,0.22355857422987008,0.2747952034831823,0.5016462222869476
4524,0.16620959774594307,0.2550370860348653,0.5787533162191917
4525,0.1307706624666442,0.22988241487172675,0.6393469226616291
4526,0.2026955277122422,0.2644135011177827,0.5328909711699752
4527,0.27555026450492526,0.2835289295513167,0.44092080594375804
4528,0.11875830524322521,0.20583449767350492,0.6754071970832699
4529,0.17853382384499175,0.2612692377544481,0.5601969384005602
4530,0.26848159114253956,0.2843143786693944,0.4472040301880661
4531,0.34534440464801025,0.3009618111963133,0.3536937841556764
4532,0.29991387194578645,0.3045017377377114,0.39558439031650217
4533,0.17274065833951324,0.2451871842401657,0.5820721574203211
4534,0.25188919155449596,0.2845856657472384,0.46352514269826556
4535,0.2890563795904677,0.28559261091724847,0.4253510094922839
4536,0.2566632548174176,0.2878231437645447,0.4555136014180377
4537,0.2908836416832082,0.2968366975996061,0.4122796607171857
4538,0.37150715689151925,0.2850526894833775,0.3434401536251034
4539,0.17078307852405064,0.25456145743479636,0.5746554640411531
4540,0.35053266121102805,0.2851343971213506,0.3643329416676214
4541,0.4879915795169465,0.2643297291839093,0.24767869129914427
4542,0.1146015682424266,0.20573075671216898,0.6796676750454045
4543,0.30042360166487053,0.29827271467814415,0.4013036836569853
4544,0.4633983430303005,0.27831811569462694,0.2582835412750726
4545,0.367827191229595,0.2794986942589156,0.35267411451148944
4546,0.20789508767319545,0.27378914420684436,0.5183157681199602
4547,0.24629548158782882,0.28710642372261497,0.4665980946895562
4548,0.1615236380950067,0.2529210920379156,0.5855552698670777
4549,0.16905283719435732,0.23939799075429308,0.5915491720513497
4550,0.17155383157478762,0.24614540981108496,0.5823007586141274
4551,0.22649547389232466,0.2727448112925388,0.5007597148151366
4552,0.19551402745169438,0.2515471725203725,0.5529388000279332
4553,0.3108812853301809,0.2959041671886053,0.39321454748121387
4554,0.11681297496297796,0.19830565106961145,0.6848813739674106
4555,0.2740309668271151,0.3023764483985575,0.4235925847743275
4556,0.25323274134578955,0.2860857007196252,0.46068155793458543
4557,0.3351214448791272,0.30353166974494983,0.3613468853759231
4558,0.1271082866597954,0.2178415004120235,0.6550502129281812
4559,0.20247288549213077,0.26699662066897367,0.5305304938388955
4560,0.19588106993597543,0.27962118587282014,0.5244977441912044
4561,0.24559452959226427,0.27452943665474855,0.4798760337529872
4562,0.29682160546819525,0.29260159001508745,0.41057680451671724
4563,0.14087966444382646,0.23798190260189717,0.6211384329542764
4564,0.20703155503275514,0.26036625563497584,0.532602189332269
4565,0.21712646333194421,0.27144890497066504,0.5114246316973908
4566,0.21191093007657752,0.2767539891135076,0.5113350808099149
4567,0.32396768687281285,0.29273363432515176,0.3832986788020354
4568,0.21968750125411907,0.26821904902750676,0.5120934497183741
4569,0.30713573368604724,0.3031931231000158,0.389671143213937
4570,0.17292304907648393,0.25553979583513037,0.5715371550883858
4571,0.15117795806165912,0.23589222511014327,0.6129298168281976
4572,0.2740186384988319,0.27245070091283663,0.4535306605883315
4573,0.2771211384085854,0.2917992855061239,0.43107957608529074
4574,0.2014746173678735,0.26815929924668747,0.5303660833854391
4575,0.32278941351257423,0.2920566021571239,0.38515398433030185
4576,0.39291911188350004,0.3008330273487227,0.3062478607677774
4577,0.41998691710710256,0.2735822167334395,0.3064308661594579
4578,0.27784985341507873,0.2824513279371364,0.439698818647785
4579,0.3395696630818796,0.2733428233770771,0.38708751354104337
4580,0.3012390215876962,0.30553624737709884,0.39322473103520494
4581,0.21763574660025378,0.2736732620686023,0.5086909913311439
4582,0.19668065225076312,0.26811129477838547,0.5352080529708515
4583,0.2332896496865935,0.274779866319235,0.49193048399417155
4584,0.3588176615996786,0.2744854086355254,0.36669692976479606
4585,0.21370834238971806,0.2815156766223084,0.5047759809879736
4586,0.19484290514203856,0.2658122242913605,0.5393448705666011
4587,0.2504223256851139,0.30028483737735606,0.44929283693753
4588,0.18339668954720154,0.23916891725176737,0.5774343932010312
4589,0.2398151283556807,0.28150908556130694,0.4786757860830124
4590,0.23242870582533232,0.286205846049794,0.48136544812487375
4591,0.2683442747832906,0.30003717432095384,0.4316185508957556
4592,0.3313731768822652,0.2925640030795381,0.3760628200381967
4593,0.18408130920374594,0.2831594939507852,0.5327591968454689
4594,0.267306042418546,0.3043620953853363,0.42833186219611774
4595,0.10007420380711962,0.1919481419138164,0.707977654279064
4596,0.3402888892285435,0.27429392163702493,0.3854171891344317
4597,0.3261919503851633,0.28926041173190065,0.38454763788293606
4598,0.20359149400491167,0.26858438192149736,0.5278241240735909
4599,0.13169944211790882,0.23529570696900368,0.6330048509130874
4600,0.4664882641773708,0.2672140131590547,0.2662977226635745
4601,0.3056313286318127,0.2934306591733615,0.4009380121948259
4602,0.31477052582434173,0.29934442383280296,0.38588505034285536
4603,0.2948203927587891,0.26765032512594533,0.4375292821152656
4604,0.17100372232023087,0.25276261925037713,0.5762336584293921
4605,0.2007068432157125,0.2636708090977282,0.5356223476865594
4606,0.31566058107108985,0.3122208643485135,0.3721185545803967
4607,0.25643863926624183,0.2880500818957077,0.45551127883805054
4608,0.25792675968327233,0.2825938967921747,0.45947934352455294
4609,0.11491308889952061,0.2187077967108339,0.6663791143896456
4610,0.3224889234347523,0.3034384159057006,0.37407266065954714
4611,0.274760187807651,0.280329857736504,0.444909954455845
4612,0.350906381395432,0.2935571919551264,0.35553642664944163
4613,0.2190905661834871,0.28412307265341963,0.4967863611630933
4614,0.1517428276779291,0.2430360936561579,0.605221078665913
4615,0.18729668201322286,0.260245397700564,0.5524579202862132
4616,0.11795494034691381,0.21146910684546988,0.6705759528076163
4617,0.2646027376602821,0.28845557165380714,0.44694169068591083
4618,0.31396343827645967,0.28464489168257034,0.40139167004097
4619,0.21778378367848356,0.28403777179788287,0.4981784445236336
4620,0.23147267137764632,0.27812447688797326,0.4904028517343805
4621,0.29574499144578753,0.3074863891335604,0.39676861942065195
4622,0.1554208708779058,0.24479498708508557,0.5997841420370087
4623,0.3015698372585481,0.2870301092466431,0.41140005349480885
4624,0.18202250699063344,0.25545112913873746,0.562526363870629
4625,0.4088555387275334,0.2959371039114267,0.29520735736104003
4626,0.4067721971550494,0.2696786414793265,0.32354916136562417
4627,0.21877619585785793,0.2642725808161508,0.5169512233259914
4628,0.3791009142930232,0.28964519192137894,0.3312538937855979
4629,0.13444835708795716,0.23737710828286113,0.6281745346291817
4630,0.2493801228649552,0.2925220225403796,0.45809785459466523
4631,0.28308002980504304,0.28920564856367315,0.42771432163128387
4632,0.2309143441121967,0.28393382516138926,0.48515183072641405
4633,0.11540614208600855,0.21278561363332488,0.6718082442806665
4634,0.3864026065563769,0.2985925631945777,0.31500483024904535
4635,0.2258348071539471,0.26901118892486864,0.5051540039211843
4636,0.19215164197982237,0.25588724372379745,0.5519611142963802
4637,0.25832185561378807,0.2958961751564088,0.44578196922980323
4638,0.2880734808477556,0.28549378856384444,0.42643273058840003
4639,0.1502845265573386,0.25013755212427563,0.5995779213183858
4640,0.3265243944380906,0.29902429423137417,0.3744513113305352
4641,0.21834290659571734,0.2808663750859912,0.5007907183182915
4642,0.20893938929881692,0.2729284162035319,0.5181321944976512
4643,0.16256506085713318,0.24704976025353287,0.590385178889334
4644,0.378563538997314,0.29692455580271415,0.3245119051999718
4645,0.34437753122259146,0.3018743802842918,0.35374808849311673
4646,0.16943935350362063,0.24222779146099555,0.5883328550353839
4647,0.22160343895496584,0.2630016289787738,0.5153949320662603
4648,0.18788950174459657,0.24629281879247827,0.5658176794629252
4649,0.19742321659169398,0.2735147860760935,0.5290619973322126
4650,0.1913009682838829,0.2634426656115839,0.5452563661045332
4651,0.22428945274371648,0.26935888684471737,0.5063516604115662
4652,0.21685076506108797,0.2876945322135728,0.4954547027253393
4653,0.2596055849098099,0.27461834658232387,0.4657760685078663
4654,0.41833886540910176,0.282748609359725,0.2989125252311733
4655,0.20419483170887762,0.2670188251149451,0.5287863431761773
4656,0.2568152355568957,0.304287310797098,0.4388974536460064
4657,0.14266968853857365,0.23106475951624028,0.6262655519451861
4658,0.2740566298232622,0.3062431500577857,0.41970022011895214
4659,0.30480442938733904,0.3019287305994783,0.39326684001318274
4660,0.13691694329313844,0.22774710026978218,0.6353359564370795
4661,0.368722193631203,0.31118397996551894,0.32009382640327816
4662,0.3918865776187885,0.27695460672023464,0.33115881566097694
4663,0.29377207276545036,0.3005161516087254,0.4057117756258243
4664,0.16798725738762563,0.24925264707321623,0.5827600955391582
4665,0.13182001978125507,0.22185575240630523,0.6463242278124397
4666,0.2872359344511672,0.2919705739985,0.4207934915503328
4667,0.2139614363585025,0.269790159901485,0.5162484037400126
4668,0.1611490569063203,0.25327230532961953,0.5855786377640603
4669,0.20016244752502987,0.27823549356384325,0.521602058911127
4670,0.376913903718462,0.2977319878911552,0.32535410839038287
4671,0.175429229985029,0.2587098711583379,0.5658608988566332
4672,0.24416526315698603,0.2987225632350539,0.4571121736079601
4673,0.21321081681731915,0.268331045429637,0.5184581377530438
4674,0.17283874440405925,0.255783232322428,0.5713780232735127
4675,0.1314811655342472,0.2146800441896337,0.6538387902761191
4676,0.17759892980830597,0.2540952482188252,0.5683058219728689
4677,0.36656015313442836,0.2819099856502057,0.351529861215366
4678,0.26863800877339017,0.28929903438319216,0.4420629568434178
4679,0.23290668229333078,0.30138663585662445,0.4657066818500448
4680,0.18846820113461527,0.26955940787570826,0.5419723909896764
4681,0.22947489546837194,0.27887829131464026,0.4916468132169879
4682,0.23180544541283005,0.28749598181724434,0.48069857276992567
4683,0.1508583763361468,0.23443425337237658,0.6147073702914767
4684,0.2668775728427663,0.3173183268918936,0.4158041002653401
4685,0.5268566231354651,0.25261026562568245,0.22053311123885244
4686,0.13375480551035,0.2199322768007697,0.6463129176888803
4687,0.22604876107243171,0.27062028721268383,0.5033309517148844
4688,0.2878860869194504,0.30813384726566795,0.40398006581488166
4689,0.311795878326964,0.29394817901383086,0.39425594265920527
4690,0.31445603469267847,0.29956654593029797,0.38597741937702357
4691,0.18319409889318278,0.26562399488305344,0.5511819062237638
4692,0.260546741145452,0.30034421165553216,0.43910904719901583
4693,0.18058155603393827,0.26865820620426806,0.5507602377617936
4694,0.08816665727223673,0.18721670733701667,0.7246166353907466
4695,0.3144909615752309,0.3033701590091252,0.38213887941564395
4696,0.19947029563708701,0.25064041778044704,0.5498892865824659
4697,0.46621678025144603,0.2737605377425178,0.2600226820060362
4698,0.13561199741833949,0.2254703365646676,0.6389176660169928
4699,0.29055699533323026,0.2983603980082585,0.4110826066585112
4700,0.3661447628060347,0.29808879279879485,0.33576644439517056
4701,0.32507094675534487,0.31165278384721085,0.3632762693974443
4702,0.4193265075263268,0.27241547734593274,0.3082580151277406
4703,0.3434541003330151,0.29109060470079307,0.3654552949661918
4704,0.1579062166664485,0.2491692629505648,0.5929245203829867
4705,0.40524378900204994,0.29983016090967163,0.2949260500882784
4706,0.19689980516919905,0.28146990967617436,0.5216302851546266
4707,0.2900537299619003,0.2960117269900921,0.4139345430480076
4708,0.16942053283919337,0.25531024873258146,0.5752692184282253
4709,0.28629143754212094,0.2885748663777371,0.4251336960801419
4710,0.1519569746641913,0.22713346884200308,0.6209095564938056
4711,0.1105632746259347,0.21216865507458055,0.6772680702994849
4712,0.2205392719055838,0.2834664464359439,0.4959942816584723
4713,0.1085299400516371,0.21557432942628924,0.6758957305220736
4714,0.15149880326604076,0.23919967061784636,0.609301526116113
4715,0.15715630615095944,0.21776295513092703,0.6250807387181136
4716,0.1935664543275562,0.2659228961481595,0.5405106495242843
4717,0.4109876396774211,0.2838058806008338,0.3052064797217452
4718,0.16721975161696853,0.2528126771901649,0.5799675711928666
4719,0.275327150984381,0.3039488625469497,0.4207239864686693
4720,0.27229898584136647,0.2897979542859078,0.4379030598727257
4721,0.20444826012480646,0.28029762928582685,0.5152541105893667
4722,0.20508153448790387,0.25463595702758035,0.5402825084845158
4723,0.4735870682808632,0.27672913681656547,0.24968379490257142
4724,0.43899783859941977,0.2837018435606871,0.27730031783989323
4725,0.248654210299119,0.28922528890860033,0.46212050079228073
4726,0.18839831456021708,0.2477690369356524,0.5638326485041305
4727,0.27705229823535266,0.29024961996835036,0.43269808179629704
4728,0.14806740539973223,0.2262459733635717,0.625686621236696
4729,0.165684513920023,0.23943963828278325,0.5948758477971938
4730,0.3132433174014658,0.2928405857943295,0.3939160968042047
4731,0.18345820980911143,0.27295745391946985,0.5435843362714188
4732,0.10985764179796369,0.20217689609475076,0.6879654621072856
4733,0.3762368966667956,0.2785016234795826,0.3452614798536218
4734,0.11181126274582218,0.20473825867721573,0.6834504785769621
4735,0.12266655218968807,0.21715994651939224,0.6601735012909197
4736,0.41524801821018664,0.30524417600302434,0.2795078057867891
4737,0.27586992142618877,0.29355116945628434,0.4305789091175269
4738,0.20786188679580145,0.26878540455141253,0.523352708652786
4739,0.43725139621887016,0.28526427267510035,0.2774843311060295
4740,0.16715470967217536,0.2460167195898434,0.5868285707379813
4741,0.26395693536093146,0.30024493870936875,0.43579812592969985
4742,0.1833857944401521,0.2543202389819935,0.5622939665778544
4743,0.22665303835042733,0.26171214345252913,0.5116348181970436
4744,0.3705377319217983,0.2799073557102325,0.3495549123679692
4745,0.31825439714554304,0.2975453184580984,0.3842002843963585
4746,0.290649083810718,0.2983276671037553,0.4110232490855267
4747,0.3356482264345287,0.2930713418977605,0.37128043166771085
4748,0.2833773650804181,0.279091634075153,0.43753100084442886
4749,0.196876330395378,0.26739617104815283,0.5357274985564693
4750,0.1827253422426104,0.2713083230601389,0.5459663346972506
4751,0.13585457865693104,0.22146334525704442,0.6426820760860246
4752,0.28939757416361267,0.29801319169902185,0.4125892341373654
4753,0.30590168585972216,0.2852343625625865,0.40886395157769134
4754,0.4290408836978366,0.2823076497553428,0.2886514665468207
4755,0.23623348757487894,0.26258052724805414,0.501185985177067
4756,0.07268659751838882,0.15455143999930457,0.7727619624823067
4757,0.09007877967591271,0.16604742521693455,0.7438737951071527
4758,0.17447013519700091,0.25566887729195975,0.5698609875110394
4759,0.1862145232978971,0.2399486950161391,0.5738367816859639
4760,0.22981359999638826,0.2769057125037496,0.49328068749986204
4761,0.10513680867780599,0.19147975856359312,0.7033834327586009
4762,0.32934745142240657,0.2676678122360412,0.4029847363415522
4763,0.4113646293811608,0.2906211667258105,0.2980142038930287
4764,0.2564204540101738,0.2919963419108972,0.451583204078929
4765,0.35639028304279036,0.27367138214889286,0.3699383348083168
4766,0.156865415971411,0.24056978277385324,0.6025648012547358
4767,0.30658001211756986,0.27972597163478957,0.4136940162476406
4768,0.2334283478246725,0.2656876179652808,0.5008840342100467
4769,0.2520942700467768,0.27800058076164,0.46990514919158327
4770,0.14088261208809585,0.2241027206575268,0.6350146672543774
4771,0.26360366939854013,0.29754781505260836,0.43884851554885157
4772,0.1500685368772325,0.22209794486994971,0.6278335182528179
4773,0.15275314595731276,0.22750432068899848,0.6197425333536888
4774,0.6026514025715337,0.23162785818871034,0.16572073923975586
4775,0.2668000535944036,0.2751003540426856,0.4580995923629108
4776,0.2446268820226707,0.28785872865553186,0.46751438932179756
4777,0.2800481001024429,0.2949487096667299,0.42500319023082705
4778,0.22255393698645715,0.2701103913982791,0.5073356716152638
4779,0.3168188379997506,0.286104075741212,0.3970770862590375
4780,0.21514439885641182,0.24583092321933497,0.5390246779242532
4781,0.29692279077414363,0.2921685862254829,0.41090862300037345
4782,0.0833913750756579,0.1722487769084752,0.744359848015867
4783,0.11647091521694997,0.20629835494253462,0.6772307298405155
4784,0.07753638051875643,0.15150988065713597,0.7709537388241077
4785,0.21993796420953476,0.2757578880828923,0.504304147707573
4786,0.3936772998387617,0.2898172147772392,0.31650548538399914
4787,0.15141013207781975,0.22257091831355216,0.626018949608628
4788,0.40787300252933967,0.28274692977744637,0.309380067693214
4789,0.28605779479950777,0.2734899991475158,0.4404522060529764
4790,0.3168186830189381,0.28528869948746416,0.39789261749359767
4791,0.1752981521918638,0.2500339140409195,0.5746679337672168
4792,0.38331475415279564,0.2964997050380704,0.32018554080913403
4793,0.3906431969693292,0.2857911766065162,0.32356562642415465
4794,0.2884828834336578,0.26516382996609844,0.44635328660024376
4795,0.14613517384377323,0.22926589518375778,0.624598930972469
4796,0.4268618335236337,0.2753419789279721,0.2977961875483942
4797,0.33078930454149436,0.28889588823187984,0.3803148072266259
4798,0.20425224192941746,0.26379821886854715,0.5319495392020355
4799,0.4898331793453841,0.2632582600190436,0.24690856063557232
4800,0.15325231480443557,0.25240123883744464,0.5943464463581198
4801,0.12630716375455697,0.21971130714907855,0.6539815290963645
4802,0.18290873653916365,0.2409813662921619,0.5761098971686744
4803,0.09302189576671427,0.18024266355397803,0.7267354406793077
4804,0.3704564543333067,0.294310702543927,0.3352328431227663
4805,0.22754519178528138,0.28815583854445004,0.4842989696702686
4806,0.21489881249460024,0.2703551345516484,0.5147460529537514
4807,0.32403976019545466,0.2904825796258775,0.38547766017866786
4808,0.3048602489450811,0.29545357091729313,0.39968618013762586
4809,0.32815529250435627,0.30967583894473194,0.3621688685509118
4810,0.1487583367265995,0.22789978397309651,0.623341879300304
4811,0.2991059353631065,0.2887955292534793,0.4120985353834142
4812,0.2649746594794859,0.29279068222831983,0.44223465829219427
4813,0.28038870833186047,0.27490233642909834,0.4447089552390412
4814,0.2811844772260884,0.29657723134935454,0.42223829142455716
4815,0.37779883718740515,0.29138461484918726,0.33081654796340765
4816,0.21102027902297954,0.26635418998652466,0.5226255309904958
4817,0.40777631326224956,0.2820575465167141,0.31016614022103645
4818,0.2939545109143792,0.3074415544386761,0.3986039346469447
4819,0.22653723898930975,0.2911905905077102,0.48227217050298005
4820,0.09028516391444334,0.18078716004683434,0.7289276760387223
4821,0.13939008571937142,0.22366711765471484,0.6369427966259137
4822,0.23661410320100534,0.2864256182708312,0.4769602785281634
4823,0.05358208112013263,0.1378953978907072,0.8085225209891602
4824,0.10243151975463818,0.18161913858793952,0.7159493416574223
4825,0.3941643054726447,0.2895761017356571,0.3162595927916983
4826,0.2324143548735746,0.2811220029186367,0.48646364220778876
4827,0.3277234003570192,0.29278843031877916,0.3794881693242017
4828,0.3125110566474522,0.2799661457361006,0.40752279761644716
4829,0.25680557698569323,0.2798153074756647,0.46337911553864214
4830,0.32234153359945966,0.2938799193168903,0.38377854708365006
4831,0.26352283707262,0.29028766106080434,0.44618950186657563
4832,0.13101729946269994,0.2289746595156775,0.6400080410216226
4833,0.33463957886345075,0.2879317717868802,0.3774286493496692
4834,0.26324232773010403,0.28573748917684233,0.45102018309305364
4835,0.1152473486349386,0.21324906146525036,0.6715035898998111
4836,0.27753633288688667,0.2765264290322713,0.44593723808084207
4837,0.2832310356755185,0.2903016657181427,0.42646729860633875
4838,0.12488998073511948,0.21365974520366912,0.6614502740612115
4839,0.2392408081475692,0.2864261771825724,0.47433301466985844
4840,0.24337474578102336,0.29274041004683293,0.46388484417214376
4841,0.36583512420324127,0.29624194062644377,0.337922935170315
4842,0.2875166092635329,0.2915872630051444,0.4208961277313227
4843,0.2308709274571625,0.25479967286866034,0.5143293996741772
4844,0.22103753235688312,0.2863216566903593,0.4926408109527577
4845,0.19197515680101906,0.2614409702951573,0.5465838729038237
4846,0.30899416466141555,0.2934134193179948,0.3975924160205897
4847,0.2513822563235731,0.2991574017256887,0.44946034195073825
4848,0.41923646675136045,0.2725489262231673,0.30821460702547226
4849,0.5385019834736334,0.2530788257250703,0.20841919080129628
4850,0.25588785861669305,0.2873809711669259,0.45673117021638115
4851,0.16721307644089858,0.23729028848743144,0.59549663507167
4852,0.12552347289966032,0.22554689134486341,0.6489296357554764
4853,0.2623079026454459,0.27207638621810204,0.46561571113645217
4854,0.1564058221477463,0.23753403412581453,0.6060601437264392
4855,0.19516995515167132,0.27461221001966474,0.530217834828664
4856,0.1123919433541118,0.20412175054442652,0.6834863061014618
4857,0.23610099384818367,0.2745651375132312,0.48933386863858513
4858,0.22001143766621506,0.27370817043243517,0.5062803919013498
4859,0.05639360637028359,0.13516084332293113,0.8084455503067852
4860,0.1669279477391884,0.24819904688542813,0.5848730053753834
4861,0.2938393839584461,0.30468081810537406,0.40147979793617977
4862,0.2469742223211844,0.2969695486562075,0.4560562290226082
4863,0.24760737877803018,0.27671834729219236,0.4756742739297775
4864,0.6105888639854752,0.23358519687412782,0.1558259391403971
4865,0.2772231691140347,0.2910829989078412,0.4316938319781241
4866,0.33476917561535996,0.29510121314003823,0.3701296112446018
4867,0.230223556433976,0.27991654213555756,0.4898599014304664
4868,0.3078279248452264,0.2956661614478454,0.39650591370692817
4869,0.2035433080626332,0.2616018937723104,0.5348547981650563
4870,0.24494466593037162,0.27183487216537083,0.4832204619042576
4871,0.3236896475758275,0.2948087975704133,0.3815015548537592
4872,0.409163823255,0.2708009076673422,0.3200352690776577
4873,0.30026732345053064,0.2963492661730115,0.40338341037645786
4874,0.2228419352402546,0.29447999257644714,0.48267807218329833
4875,0.07730063065792016,0.16000350391349472,0.7626958654285851
4876,0.4497890104677613,0.2757396491413436,0.2744713403908951
4877,0.15408158109737338,0.24671522027055737,0.5992031986320693
4878,0.24604444454325075,0.29292369115827954,0.4610318642984697
4879,0.17328032265774373,0.24438115412050307,0.5823385232217533
4880,0.18641597473279345,0.27581433051522686,0.5377696947519797
4881,0.14857057372001745,0.25160557537817285,0.5998238509018098
4882,0.3655852254706979,0.2817329581781814,0.3526818163511207
4883,0.08407731043848518,0.16544371088146548,0.7504789786800493
4884,0.2769982575933011,0.3052866554863819,0.4177150869203171
4885,0.38531197062495237,0.2929618422170096,0.321726187158038
4886,0.15869851046768854,0.2378854946984191,0.6034159948338923
4887,0.647861462938692,0.20600869604632122,0.14612984101498686
4888,0.500879928017421,0.257462014715673,0.2416580572669062
4889,0.3411891853784392,0.2762439615723723,0.3825668530491885
4890,0.08320896999355641,0.1694765818114302,0.7473144481950134
4891,0.09024751127436036,0.18157376306422268,0.728178725661417
4892,0.4639080610343404,0.27471814126337535,0.26137379770228425
4893,0.1847303800689423,0.2616073625316164,0.5536622573994414
4894,0.3576771502507392,0.2711065895827551,0.37121626016650583
4895,0.4872676025179331,0.28635171508356383,0.22638068239850312
4896,0.1776289862692325,0.25485288962491603,0.5675181241058515
4897,0.27988830199488596,0.30905945431662446,0.4110522436884896
4898,0.2620848523319669,0.3115808068620212,0.4263343408060119
4899,0.21918632384061948,0.2700082536370645,0.5108054225223161
4900,0.10316176173509548,0.18003583448204957,0.716802403782855
4901,0.14721508844070058,0.24602175648891186,0.6067631550703876
4902,0.17320848808038825,0.2536507880969416,0.5731407238226702
4903,0.14463280354397273,0.22870858721689502,0.6266586092391323
4904,0.36558236565013374,0.2730223840292528,0.3613952503206135
4905,0.15992013890672427,0.2557991708485053,0.5842806902447706
4906,0.1596872265358924,0.25180875226500843,0.5885040211990992
4907,0.18005922390654813,0.2596282320812685,0.5603125440121833
4908,0.42759154095485047,0.24551444206996256,0.32689401697518694
4909,0.35274558852591287,0.2928394205833951,0.3544149908906921
4910,0.24241776542099794,0.27123215439521603,0.486350080183786
4911,0.252642749351116,0.2969157706177873,0.45044148003109685
4912,0.36574964109088276,0.2902890424832621,0.34396131642585515
4913,0.3053244812916306,0.30631059019278023,0.3883649285155892
4914,0.13399869270850287,0.1982683475055121,0.6677329597859851
4915,0.34362343909089643,0.29094791928643143,0.36542864162267225
4916,0.4310628236776024,0.2865378152610134,0.2823993610613842
4917,0.2932308497829255,0.28804802515351935,0.4187211250635552
4918,0.31022051890729496,0.27333119808861,0.4164482830040949
4919,0.33000106025097664,0.2873864212728312,0.3826125184761922
4920,0.25726633392041537,0.28345016860021566,0.4592834974793689
4921,0.24555696664287968,0.2784440793176483,0.475998954039472
4922,0.25659284189318426,0.29557824112119857,0.4478289169856172
4923,0.31415703932892003,0.29103404719924086,0.39480891347183916
4924,0.08834196239948475,0.1688858157076596,0.7427722218928556
4925,0.22730215227045183,0.2721596526757401,0.5005381950538081
4926,0.3535812053055513,0.2676235112805746,0.37879528341387414
4927,0.08159359397254758,0.16859333604114266,0.7498130699863098
4928,0.19000701038210285,0.25660923163961236,0.5533837579782848
4929,0.3928398181652641,0.28038768343811765,0.3267724983966182
4930,0.18527867855492738,0.2440593868977432,0.5706619345473294
4931,0.1840844653888371,0.24645548336618273,0.5694600512449801
4932,0.4563101365317694,0.28761500502417103,0.2560748584440597
4933,0.14707050737986233,0.23435756525184598,0.6185719273682917
4934,0.19956259340531154,0.27354780991153815,0.5268895966831504
4935,0.24622637895691568,0.27847866372279007,0.4752949573202943
4936,0.3998413609724226,0.27836369052909304,0.32179494849848433
4937,0.48715662019328504,0.2594874395537731,0.25335594025294184
4938,0.3162518930874962,0.2923544152654374,0.39139369164706656
4939,0.33945538792575536,0.2726578318559873,0.38788678021825745
4940,0.30348730878047253,0.2951131355273928,0.40139955569213476
4941,0.1990193008674588,0.26517472136505854,0.5358059777674827
4942,0.2459508609998738,0.2841604102959912,0.46988872870413506
4943,0.2291614502829693,0.27424321843415417,0.49659533128287664
4944,0.35839183585277434,0.2931895393381113,0.34841862480911445
4945,0.24471010349751934,0.292603329646996,0.46268656685548476
4946,0.4025053233011481,0.266287167257237,0.33120750944161487
4947,0.15156604673808005,0.23443863643768736,0.6139953168242326
4948,0.2835530210343402,0.27708889983915386,0.4393580791265059
4949,0.28337549459713535,0.27388588151185284,0.4427386238910119
4950,0.12542856245004552,0.2050774977189398,0.6694939398310147
4951,0.353861957666601,0.28978062664724025,0.3563574156861587
4952,0.30487125707256907,0.28147764637229367,0.4136510965551374
4953,0.2910945965083864,0.26286924638761044,0.4460361571040032
4954,0.13673504933886804,0.21470093785202837,0.6485640128091036
4955,0.277613603271726,0.2978089233273461,0.4245774734009279
4956,0.2300075199487155,0.2744034575971379,0.49558902245414665
4957,0.12148036135217286,0.20915035599634804,0.6693692826514792
4958,0.4285321460330388,0.2675723446179862,0.30389550934897497
4959,0.24393434842282263,0.29280446830197193,0.4632611832752054
4960,0.22770134968539937,0.2756941828598445,0.4966044674547561
4961,0.19124517094341317,0.24410823064247406,0.5646465984141128
4962,0.2552473426489195,0.27676592753534845,0.4679867298157321
4963,0.32831638683089637,0.29224569173780707,0.3794379214312966
4964,0.23301933220489618,0.27590799595732696,0.4910726718377769
4965,0.23565150190730638,0.26548650881155156,0.4988619892811421
4966,0.28739686082110444,0.302785253391989,0.40981788578690653
4967,0.42651702485327386,0.27057645353518534,0.30290652161154086
4968,0.24599767022707258,0.2969110501368254,0.4570912796361021
4969,0.20010362516272207,0.27692896279931656,0.5229674120379615
4970,0.2488455897272742,0.2797936511996091,0.47136075907311675
4971,0.37913638182276654,0.29732867137742514,0.3235349467998084
4972,0.2082604812685735,0.2769796244656565,0.51475989426577
4973,0.23451651947113547,0.2539224224147726,0.5115610581140919
4974,0.1707670777864411,0.24740901283363187,0.5818239093799271
4975,0.1883414189180376,0.24799853984547102,0.5636600412364914
4976,0.17215288391907166,0.2378338717312703,0.5900132443496581
4977,0.20681569378693743,0.2549891118117928,0.5381951944012698
4978,0.15906211844568535,0.24074299003448307,0.6001948915198316
4979,0.1622921765751907,0.25513979206757814,0.5825680313572311
4980,0.16914634834457554,0.2354379909945444,0.59541566066088
4981,0.33266060318792817,0.28948972886306434,0.37784966794900754
4982,0.5290048401662428,0.25582714443082705,0.21516801540293012
4983,0.12965380150541853,0.22204902401132023,0.6482971744832613
4984,0.18188559893417364,0.25979523109065394,0.5583191699751725
4985,0.30206298151822697,0.27874206482963304,0.4191949536521401
4986,0.361540185288782,0.2743442500662151,0.3641155646450029
4987,0.15242430055725165,0.24849571141713506,0.5990799880256134
4988,0.2731207563218786,0.2938060564657552,0.4330731872123662
4989,0.2576293273923538,0.2889665341970355,0.4534041384106107
4990,0.2506791056851088,0.2797772911441039,0.46954360317078747
4991,0.1664812475576618,0.22815656844977603,0.6053621839925621
4992,0.33267790184987234,0.3017350297448985,0.36558706840522925
4993,0.15638477003783896,0.23508546818652326,0.6085297617756378
4994,0.373780696972262,0.2900078450070873,0.3362114580206507
4995,0.18985042626554413,0.2674598466222769,0.542689727112179
4996,0.15387168617359231,0.21939129406701197,0.6267370197593957
4997,0.3234433462491376,0.286867730648967,0.3896889231018954
4998,0.32154319006397747,0.28117471353137835,0.3972820964046441
4999,0.16803745078032284,0.24575714903665855,0.5862054001830187
5000,0.23000477692572646,0.2732160435145881,0.49677917955968554
5001,0.3755763527244491,0.2897346341273718,0.3346890131481791
5002,0.179257810010091,0.24958883265736947,0.5711533573325396
5003,0.09711284470777118,0.17865130828339332,0.7242358470088355
5004,0.32609095003976174,0.30469048513301533,0.369218564827223
5005,0.29328900976253236,0.27161663495101984,0.43509435528644785
5006,0.20981861579680713,0.2544829110710649,0.535698473132128
5007,0.3056382278264906,0.29414637252477693,0.40021539964873254
5008,0.21805866487032852,0.27662566089278573,0.5053156742368858
5009,0.17216496536434306,0.2399066331252786,0.5879284015103783
5010,0.34505523305844094,0.2968078534172411,0.358136913524318
5011,0.3202592748238961,0.29931996166459357,0.3804207635115103
5012,0.1792050888136722,0.2601071802483412,0.5606877309379866
5013,0.28558774660482344,0.2820438796334791,0.43236837376169746
5014,0.4548582289630592,0.2801795579595834,0.2649622130773574
5015,0.2616782051584181,0.26896269183862737,0.46935910300295447
5016,0.24988703114502964,0.2777424776020968,0.47237049125287367
5017,0.30560086869590786,0.3028829056406118,0.3915162256634803
5018,0.19942908486499278,0.26966243708845433,0.530908478046553
5019,0.18957459503945434,0.2545843219483487,0.5558410830121969
5020,0.2565242324299921,0.28339166940879934,0.4600840981612085
5021,0.18217758158928127,0.27432282968451177,0.543499588726207
5022,0.36099871722482835,0.2922393401045539,0.3467619426706178
5023,0.23523526403787803,0.26805904280308457,0.4967056931590374
5024,0.48920334593478076,0.25598201652748176,0.25481463753773753
5025,0.1514482793057132,0.23382691558856164,0.6147248051057251
5026,0.2295121352748609,0.2877239370970005,0.4827639276281387
5027,0.37620069079117113,0.29273951465449805,0.3310597945543309
5028,0.2865648602647646,0.27109617659554885,0.4423389631396867
5029,0.32488978797011453,0.2923416815389156,0.3827685304909699
5030,0.19422778359521004,0.2537185057381631,0.5520537106666268
5031,0.11200664490216805,0.1984890888414233,0.6895042662564086
5032,0.3290721743163723,0.29887004346470036,0.3720577822189274
5033,0.24246013312076525,0.303716683893803,0.45382318298543184
5034,0.2352211542082217,0.27779993747938053,0.48697890831239776
5035,0.15971809018770375,0.24798556664405527,0.5922963431682411
5036,0.25196376907665136,0.2770951109946328,0.47094111992871585
5037,0.3509695964940384,0.30032511934104117,0.3487052841649204
5038,0.2775294380574293,0.29616199007000765,0.4263085718725631
5039,0.32277954018727567,0.277703747805846,0.39951671200687844
5040,0.260789222592671,0.29971913099351877,0.4394916464138102
5041,0.14824306148172126,0.23430408032532016,0.6174528581929586
5042,0.17299801594040215,0.24652776310026328,0.5804742209593347
5043,0.34471449654004604,0.28238888270515394,0.3728966207548
5044,0.4322102108278662,0.2926069520592589,0.275182837112875
5045,0.20529548354977784,0.2609516362078857,0.5337528802423366
5046,0.41460526937204545,0.27562482925016646,0.30976990137778815
5047,0.35047657144268757,0.29880544752767213,0.3507179810296404
5048,0.24061514904179848,0.30358335793885904,0.45580149301934253
5049,0.2197769846228487,0.2777290342009803,0.5024939811761711
5050,0.22068848469266894,0.2791731484074824,0.5001383668998487
5051,0.32452352302934045,0.29010890738250383,0.3853675695881557
5052,0.3373590598204655,0.2840280759935009,0.3786128641860336
5053,0.21226901582775537,0.265978451173548,0.5217525329986966
5054,0.11223981344176245,0.20145396690587253,0.686306219652365
5055,0.14438930686026283,0.22380400131378703,0.6318066918259502
5056,0.17332197141567302,0.24789177862846984,0.5787862499558571
5057,0.20116302809445724,0.25963266707409083,0.539204304831452
5058,0.35968764375300066,0.28780318079744394,0.35250917544955546
5059,0.1845573478800899,0.26156157980896444,0.5538810723109456
5060,0.2233497143023413,0.29148134107557483,0.48516894462208393
5061,0.18298381509474784,0.27267848909700004,0.5443376958082522
5062,0.21500983900768977,0.27008121143591757,0.5149089495563928
5063,0.41387401065024154,0.27996367359224394,0.30616231575751457
5064,0.40404817002521215,0.25661099872813076,0.3393408312466572
5065,0.09396533856825273,0.18610391480645117,0.7199307466252961
5066,0.15892528600485237,0.22492853181489267,0.616146182180255
5067,0.09972336984932764,0.1873435175807146,0.7129331125699578
5068,0.23076116532613605,0.28196434432575607,0.48727449034810794
5069,0.24725989789081818,0.29893630257741044,0.45380379953177136
5070,0.197900797423774,0.24250473068348222,0.5595944718927438
5071,0.08993184830327917,0.17504133161920635,0.7350268200775145
5072,0.2120247644699981,0.2767897622016562,0.5111854733283457
5073,0.40723967156064267,0.2843911780938046,0.30836915034555273
5074,0.3232297456503444,0.2877051236348961,0.38906513071475957
5075,0.2529778992271816,0.3061271636333725,0.4408949371394458
5076,0.28317792346007786,0.3010936907014793,0.4157283858384429
5077,0.18297791062491983,0.2475726797209219,0.5694494096541582
5078,0.23932473327875972,0.28111414583790995,0.47956112088333036
5079,0.25778289145945243,0.252321550553085,0.48989555798746265
5080,0.47727125302551815,0.27776299278457106,0.2449657541899109
5081,0.32764388140383965,0.30810023486797566,0.36425588372818474
5082,0.14381506896429758,0.2236782241168195,0.632506706918883
5083,0.27430111696883497,0.2766505117739671,0.44904837125719793
5084,0.42100686133482607,0.2751245315385332,0.3038686071266408
5085,0.2486776565457059,0.29180695454855354,0.4595153889057406
5086,0.20913557881812933,0.255136390464871,0.5357280307169997
5087,0.19313019796312414,0.27181417250556855,0.5350556295313073
5088,0.2431174712197674,0.2791734871819624,0.47770904159827027
5089,0.15673684569766572,0.24289781657517331,0.600365337727161
5090,0.2073663592493596,0.2532761531047839,0.5393574876458566
5091,0.22007267333107244,0.2862058097401805,0.49372151692874694
5092,0.2222858028001451,0.27918496537233495,0.49852923182751996
5093,0.24969406646660453,0.26315437446434936,0.48715155906904606
5094,0.3394405715416026,0.2854069605181411,0.37515246794025636
5095,0.4629233024580705,0.265811467939109,0.27126522960282057
5096,0.24121054154024205,0.26650786703777735,0.4922815914219806
5097,0.2770979786502055,0.2874153312451192,0.43548669010467533
5098,0.1917037439342638,0.2685271924969697,0.5397690635687665
5099,0.34073352812441327,0.28707382003809906,0.3721926518374878
5100,0.21691134042785531,0.27696377596146066,0.506124883610684
5101,0.09533368292990897,0.1791855744794412,0.7254807425906499
5102,0.2587758239765258,0.28555940450767353,0.45566477151580076
5103,0.2899256069623382,0.2844434883826704,0.4256309046549914
5104,0.2823653888607119,0.2930362373064538,0.4245983738328344
5105,0.27946254367323775,0.2884842675748167,0.4320531887519456
5106,0.2204006238158261,0.2781559588470663,0.5014434173371077
5107,0.10696704227998155,0.1870659077729432,0.7059670499470753
5108,0.2528093843625496,0.26969339001211334,0.477497225625337
5109,0.20594327894476472,0.28828511874913554,0.5057716023060999
5110,0.265433655393126,0.25915037674857216,0.47541596785830176
5111,0.24874672009302742,0.2815880744827881,0.46966520542418444
5112,0.05438252647533194,0.13294272103872914,0.812674752485939
5113,0.32699413573765285,0.28282222264381673,0.3901836416185305
5114,0.22544472519637102,0.2770938869191525,0.49746138788447647
5115,0.3502352266905387,0.28918528367573504,0.36057948963372627
5116,0.2022669079982744,0.2545685465172073,0.5431645454845183
5117,0.1859701118711667,0.2546730239794981,0.5593568641493352
5118,0.11345948691444363,0.19736340419618675,0.6891771088893696
5119,0.2222669363716591,0.2758419298497893,0.5018911337785517
5120,0.27748845302443725,0.2986205647170329,0.4238909822585299
5121,0.22524320768826978,0.2652819467045239,0.5094748456072065
5122,0.466537675161436,0.2739167998803297,0.25954552495823435
5123,0.6263178090232999,0.21967318519370793,0.15400900578299215
5124,0.2938456136816807,0.2840748311472935,0.42207955517102586
5125,0.19703067238115918,0.2742591624537496,0.5287101651650913
5126,0.20406073924150947,0.25383519144634226,0.5421040693121484
5127,0.1961267352368909,0.26335366343949573,0.5405196013236134
5128,0.21807658420325363,0.27225775790539203,0.5096656578913544
5129,0.13214779270014265,0.20846605465296006,0.6593861526468974
5130,0.3075774605521764,0.2930117261864636,0.3994108132613601
5131,0.23052810019286726,0.2870630031227479,0.4824088966843848
5132,0.19089919972958536,0.261781347792874,0.5473194524775407
5133,0.1804844653970315,0.2493093351723698,0.5702061994305987
5134,0.13342815971775124,0.20941366304357142,0.6571581772386774
5135,0.280778598892865,0.28423398933152,0.43498741177561495
5136,0.1328450738332425,0.20473683584617106,0.6624180903205864
5137,0.27232456852805587,0.2802719923914897,0.4474034390804545
5138,0.462922457701526,0.2596998374153476,0.2773777048831264
5139,0.2120595478803679,0.2719110368170184,0.5160294153026138
5140,0.2203355299374037,0.2835233052287215,0.4961411648338749
5141,0.45292718750715855,0.2817480213575229,0.26532479113531854
5142,0.21457171710726666,0.28652557952900454,0.4989027033637289
5143,0.3372565409358127,0.2964777423828849,0.36626571668130253
