Id,A,D,H
3419,0.21972795535148704,0.2857699434814869,0.4945021011670262
3420,0.39783462468291014,0.29172089634690745,0.31044447897018246
3421,0.16866689236055113,0.26157461979064345,0.5697584878488055
3422,0.23596148462627614,0.2722151722586489,0.491823343115075
3423,0.13051884183365944,0.21283551597557454,0.656645642190766
3424,0.382298168039468,0.3100812971062611,0.307620534854271
3425,0.1970178382132551,0.2917678399620178,0.5112143218247271
3426,0.3853742336135395,0.30739388743393525,0.30723187895252524
3427,0.1765594900515885,0.273304519748446,0.5501359901999655
3428,0.3010647109992644,0.30838421659873405,0.39055107240200154
3429,0.40692687060524657,0.28820522236652996,0.30486790702822336
3430,0.17590061746805924,0.2765882314033401,0.5475111511286007
3431,0.11799414089045264,0.23129741689639927,0.650708442213148
3432,0.27769976184156187,0.3131004970184888,0.40919974113994934
3433,0.16485142778872602,0.2542709933079889,0.5808775789032852
3434,0.19255027845455444,0.25523797516258584,0.5522117463828599
3435,0.4420371460976348,0.28181987806810144,0.2761429758342638
3436,0.20431201910399813,0.2683982691285135,0.5272897117674884
3437,0.19023596198599022,0.2850330447125484,0.5247309933014613
3438,0.1319625165146964,0.22950100656221456,0.638536476923089
3439,0.19182259708212415,0.254414181223811,0.5537632216940649
3440,0.43019241484754234,0.29371308253137096,0.2760945026210867
3441,0.24791688663165506,0.27311290215801604,0.47897021121032884
3442,0.22349716811114545,0.29257392950176686,0.48392890238708774
3443,0.2204222681705213,0.2895333765062762,0.49004435532320256
3444,0.07798029456994057,0.16771044541618532,0.754309260013874
3445,0.2446557445549165,0.2891461598478145,0.466198095597269
3446,0.24191865762568948,0.3078778164175028,0.45020352595680774
3447,0.189252649721573,0.2611346917162504,0.5496126585621767
3448,0.2556303605456403,0.2801022021231995,0.46426743733116027
3449,0.18413662244747186,0.27468904996694227,0.5411743275855858
3450,0.2829212057116199,0.2906384060449581,0.42644038824342206
3451,0.5205937812478086,0.2616847642376393,0.21772145451455194
3452,0.2320800224241392,0.2958368827035417,0.4720830948723192
3453,0.25500765436454714,0.28719019492719766,0.45780215070825525
3454,0.1706819514299896,0.2727225029986439,0.5565955455713665
3455,0.30925539849140793,0.3033320968732861,0.387412504635306
3456,0.1242375244642047,0.22954126417511683,0.6462212113606784
3457,0.20777787138118836,0.27384305580626767,0.5183790728125439
3458,0.12385837838458125,0.2128933313038525,0.6632482903115664
3459,0.2559798163420203,0.2975005512247343,0.4465196324332454
3460,0.10221535353294946,0.19572331279918148,0.7020613336678692
3461,0.17337316359242352,0.24386188920842516,0.5827649471991514
3462,0.17968780937793177,0.26212076226429576,0.5581914283577725
3463,0.23007284106366707,0.2884100868137576,0.4815170721225754
3464,0.17920911678715842,0.27000346554302046,0.5507874176698211
3465,0.3312179799261048,0.30719892324732856,0.36158309682656675
3466,0.3163496180127964,0.31971546820890084,0.3639349137783029
3467,0.27549218070330983,0.29185638882398274,0.4326514304727075
3468,0.3519654483599611,0.2846659700882275,0.3633685815518114
3469,0.38214431878061966,0.29752179109890414,0.32033389012047614
3470,0.207009421586909,0.26873350739603363,0.5242570710170573
3471,0.10527239622032888,0.19945911750151,0.6952684862781611
3472,0.25889480751024696,0.3068989786243542,0.4342062138653988
3473,0.1918843657253955,0.28100310322442573,0.5271125310501787
3474,0.14086479418177533,0.2472731414371852,0.6118620643810395
3475,0.30248676297188953,0.292629585654227,0.4048836513738835
3476,0.24685668282157353,0.29322826817681713,0.45991504900160934
3477,0.27345657679776625,0.2953215216467955,0.43122190155543827
3478,0.34898349291338143,0.28884472529103966,0.3621717817955789
3479,0.23435964855382077,0.2835047933587271,0.48213555808745223
3480,0.10825679421091852,0.19845937726074436,0.6932838285283371
3481,0.19142901326487607,0.25992566616861057,0.5486453205665134
3482,0.40166000161893206,0.3108266702974493,0.2875133280836186
3483,0.18056401957812263,0.2578373521558859,0.5615986282659916
3484,0.30131295313156875,0.3124889925760012,0.38619805429243004
3485,0.24945556804922972,0.2954449817129604,0.45509945023780995
3486,0.2881734667238939,0.3054397428142295,0.40638679046187676
3487,0.1714679568939284,0.26083725322078216,0.5676947898852894
3488,0.3349991909817639,0.2961469103613775,0.36885389865685864
3489,0.16384318923381366,0.26043615320974955,0.5757206575564368
3490,0.21451012399264596,0.2913125995383342,0.4941772764690199
3491,0.2407112260840568,0.2809213831240143,0.4783673907919289
3492,0.324838812877479,0.29550634790845987,0.3796548392140611
3493,0.2008320715073877,0.2846084051433201,0.5145595233492923
3494,0.2419200733674213,0.29782361799963336,0.46025630863294537
3495,0.3456899443914425,0.29619920175491943,0.3581108538536381
3496,0.07403193169936623,0.16743975902056157,0.7585283092800723
3497,0.1795498947736507,0.27001187913240104,0.5504382260939483
3498,0.2761749407798988,0.30609063230477274,0.4177344269153284
3499,0.16432571472737628,0.26255256657342707,0.5731217186991966
3500,0.24302997153182587,0.28789104635869917,0.469078982109475
3501,0.406182145745297,0.30236143003450444,0.29145642422019863
3502,0.18303031887790727,0.2695996640339734,0.5473700170881194
3503,0.3136221492356982,0.3164139365311821,0.36996391423311975
3504,0.32551996228553814,0.3090868373121973,0.3653932004022646
3505,0.10628368642756905,0.20801701152961818,0.6856993020428128
3506,0.27613938119871223,0.2760787051058797,0.44778191369540804
3507,0.2483551884398915,0.2930707083467035,0.4585741032134051
3508,0.22088605348542584,0.27253041385109156,0.5065835326634825
3509,0.3625463826864714,0.3176784600983904,0.3197751572151382
3510,0.21176467165151142,0.2832339803642726,0.505001347984216
3511,0.27365247027443346,0.30505311365519217,0.42129441607037427
3512,0.18797153937727515,0.26717888457942546,0.5448495760432994
3513,0.36094957843812214,0.2869978448359355,0.3520525767259424
3514,0.4058831365018767,0.297379206068319,0.2967376574298043
3515,0.2662251762418228,0.2913243981783282,0.442450425579849
3516,0.10869836886506468,0.21007510799806756,0.6812265231368678
3517,0.3533495057140677,0.30510142884166636,0.341549065444266
3518,0.21435425661107488,0.27722267767347486,0.5084230657154504
3519,0.1391342719248176,0.2524287134921142,0.6084370145830682
3520,0.12819372893354777,0.2166879607225698,0.6551183103438826
3521,0.30414272784245866,0.3077330940752864,0.388124178082255
3522,0.20189413568832357,0.27082540633986735,0.5272804579718091
3523,0.29223910798344066,0.2846115983039388,0.4231492937126206
3524,0.30657500454880793,0.3017753596974966,0.39164963575369555
3525,0.1848573030782677,0.2683096864208871,0.5468330105008453
3526,0.41419116663861144,0.3050471049549589,0.28076172840642966
3527,0.27372307995473144,0.2975202799495592,0.42875664009570935
3528,0.22754767909361928,0.2721743817664915,0.5002779391398893
3529,0.3240381296834251,0.3094047095388553,0.36655716077771966
3530,0.17574062143185312,0.26018614663664374,0.5640732319315033
3531,0.3695749364855358,0.2921194228704382,0.338305640644026
3532,0.1348701809131184,0.23108571398197641,0.6340441051049053
3533,0.35195525736708444,0.30055336878450367,0.3474913738484119
3534,0.24468401434618275,0.2887893081037876,0.4665266775500297
3535,0.28304357885559783,0.30696899670741,0.40998742443699215
3536,0.44010341757288085,0.2973010900532592,0.26259549237385993
3537,0.123736007153926,0.22569108708548077,0.6505729057605933
3538,0.2635251615686608,0.30186901055645676,0.4346058278748825
3539,0.3044802591160992,0.3178786966559392,0.3776410442279616
3540,0.2573880020003745,0.27971667104247594,0.46289532695714947
3541,0.2161316755586505,0.2472906624346669,0.5365776620066826
3542,0.12953035633951954,0.23266376790664317,0.6378058757538374
3543,0.284718118040792,0.29634954638485655,0.41893233557435133
3544,0.18875301321968949,0.2700254110338429,0.5412215757464676
3545,0.28684262470396893,0.30591390188383544,0.40724347341219563
3546,0.11628476179743759,0.22006362840481053,0.663651609797752
3547,0.16765018921289127,0.251144131377005,0.5812056794101037
3548,0.31825498870512314,0.2993049835027417,0.3824400277921352
3549,0.13268232755801632,0.22891143093489194,0.6384062415070918
3550,0.2538812934858738,0.28264800671032153,0.46347069980380473
3551,0.19300298228371077,0.2741173750462674,0.5328796426700219
3552,0.16590613302797969,0.24819850468025412,0.5858953622917662
3553,0.09714312257019245,0.1972216913809705,0.705635186048837
3554,0.5023621642455116,0.28346878177629586,0.21416905397819255
3555,0.34860029304050727,0.29688667888876974,0.35451302807072305
3556,0.21028935891053516,0.27981686497887914,0.5098937761105857
3557,0.2362621728925876,0.28860149184057826,0.47513633526683413
3558,0.12465157576795023,0.23459248576878963,0.6407559384632602
3559,0.2808357474634449,0.3102763377367871,0.40888791479976805
3560,0.5021519433945816,0.28181505867318346,0.21603299793223493
3561,0.2831941530028364,0.30163061059139035,0.41517523640577325
3562,0.33422535863416053,0.28193945791724323,0.3838351834485963
3563,0.13476950299533855,0.22194036756494193,0.6432901294397196
3564,0.23985365355512842,0.296221217924369,0.46392512852050266
3565,0.30493289029036547,0.3002931452193228,0.39477396449031177
3566,0.18894517057445012,0.2664636888547178,0.5445911405708321
3567,0.2606617302098663,0.29078165949006135,0.4485566103000723
3568,0.1545958424294261,0.23119190231290349,0.6142122552576705
3569,0.14668085307343054,0.2263804817333545,0.626938665193215
3570,0.21944309472390972,0.29252734196094676,0.4880295633151436
3571,0.33734407966072777,0.2997762156006572,0.3628797047386151
3572,0.22088545397228634,0.2805305687373767,0.498583977290337
3573,0.3192238937276897,0.2938849329089061,0.3868911733634042
3574,0.1601429594690458,0.24122251045613746,0.5986345300748168
3575,0.4321154390325406,0.29231993490393954,0.2755646260635199
3576,0.21597322476089018,0.26378717230009946,0.5202396029390104
3577,0.2304389766643274,0.292827211617807,0.47673381171786566
3578,0.16499781308064967,0.25865182013030324,0.576350366789047
3579,0.2627138128751222,0.28883486500211,0.44845132212276795
3580,0.36712239138179936,0.2947018060527204,0.33817580256548035
3581,0.10944721673965647,0.20054166401574508,0.6900111192445985
3582,0.27319506725918835,0.3162437048332684,0.4105612279075433
3583,0.24757394866329427,0.2867973162559103,0.46562873508079533
3584,0.23467520022964478,0.2937472453992521,0.47157755437110316
3585,0.21037758596984607,0.27249684301339955,0.5171255710167544
3586,0.4957023470912981,0.2812731261113727,0.2230245267973292
3587,0.29896790957132424,0.2910054121438363,0.4100266782848395
3588,0.1098643971478475,0.21672247942485345,0.673413123427299
3589,0.13515489613740642,0.23543975752145302,0.6294053463411405
3590,0.15930733391702495,0.24413944538266752,0.5965532207003076
3591,0.364968795747273,0.30143200352778615,0.33359920072494087
3592,0.17218640773754568,0.25518201436986854,0.5726315778925859
3593,0.10148847560640444,0.20416779193949725,0.6943437324540983
3594,0.22914095653411676,0.2867205980054695,0.4841384454604138
3595,0.14006778375683873,0.24451811977597684,0.6154140964671845
3596,0.17100845901061995,0.25088606790893364,0.5781054730804464
3597,0.45488543968705336,0.2985686546560482,0.2465459056568985
3598,0.4074100332908725,0.30425916820780297,0.28833079850132454
3599,0.12482952528040932,0.21986375211964923,0.6553067225999414
3600,0.37610002195805825,0.2983174989076211,0.32558247913432065
3601,0.5057110938289544,0.27583117780536925,0.2184577283656764
3602,0.24286024651662622,0.2714230025942379,0.4857167508891359
3603,0.3630993868224803,0.3142748563554808,0.3226257568220389
3604,0.18812174508991902,0.2650700879453394,0.5468081669647417
3605,0.2483280981633842,0.29496878506130836,0.45670311677530745
3606,0.14959346050347408,0.24034049337977362,0.6100660461167523
3607,0.28526503315781754,0.30130611101997484,0.4134288558222076
3608,0.2650524313960102,0.2945695673763034,0.44037800122768644
3609,0.35865218332780974,0.3089442558383527,0.3324035608338376
3610,0.22317442274644375,0.26712029712019836,0.5097052801333579
3611,0.13576937308464232,0.2364329352873363,0.6277976916280215
3612,0.09999164004454,0.1947689414386944,0.7052394185167656
3613,0.27862189345453936,0.28444085632589716,0.4369372502195635
3614,0.31460480362327,0.29344941483675147,0.39194578153997855
3615,0.16574142310340248,0.2568425476248923,0.5774160292717052
3616,0.22756911618180276,0.29988530992098167,0.4725455738972156
3617,0.13214218128847827,0.23236351374448344,0.6354943049670384
3618,0.3007224511482788,0.2908582179083924,0.4084193309433288
3619,0.32418541320944694,0.3039305663408511,0.371884020449702
3620,0.31861283418741343,0.31342028167565567,0.3679668841369309
3621,0.3883897280199239,0.2974942733575624,0.3141159986225138
3622,0.44284894820782217,0.30492256503254406,0.2522284867596339
3623,0.3461373134375424,0.27860219932105246,0.37526048724140526
3624,0.1336693670156706,0.23632754348422752,0.6300030895001019
3625,0.08936883318044261,0.18472862862647788,0.7259025381930795
3626,0.34171784341171246,0.31371677367256673,0.3445653829157208
3627,0.15227711606650568,0.2375569830307182,0.6101659009027761
3628,0.3204244931785424,0.3002812500215014,0.37929425679995615
3629,0.19508280256693253,0.25596075326750245,0.548956444165565
3630,0.3217327125483798,0.3041190483152286,0.37414823913639156
3631,0.1997743715625604,0.2960952569689653,0.5041303714684744
3632,0.2427341982283174,0.28248628049566354,0.4747795212760191
3633,0.45896584448409844,0.28334075846306533,0.2576933970528362
3634,0.20411454038026217,0.2844027583044196,0.5114827013153183
3635,0.14290941676434527,0.225021115425495,0.6320694678101597
3636,0.2417642122449415,0.27250303386196445,0.48573275389309395
3637,0.2641706130841289,0.2921070067474588,0.4437223801684122
3638,0.24357991466070197,0.2812370211671946,0.47518306417210354
3639,0.09312277704333863,0.1765694494109446,0.7303077735457167
3640,0.12578638830541247,0.22524757936180473,0.6489660323327828
3641,0.28323010586296526,0.3088528152874629,0.4079170788495719
3642,0.2687434196342689,0.2620054848158618,0.4692510955498694
3643,0.2154338249924225,0.2737763512601061,0.5107898237474715
3644,0.2324337526543221,0.2937297751838465,0.47383647216183133
3645,0.21594872345851718,0.27852496219929346,0.5055263143421893
3646,0.3041489171689698,0.31533241417640956,0.38051866865462053
3647,0.2899111885807663,0.2840889565158321,0.4259998549034016
3648,0.4239911332864922,0.2968112989345984,0.2791975677789094
3649,0.2179355777939384,0.2744182410095269,0.5076461811965347
3650,0.2273966635295901,0.27229205817563457,0.5003112782947754
3651,0.3509633033066231,0.29489567148096824,0.3541410252124087
3652,0.2405192527694565,0.28949480005174744,0.46998594717879605
3653,0.34463454373385555,0.2907014189917206,0.364664037274424
3654,0.1910631657384536,0.27604336990505246,0.5328934643564939
3655,0.5262645963182259,0.2657205652333675,0.20801483844840657
3656,0.3049155856538045,0.3116644446139546,0.3834199697322409
3657,0.09803698761282045,0.21352967528593886,0.6884333371012407
3658,0.20755570498036208,0.28001777225719177,0.5124265227624462
3659,0.23092822505677185,0.29122434161230715,0.47784743333092106
3660,0.28240251977433833,0.2873359936998602,0.4302614865258015
3661,0.41987319590222505,0.29469644386571503,0.2854303602320599
3662,0.14955862379263357,0.24314730638505874,0.6072940698223077
3663,0.10760550149511845,0.2057613534018717,0.6866331451030098
3664,0.263406222348761,0.30678533409539144,0.4298084435558476
3665,0.16502540917444625,0.25944776975579464,0.5755268210697592
3666,0.4417162021303286,0.28693402637792664,0.27134977149174483
3667,0.3375980068312237,0.31830147399083863,0.3441005191779377
3668,0.1612304917352731,0.2423887423599136,0.5963807659048134
3669,0.15300453832860297,0.22749468656785837,0.6195007751035386
3670,0.23531453718863968,0.2938610064936152,0.4708244563177451
3671,0.10824910350720049,0.22326128453861496,0.6684896119541845
3672,0.18411264303982655,0.2668761743664505,0.549011182593723
3673,0.06186810897084001,0.16359438934154655,0.7745375016876135
3674,0.3699138421091893,0.3061077156594745,0.3239784422313363
3675,0.32434981712204813,0.30179522676051956,0.37385495611743236
3676,0.2539012511186759,0.28657890355119964,0.4595198453301245
3677,0.2632603562117729,0.3046949589333533,0.43204468485487374
3678,0.4809804488226436,0.27263791937643495,0.24638163180092149
3679,0.49335076804888506,0.2869934731836647,0.21965575876745022
3680,0.21131364504941835,0.27286291479958086,0.5158234401510008
3681,0.18616876940786872,0.25249709717361574,0.5613341334185156
3682,0.27688141982654385,0.3032077504042735,0.41991082976918265
3683,0.16517327731221582,0.23871365673163764,0.5961130659561465
3684,0.2758298119600736,0.3105103433917594,0.4136598446481671
3685,0.3349881807486236,0.3119316004855792,0.35308021876579715
3686,0.11140435631941706,0.21073992170272735,0.6778557219778556
3687,0.14219751275869102,0.2503797287675672,0.6074227584737418
3688,0.43866454352465756,0.3040376151957056,0.2572978412796368
3689,0.12228575756675282,0.2311438432058519,0.6465703992273953
3690,0.2619648751798212,0.292341457521912,0.44569366729826687
3691,0.12450859541969947,0.23350882526340994,0.6419825793168906
3692,0.3223521660728671,0.30307547677279745,0.37457235715433546
3693,0.0981459323590764,0.20275819580926177,0.6990958718316618
3694,0.41226747572658934,0.2909898651861769,0.2967426590872338
3695,0.32621984065425086,0.31509851907101377,0.3586816402747353
3696,0.3106942208009044,0.2842262796763467,0.40507949952274896
3697,0.22359125519686932,0.2670769126548335,0.5093318321482972
3698,0.16581379543614672,0.24994226153709004,0.5842439430267633
3699,0.24068432988673527,0.274206930835053,0.4851087392782118
3700,0.27716922616167466,0.3048390796301724,0.41799169420815296
3701,0.14883604418743107,0.24481017811045896,0.60635377770211
3702,0.1089812214181137,0.21769493373860485,0.6733238448432814
3703,0.2548289290728817,0.2880005541455938,0.4571705167815246
3704,0.1659281360469331,0.23837351504018645,0.5956983489128805
3705,0.2697678913674582,0.28411512800230937,0.4461169806302324
3706,0.13968586001334166,0.251767512521248,0.6085466274654103
3707,0.4872680269801881,0.2884345642425132,0.22429740877729865
3708,0.4476744616641528,0.3104920951605675,0.2418334431752797
3709,0.42607960316740867,0.2993889056940164,0.27453149113857495
3710,0.1682599751102815,0.25409496013432925,0.5776450647553892
3711,0.208815021643947,0.26956011783634504,0.521624860519708
3712,0.20141222422973803,0.26912779273518367,0.5294599830350784
3713,0.20222030555813753,0.2604850688882966,0.5372946255535659
3714,0.3490287688026178,0.2903677523357172,0.36060347886166505
3715,0.06442179529102296,0.16437867456908592,0.7711995301398911
3716,0.2779298511875768,0.2968165519014271,0.42525359691099623
3717,0.3236779430585973,0.29701915882976243,0.3793028981116403
3718,0.47878656725302937,0.28034280377646664,0.2408706289705039
3719,0.19950343912063534,0.2767775487677216,0.5237190121116431
3720,0.11264291623423399,0.21874465585486913,0.6686124279108968
3721,0.11373832728740345,0.2167169187199816,0.6695447539926149
3722,0.14851445010282965,0.2392823357750154,0.612203214122155
3723,0.12520823742064854,0.21964890203127402,0.6551428605480775
3724,0.3555849995873731,0.2976518442840851,0.3467631561285419
3725,0.19799304130991235,0.2671735052100838,0.5348334534800038
3726,0.5463408517116503,0.2720157763375909,0.18164337195075886
3727,0.1389971017200697,0.23426946906345036,0.6267334292164799
3728,0.2224772479507849,0.2823411134397567,0.49518163860945846
3729,0.2248455062827614,0.2543441288754674,0.5208103648417712
3730,0.179736661807479,0.26953419469207224,0.5507291435004488
3731,0.14086511347318814,0.22784644779555197,0.6312884387312598
3732,0.3939285094462051,0.30158363030437113,0.30448786024942376
3733,0.31865940931402,0.2952525295392411,0.386088061146739
3734,0.13827019377752775,0.23392614632433978,0.6278036598981325
3735,0.46103815936007614,0.2909404412926477,0.2480213993472762
3736,0.2362620893673082,0.27360664078138325,0.49013126985130856
3737,0.11600340833230113,0.22231381301289602,0.661682778654803
3738,0.27156102948105476,0.2869383875069614,0.4415005830119839
3739,0.3963590425486317,0.2824983565817075,0.3211426008696609
3740,0.28723542797565865,0.2938086622292894,0.4189559097950519
3741,0.04065406400393219,0.12687217160930567,0.8324737643867621
3742,0.15910572625764963,0.24281843039087353,0.5980758433514769
3743,0.48443850622395324,0.2928807681025743,0.22268072567347258
3744,0.28446458237466943,0.29845450481016206,0.4170809128151686
3745,0.4540472597491302,0.2994293288269697,0.24652341142390016
3746,0.23975036924424323,0.2767047461647,0.48354488459105677
3747,0.3090139378297517,0.29322460189523997,0.39776146027500847
3748,0.4320803951145032,0.29076139366773246,0.2771582112177644
3749,0.12762667135922884,0.2111956243656851,0.661177704275086
3750,0.2971878172213825,0.27856281005846245,0.4242493727201551
3751,0.21913357803202455,0.27845434624528637,0.5024120757226891
3752,0.30183538116727454,0.2851697808441581,0.4129948379885674
3753,0.11884847989766371,0.22992429592762448,0.6512272241747118
3754,0.1312113378971794,0.23415557494433611,0.6346330871584844
3755,0.1378375036120734,0.23380256539888516,0.6283599309890414
3756,0.07575304995304802,0.17525339807818888,0.7489935519687632
3757,0.16783946992665483,0.25384110471372995,0.5783194253596153
3758,0.3584374428661941,0.29734175477064795,0.34422080236315805
3759,0.35429289903393635,0.303199864578652,0.3425072363874117
3760,0.19101472221258842,0.26480439360259656,0.5441808841848151
3761,0.27235903184584076,0.28814399050452166,0.43949697764963763
3762,0.34334540258063134,0.2998232482654492,0.3568313491539195
3763,0.17492114089806918,0.2391663853760404,0.5859124737258905
3764,0.3030265482548101,0.28819148677863476,0.4087819649665552
3765,0.425590873068488,0.2900913257955211,0.284317801135991
3766,0.28346909194489783,0.2961673535350724,0.4203635545200299
3767,0.1701286360532751,0.2511418406959932,0.5787295232507318
3768,0.10818057698622371,0.2098340314862896,0.6819853915274867
3769,0.25819124445400127,0.28460194979679604,0.4572068057492027
3770,0.10045600845454535,0.19218307299206028,0.7073609185533943
3771,0.26110241782581256,0.2765038242643536,0.4623937579098338
3772,0.15941095769041522,0.23711086635108533,0.6034781759584995
3773,0.14282419760285298,0.2523779041901646,0.6047978982069825
3774,0.14206426497890168,0.23299861579506542,0.6249371192260329
3775,0.4872925296135412,0.2751648455463488,0.23754262484011002
3776,0.15438745226062833,0.2431331322626848,0.6024794154766868
3777,0.5439677822926218,0.2788678266511716,0.17716439105620668
3778,0.12529774363022933,0.2158538358085556,0.6588484205612151
3779,0.2834891818813028,0.2925397536907899,0.42397106442790733
3780,0.35469839329953834,0.3073125955784151,0.3379890111220466
3781,0.37870762241081757,0.31305853094276226,0.3082338466464203
3782,0.1269144390306467,0.21585831087574453,0.6572272500936087
3783,0.2121088701863343,0.26311073115643585,0.5247803986572299
3784,0.2993140704302246,0.29044341526673834,0.41024251430303715
3785,0.5612624029654467,0.2699990433957117,0.16873855363884166
3786,0.11071650848734382,0.203180725029878,0.6861027664827782
3787,0.11569730520969876,0.21694342911170117,0.6673592656786002
3788,0.2664381363304869,0.27801337367292916,0.45554848999658387
3789,0.0650380210114743,0.15474974802730782,0.780212230961218
3790,0.15652248823231898,0.23884713477840655,0.6046303769892745
3791,0.2246014851360168,0.26201970544155573,0.5133788094224274
3792,0.39153300156275855,0.28205002999685636,0.32641696844038515
3793,0.1679508013369491,0.266616789850363,0.565432408812688
3794,0.2656739447138907,0.2894352526872938,0.4448908025988155
3795,0.23732262799731457,0.28903957905227756,0.4736377929504078
3796,0.3711297140331606,0.28740149728579717,0.34146878868104225
3797,0.32900774356498974,0.29625287333201117,0.37473938310299904
3798,0.2971853273418241,0.2821018184686202,0.4207128541895557
3799,0.3041927676648105,0.2995947182572779,0.3962125140779116
3800,0.08350782004215562,0.19076270215834965,0.7257294777994947
3801,0.14425390625213558,0.2298146739076358,0.6259314198402286
3802,0.3513504925329511,0.29328611752115485,0.3553633899458941
3803,0.26652721680914465,0.27912306424823397,0.4543497189426214
3804,0.28871663867676534,0.3015040799455365,0.4097792813776981
3805,0.1223691215357274,0.21818856123139935,0.6594423172328734
3806,0.19195139837782088,0.27852908378673685,0.5295195178354423
3807,0.1222692338370184,0.2115199468699009,0.6662108192930807
3808,0.16526530626258643,0.2435675424072877,0.591167151330126
3809,0.17760401655384817,0.26222621763171106,0.5601697658144408
3810,0.2703582107086705,0.2911573252912777,0.43848446400005187
3811,0.1961422581336182,0.2657463063599133,0.5381114355064684
3812,0.2735059929306631,0.29394470186742866,0.4325493052019083
3813,0.23706400146798287,0.2733659189418474,0.4895700795901698
3814,0.374050074416764,0.2849310772895918,0.34101884829364415
3815,0.4487712877287973,0.29274606815162496,0.25848264411957783
3816,0.3359941157059635,0.3006299351625311,0.3633759491315054
3817,0.3949703540945323,0.30174182322791687,0.30328782267755094
3818,0.23462973097718134,0.27729578690297163,0.488074482119847
3819,0.40524895776049075,0.2962902681063599,0.29846077413314936
3820,0.2752595742016633,0.29516935037730996,0.4295710754210266
3821,0.27765749797056455,0.2887775027622689,0.4335649992671666
3822,0.15700681284858192,0.24831493416263478,0.5946782529887834
3823,0.26787381886539596,0.2880337046118226,0.44409247652278155
3824,0.1702447907390718,0.2520264563345551,0.5777287529263732
3825,0.16096010570974378,0.2353172173683376,0.6037226769219186
3826,0.33332123765529453,0.3099649579626044,0.3567138043821011
3827,0.08517794892432419,0.18936143148647058,0.7254606195892053
3828,0.2275202121293775,0.27750699609072504,0.4949727917798975
3829,0.18122770587664117,0.2618818724804985,0.5568904216428604
3830,0.14649158777378055,0.24041675732005782,0.6130916549061617
3831,0.18321093304585837,0.2644557771725579,0.5523332897815838
3832,0.32241151996386097,0.2794637646332266,0.3981247154029125
3833,0.17615559468216493,0.2577196217360414,0.5661247835817937
3834,0.2767942017116041,0.30139356844974874,0.42181222983864713
3835,0.33945850889184953,0.285630903659305,0.3749105874488455
3836,0.48860276286967014,0.28030642307394465,0.23109081405638515
3837,0.16442488325257618,0.24973575640566187,0.585839360341762
3838,0.2707927619572904,0.29377028649270776,0.4354369515500019
3839,0.22936227926256286,0.2713057773710534,0.49933194336638376
3840,0.14460640524133744,0.24736732684776136,0.6080262679109012
3841,0.24895320922915695,0.284827390254071,0.4662194005167721
3842,0.3746732403810543,0.30091576892750005,0.3244109906914457
3843,0.10440406787354099,0.18864535574171898,0.7069505763847401
3844,0.281156624387572,0.29220150642147424,0.42664186919095376
3845,0.13131086408957082,0.21795023945499142,0.6507388964554378
3846,0.29457791472249745,0.2912769618841186,0.41414512339338394
3847,0.26940473015415,0.2936483052410476,0.4369469646048024
3848,0.2625164266434556,0.2889115267959105,0.448572046560634
3849,0.3687966209392314,0.2836501208604118,0.3475532582003568
3850,0.10930079714993157,0.21577580953997125,0.6749233933100972
3851,0.0947392245807552,0.18265862136304772,0.7226021540561971
3852,0.2208988605971202,0.27408320587245694,0.5050179335304229
3853,0.2999432232331607,0.30563832339380514,0.3944184533730343
3854,0.2519385409928155,0.28940426724076834,0.4586571917664163
3855,0.24804440420726154,0.2857549109167247,0.46620068487601374
3856,0.3007193363485989,0.2946614347311233,0.40461922892027785
3857,0.13122938841454898,0.22989048019390873,0.6388801313915423
3858,0.3754217478752988,0.288121894104974,0.3364563580197273
3859,0.18059463129095985,0.24905374321282653,0.5703516254962137
3860,0.3444148841882313,0.2999217252866822,0.35566339052508655
3861,0.32091130276058655,0.29205336043269714,0.3870353368067164
3862,0.27464213113898667,0.2813761888436622,0.4439816800173511
3863,0.4516450688675798,0.2848488603106768,0.26350607082174343
3864,0.14256127512596675,0.2457396402591956,0.6116990846148378
3865,0.45060559079095874,0.2831586340720006,0.2662357751370407
3866,0.18992808320231624,0.2547309441222339,0.5553409726754498
3867,0.260112882093702,0.29731285414108594,0.4425742637652121
3868,0.12373169268069913,0.22855577716190859,0.6477125301573923
3869,0.24139809445643662,0.27934960599511793,0.4792522995484455
3870,0.15663493915892837,0.25267907060920025,0.5906859902318714
3871,0.22052031997964744,0.27712552478257285,0.5023541552377798
3872,0.19334984265330799,0.24935911137350075,0.5572910459731913
3873,0.1058352505283603,0.20641038579391993,0.6877543636777198
3874,0.3035190700890823,0.3079464100911221,0.3885345198197957
3875,0.14519189312587583,0.24466583544909976,0.6101422714250245
3876,0.3169814105445864,0.27945518711261397,0.40356340234279964
3877,0.2378733491280014,0.2723630869898252,0.48976356388217335
3878,0.184125494879363,0.2517053463444763,0.5641691587761608
3879,0.14992082772631338,0.2513946176619204,0.5986845546117662
3880,0.31412368941363283,0.3074944439669183,0.3783818666194488
3881,0.263543751301897,0.28577383327017414,0.4506824154279288
3882,0.3223002319523255,0.28602215339792797,0.3916776146497466
3883,0.31118315063918517,0.30069964332110255,0.38811720603971234
3884,0.2028353294070906,0.268146782050259,0.5290178885426504
3885,0.26762268950164575,0.2880068875478134,0.4443704229505409
3886,0.23013835935833657,0.27933879785312504,0.49052284278853836
3887,0.06348270552768619,0.15895793391593674,0.7775593605563771
3888,0.4196570501181888,0.2866709195204233,0.2936720303613879
3889,0.30847369050811685,0.2959078095788972,0.3956184999129861
3890,0.14962259748835843,0.22790611164242364,0.6224712908692179
3891,0.30005759392027054,0.30001734196869945,0.39992506411103007
3892,0.15712821007206154,0.2675913145359321,0.5752804753920063
3893,0.2405680846090535,0.2971225659081119,0.46230934948283464
3894,0.27254242407946994,0.291223099020924,0.4362344768996061
3895,0.11676010979320142,0.2198764746614374,0.6633634155453612
3896,0.34504136563079013,0.29733645204104026,0.3576221823281696
3897,0.1999964480088252,0.2549196714787148,0.54508388051246
3898,0.41275720540690974,0.30005305697068946,0.2871897376224008
3899,0.22536219429019444,0.2884285290158946,0.486209276693911
3900,0.18475645798636225,0.2604625710001489,0.5547809710134888
3901,0.27007458374614923,0.3081851018798243,0.4217403143740264
3902,0.47261901521996974,0.2925567850182185,0.23482419976181176
3903,0.28593370676733854,0.2900712526548756,0.42399504057778586
3904,0.1604441618803871,0.25190511917450514,0.5876507189451078
3905,0.412034355403883,0.30125411634106236,0.28671152825505464
3906,0.32625170342333054,0.31148978306447184,0.3622585135121976
3907,0.22805998278995507,0.2664092257804619,0.5055307914295831
3908,0.37016706763952795,0.28147561593659565,0.34835731642387646
3909,0.24858426609216835,0.29994875793233466,0.45146697597549695
3910,0.15904015739182914,0.2563435631231596,0.5846162794850113
3911,0.3093667388714314,0.29857733868745107,0.3920559224411175
3912,0.30047844603945983,0.2941532971557686,0.40536825680477145
3913,0.10950813467699642,0.21347517292672374,0.6770166923962798
3914,0.1392736796040325,0.23914261818437937,0.6215837022115881
3915,0.3554807925131528,0.30455222932839315,0.3399669781584541
3916,0.14567810032536696,0.22987456780451274,0.6244473318701202
3917,0.3909764364368895,0.28733873727444326,0.32168482628866724
3918,0.2619812583982971,0.29555994450764617,0.4424587970940568
3919,0.25675767841115693,0.29102537524822275,0.4522169463406204
3920,0.3342401656130195,0.2994978504129027,0.36626198397407783
3921,0.1819600561491431,0.25284300322093245,0.5651969406299245
3922,0.1640745010257232,0.2563015637835048,0.579623935190772
3923,0.2585291239259144,0.2968324173277002,0.44463845874638536
3924,0.3702254343236099,0.30143457804154383,0.32833998763484634
3925,0.12730196665610244,0.21753437437350626,0.6551636589703913
3926,0.12969024155421743,0.23189546123191557,0.6384142972138671
3927,0.2579812235527844,0.29923948932572136,0.4427792871214942
3928,0.2012046428927175,0.26314238876389257,0.5356529683433899
3929,0.24613890709276162,0.30031976114454484,0.45354133176269357
3930,0.35398630296528977,0.3064168074857134,0.3395968895489968
3931,0.16220755902847084,0.25198058013594815,0.5858118608355811
3932,0.3139241624577663,0.2912714461892483,0.39480439135298556
3933,0.22642264994129446,0.2519925518748354,0.5215847981838702
3934,0.18952424478756696,0.25267032918566673,0.5578054260267663
3935,0.25876155247024807,0.2884259058617816,0.4528125416679704
3936,0.2647110729044071,0.30070368389883617,0.43458524319675673
3937,0.208690374760342,0.28338636094230396,0.5079232642973541
3938,0.21026188246000094,0.2730799079017052,0.5166582096382939
3939,0.22288864730042549,0.2777365846386529,0.4993747680609217
3940,0.13841048135550602,0.23752989493619686,0.6240596237082972
3941,0.2983777655359477,0.2811079015734697,0.42051433289058265
3942,0.15046082922164905,0.2575851945142512,0.5919539762640998
3943,0.14276880618510096,0.23795018321419686,0.6192810106007023
3944,0.1803085892517648,0.26001473392248337,0.5596766768257518
3945,0.3001978552679945,0.3022619789450318,0.3975401657869737
3946,0.45649828241057044,0.2743106239682412,0.2691910936211884
3947,0.1221838599093443,0.20623178506644338,0.6715843550242123
3948,0.13831233916845986,0.24447340739944576,0.6172142534320945
3949,0.3035884240359783,0.31224875704482424,0.3841628189191974
3950,0.3700488366906274,0.3154655017484482,0.31448566156092456
3951,0.2493716070651556,0.2741908833829791,0.4764375095518653
3952,0.2770223928169951,0.3028303906094999,0.4201472165735051
3953,0.12733177125112535,0.2266905585372749,0.6459776702115998
3954,0.3909756395368714,0.28739690042486077,0.32162746003826775
3955,0.3419297771136052,0.3076843738250622,0.3503858490613326
3956,0.41052531687267085,0.3035853889560474,0.2858892941712818
3957,0.2125691545854309,0.28441182810666027,0.5030190173079089
3958,0.1491605226251532,0.23345810067592496,0.6173813766989218
3959,0.1323107270158975,0.2481730573149107,0.6195162156691918
3960,0.1352613276842331,0.2529385742389074,0.6118000980768594
3961,0.24032603343541242,0.29453060737870956,0.46514335918587807
3962,0.2946379047729812,0.2733952575566987,0.4319668376703202
3963,0.1376199895285731,0.24251817083671384,0.6198618396347131
3964,0.45302581557536953,0.29141180477933293,0.2555623796452976
3965,0.12076102059566637,0.21748571089744373,0.66175326850689
3966,0.41935279664530545,0.2910787745390035,0.28956842881569117
3967,0.3220506117239814,0.28249758494075944,0.3954518033352592
3968,0.3183350254218868,0.29539361925614466,0.38627135532196855
3969,0.19592017056020677,0.29268811527434935,0.5113917141654439
3970,0.35711512439312865,0.30449879924514844,0.3383860763617229
3971,0.23986702707889337,0.27963235543522863,0.4805006174858781
3972,0.44386689739491497,0.2998078982570764,0.25632520434800865
3973,0.22340561926522726,0.28004715868777796,0.49654722204699475
3974,0.35831361711346144,0.3009863345545408,0.3407000483319978
3975,0.315872097283577,0.2934478439120612,0.39068005880436185
3976,0.41368451051388844,0.29556854611348926,0.2907469433726223
3977,0.21874526122306057,0.27768293672298794,0.5035718020539515
3978,0.14682529659204005,0.24028060269653123,0.6128941007114288
3979,0.2137322487207303,0.26138164887157694,0.5248861024076928
3980,0.14245130591613486,0.2469241097649883,0.6106245843188768
3981,0.24160028215601814,0.2994871999626265,0.45891251788135534
3982,0.2030230081508481,0.2619540190815611,0.5350229727675909
3983,0.18881770801499193,0.2601968871590447,0.5509854048259634
3984,0.13413187140331567,0.22738184160415428,0.6384862869925301
3985,0.12084270895880626,0.22690301623639506,0.6522542748047988
3986,0.18120144089473272,0.2665372809805687,0.5522612781246986
3987,0.18309199424385458,0.2682282009185164,0.548679804837629
3988,0.2803145991173257,0.28675297440580155,0.43293242647687274
3989,0.4343445612099644,0.30116920349257487,0.26448623529746074
3990,0.13513035562400666,0.23376569785857831,0.6311039465174151
3991,0.2600842982221418,0.29926782360094734,0.4406478781769109
3992,0.43052277517955495,0.29587219452567537,0.2736050302947697
3993,0.31965337969030955,0.30510188605788896,0.37524473425180155
3994,0.46543772815370277,0.2829829851710979,0.25157928667519924
3995,0.3762021383528724,0.2974194701869965,0.3263783914601312
3996,0.33703293831542036,0.2995927974262931,0.36337426425828656
3997,0.19020539114634016,0.25102078938088107,0.5587738194727788
3998,0.1370245953044218,0.23749861675382675,0.6254767879417515
3999,0.1778437755318409,0.2615236102040452,0.560632614264114
4000,0.3862874844611036,0.30325183166896635,0.31046068386993003
4001,0.1349217052633995,0.2222591056600471,0.6428191890765534
4002,0.1470421955283318,0.24076580675481063,0.6121919977168576
4003,0.25853000156635236,0.2880862577644714,0.4533837406691763
4004,0.13310173875631412,0.22819702120847551,0.6387012400352104
4005,0.0724821721996882,0.17258469852301112,0.7549331292773007
4006,0.19065873156668833,0.27096504444651165,0.5383762239868
4007,0.2770041164198045,0.28066859941731914,0.44232728416287637
4008,0.3524267723928928,0.3004204241964721,0.3471528034106352
4009,0.2601297214032348,0.2694149687765668,0.4704553098201984
4010,0.12776983278427506,0.23804236031915765,0.6341878068965674
4011,0.3772261044098456,0.3019880957258988,0.3207857998642556
4012,0.2023936316231612,0.27179534620173945,0.5258110221750993
4013,0.24046434791647925,0.27786142829847177,0.4816742237850489
4014,0.1763963468158276,0.26452039698758284,0.5590832561965895
4015,0.2738597151285663,0.28659484012318914,0.43954544474824464
4016,0.16425763887357067,0.23924514218349346,0.596497218942936
4017,0.23160155794898546,0.29114817990948516,0.4772502621415294
4018,0.24010593332745173,0.29768548739071143,0.46220857928183695
4019,0.3123455920545411,0.29782740176100664,0.3898270061844523
4020,0.30993756350941554,0.29050847467961416,0.39955396181097036
4021,0.2882877383932433,0.29586823767643666,0.4158440239303201
4022,0.23056538377057478,0.28799200365593147,0.4814426125734938
4023,0.08000717276336324,0.18289866649110342,0.7370941607455334
4024,0.40492931842297947,0.3053913453516922,0.2896793362253284
4025,0.2457163512673129,0.2742264159871134,0.4800572327455737
4026,0.16068180323937545,0.24336716269494402,0.5959510340656805
4027,0.27183815739540756,0.3029641367216069,0.42519770588298555
4028,0.3422539381202858,0.29729914447271144,0.3604469174070027
4029,0.4429013618839187,0.2822576560781518,0.2748409820379295
4030,0.19981803172877638,0.2649676302073109,0.5352143380639127
4031,0.2374988128932452,0.2899860931658084,0.47251509394094643
4032,0.18550048656146667,0.2526741132504014,0.561825400188132
4033,0.23001563666161381,0.2870367882758942,0.482947575062492
4034,0.3199286017269624,0.3002659297516355,0.37980546852140207
4035,0.28365825732670097,0.29545788649773674,0.42088385617556234
4036,0.1147987206813064,0.2170297066974714,0.6681715726212223
4037,0.2522062293806129,0.28085648457498247,0.46693728604440465
4038,0.11642941528231569,0.20825387330329703,0.6753167114143872
4039,0.13601945639769566,0.2170965971953195,0.6468839464069849
4040,0.27210868270485306,0.29448065612466057,0.4334106611704865
4041,0.37676892817075824,0.30770318419455184,0.31552788763469003
4042,0.24990845589024388,0.2917781337259763,0.4583134103837798
4043,0.2759691340665218,0.29516556134401095,0.4288653045894673
4044,0.43176260175316683,0.2834216485617936,0.2848157496850396
4045,0.1684431281022451,0.2569115322411265,0.5746453396566283
4046,0.27495360156697246,0.2813774585998828,0.4436689398331449
4047,0.3509503322683421,0.3028691731555671,0.34618049457609085
4048,0.13239983406584227,0.22936978584376852,0.6382303800903892
4049,0.24188563482949493,0.28208941627318873,0.4760249488973164
4050,0.3301996747176811,0.2886406857934091,0.38115963948890985
4051,0.3384441170032595,0.29504116192664587,0.36651472107009464
4052,0.251245416413732,0.2856687929203273,0.4630857906659407
4053,0.2707672515757282,0.29719804172072845,0.4320347067035434
4054,0.09172314719218438,0.19339157998072282,0.7148852728270928
4055,0.2708642225191823,0.2876638626032341,0.4414719148775836
4056,0.07824558945025076,0.17001089087933868,0.7517435196704105
4057,0.14925245761581213,0.24482146241274855,0.6059260799714394
4058,0.28062296985873947,0.30386677544703716,0.4155102546942234
4059,0.18738854271626795,0.26245202566373715,0.5501594316199949
4060,0.38297787746874984,0.29878729622860367,0.31823482630264655
4061,0.2825739848840882,0.29151439269444424,0.4259116224214676
4062,0.29684208993052064,0.28759380946331065,0.41556410060616883
4063,0.3621638708978409,0.29378019688182094,0.3440559322203381
4064,0.31783622927860766,0.2942932257011785,0.38787054502021395
4065,0.34768170157179407,0.29209571530643963,0.36022258312176636
4066,0.20480059252389898,0.2620546285782623,0.5331447788978387
4067,0.3640847573469654,0.29030545392044693,0.3456097887325878
4068,0.23941260071420759,0.2864184348028041,0.4741689644829883
4069,0.26802016684675656,0.2826685230060787,0.44931131014716474
4070,0.19062821903273539,0.2591547796732073,0.5502170012940573
4071,0.275281960626053,0.2877702426766622,0.43694779669728495
4072,0.21230823032223756,0.272481848159816,0.5152099215179465
4073,0.15419597303931454,0.23872382629347627,0.6070802006672092
4074,0.11940613213116433,0.21211618180685132,0.6684776860619843
4075,0.1596223585958882,0.2400686100481913,0.6003090313559205
4076,0.20176414385322755,0.25960492850621825,0.5386309276405542
4077,0.15138616152458179,0.23979706377447507,0.6088167747009432
4078,0.4947912408758214,0.2822941319398237,0.2229146271843549
4079,0.141968542836596,0.23284768145308835,0.6251837757103157
4080,0.250334640951766,0.2714186248152329,0.4782467342330012
4081,0.15991894491007844,0.23555493787818346,0.6045261172117381
4082,0.21570821194824835,0.27655277321057936,0.5077390148411723
4083,0.17493611467391346,0.2527849166894635,0.5722789686366231
4084,0.28620298613711725,0.3101410315294294,0.40365598233345334
4085,0.3333402767005058,0.29162398672122747,0.3750357365782667
4086,0.35386385667815745,0.3012803124033893,0.34485583091845334
4087,0.1875349999393306,0.24348675374138568,0.5689782463192838
4088,0.3692883206140486,0.293012637195409,0.3376990421905425
4089,0.11234877917369161,0.2051423284760526,0.6825088923502559
4090,0.1863903412953336,0.24574205845841018,0.5678676002462562
4091,0.21275429771026777,0.2685334564357453,0.5187122458539869
4092,0.23744160339060688,0.26426092990223615,0.498297466707157
4093,0.15772171525307604,0.23846728954519875,0.6038109952017252
4094,0.09189537675144326,0.19208223467498237,0.7160223885735745
4095,0.15092757173595636,0.24830668141304232,0.6007657468510014
4096,0.2987300937422863,0.28459257771274726,0.4166773285449665
4097,0.24573699902541277,0.28921371986123784,0.4650492811133495
4098,0.12459178314810242,0.20541331083737238,0.6699949060145253
4099,0.4283292530443489,0.28165607715688956,0.29001466979876167
4100,0.10549276336556757,0.19116333313979844,0.7033439034946339
4101,0.15599249745222937,0.23754211523214908,0.6064653873156216
4102,0.35203257613104955,0.29403700171766856,0.35393042215128195
4103,0.20824353305258167,0.2881051474243641,0.5036513195230542
4104,0.4061071337033633,0.276161577541471,0.31773128875516565
4105,0.2369262062728616,0.28620086460694216,0.47687292912019613
4106,0.46813962301491385,0.27729102075113854,0.2545693562339477
4107,0.15074277273029746,0.24233098169304465,0.606926245576658
4108,0.1404250418539025,0.22555388174993052,0.6340210763961671
4109,0.201939499738259,0.272268786135452,0.525791714126289
4110,0.2717519291855664,0.28616612920261264,0.442081941611821
4111,0.34959857055026033,0.286812467438641,0.3635889620110987
4112,0.263094575838294,0.26671476010610073,0.4701906640556053
4113,0.3298244756865982,0.29507805310805524,0.37509747120534664
4114,0.22588116542258574,0.27281646680921556,0.5013023677681988
4115,0.19773463556032128,0.2556078432073901,0.5466575212322886
4116,0.20674610908255464,0.25727371207953004,0.5359801788379153
4117,0.18805709043942062,0.26503537304265484,0.5469075365179246
4118,0.3037034058241256,0.2931208723803665,0.403175721795508
4119,0.29733054832366523,0.2743783390155733,0.4282911126607615
4120,0.3323674721901314,0.2994336185243402,0.3681989092855285
4121,0.26566469366593615,0.2717311508862428,0.4626041554478211
4122,0.19699390977230363,0.2854464233118189,0.5175596669158775
4123,0.29087687213960994,0.2831922298406724,0.4259308980197178
4124,0.3486734114964445,0.29389073082990813,0.35743585767364744
4125,0.16218588943484596,0.23711799560405877,0.6006961149610952
4126,0.15760455828350423,0.234269321144366,0.6081261205721298
4127,0.19756326054482393,0.25542120087900627,0.5470155385761699
4128,0.1810058093025453,0.26346096711370254,0.5555332235837522
4129,0.08609913018202124,0.17209505142609996,0.7418058183918789
4130,0.29631355592802316,0.2997061021044014,0.4039803419675755
4131,0.26139047532834025,0.3042013568868886,0.43440816778477115
4132,0.3070017425869108,0.29400117662783076,0.3989970807852584
4133,0.183946556459987,0.2557990697654594,0.5602543737745536
4134,0.23657251892426817,0.28650448095097814,0.47692300012475375
4135,0.19684829193630887,0.26951448402367384,0.5336372240400172
4136,0.25300872374329697,0.2919034810351556,0.45508779522154746
4137,0.2824643898964119,0.28187026668611165,0.4356653434174765
4138,0.20179884378083596,0.25068328389430683,0.5475178723248572
4139,0.16469067796998835,0.268028496236409,0.5672808257936026
4140,0.17475049467471215,0.2611351034585736,0.5641144018667142
4141,0.13895427879361635,0.2354751638677513,0.6255705573386324
4142,0.1979938568516702,0.24844764831836058,0.5535584948299692
4143,0.20722001818304367,0.2556876028849746,0.5370923789319818
4144,0.5319485419980421,0.26596272303743906,0.20208873496451885
4145,0.4058804758940213,0.2968872461083874,0.29723227799759133
4146,0.27251373410103785,0.2898085382674647,0.4376777276314975
4147,0.16358434199306496,0.2682012452127526,0.5682144127941824
4148,0.3404000346509452,0.2968205481447021,0.36277941720435275
4149,0.2790282260636875,0.30357244651318094,0.4173993274231316
4150,0.297544791243622,0.303236050820081,0.39921915793629703
4151,0.23558477839811118,0.2553966104071699,0.5090186111947189
4152,0.28946975527469,0.3038803489502767,0.40664989577503324
4153,0.29301965330018476,0.31187265044585977,0.3951076962539555
4154,0.37264839959126644,0.2878377923357143,0.3395138080730193
4155,0.06988032213663828,0.16277560375582134,0.7673440741075405
4156,0.1019355070934943,0.20049827006837004,0.6975662228381356
4157,0.23801218860290704,0.28752424413368016,0.47446356726341277
4158,0.17765791257996116,0.25748716501922986,0.564854922400809
4159,0.25665404411678383,0.2963415091929319,0.4470044466902842
4160,0.16020631263813032,0.2434532777924524,0.5963404095694173
4161,0.11500305312770157,0.21316907627869583,0.6718278705936026
4162,0.15868387014050095,0.24449724782857166,0.5968188820309274
4163,0.3491065690533148,0.29587106862322127,0.35502236232346396
4164,0.17390626239292625,0.26210262713832366,0.5639911104687501
4165,0.24792507663923025,0.27263716944448746,0.4794377539162823
4166,0.1301307590440392,0.22471350348599423,0.6451557374699666
4167,0.13995108545349283,0.22891958661624595,0.6311293279302613
4168,0.1429716122399558,0.23381212896857698,0.6232162587914672
4169,0.22623906689390455,0.26830101027496794,0.5054599228311276
4170,0.4440387264322975,0.27850547408792853,0.27745579947977406
4171,0.36823767513143274,0.300588042670197,0.33117428219837025
4172,0.39551120287673047,0.2945007800904413,0.3099880170328282
4173,0.3097073831506404,0.30680285486267406,0.38348976198668555
4174,0.2657661437501611,0.2921365713343475,0.44209728491549144
4175,0.19796213507149338,0.26784818555561235,0.5341896793728943
4176,0.2854734605050935,0.2918697642956901,0.4226567751992164
4177,0.3345934216567924,0.2921175046560568,0.37328907368715086
4178,0.3421799047806091,0.2948860351937096,0.3629340600256813
4179,0.1747106981550244,0.25943077061545355,0.565858531229522
4180,0.17905442695357693,0.2558865378711435,0.5650590351752796
4181,0.24800726741582343,0.2899560533891615,0.46203667919501495
4182,0.1950929945344751,0.28044330648403515,0.5244636989814898
4183,0.17736793976290108,0.269980304804449,0.55265175543265
4184,0.41397529340222283,0.29049930507687777,0.29552540152089946
4185,0.3411429338077229,0.287488011709782,0.37136905448249513
4186,0.3358137884576025,0.302765832732353,0.3614203788100445
4187,0.21425887964925278,0.27666161270766443,0.5090795076430829
4188,0.4417152027002852,0.29103101348143084,0.26725378381828396
4189,0.27681725139107677,0.2844545204153852,0.4387282281935381
4190,0.18848612955144245,0.2616864347563814,0.5498274356921762
4191,0.194552288445839,0.2716286256858105,0.5338190858683505
4192,0.12128372488007573,0.21138536241963388,0.6673309127002904
4193,0.2502699814019234,0.2910173988759436,0.45871261972213295
4194,0.38130100901133046,0.3128597549089658,0.30583923607970365
4195,0.17222822964528747,0.25664598076424705,0.5711257895904656
4196,0.18915803506177636,0.25684247865830606,0.5539994862799176
4197,0.2058151955145972,0.26388496843057424,0.5302998360548286
4198,0.19075721925087494,0.2628756576521415,0.5463671230969835
4199,0.22531485764543002,0.28128178844782126,0.4934033539067487
4200,0.12445234726726354,0.2343018166932886,0.641245836039448
4201,0.1769348439331851,0.24837862065522417,0.5746865354115908
4202,0.28396050842012505,0.2965806460619928,0.4194588455178822
4203,0.23425751353593682,0.26750444195662093,0.49823804450744225
4204,0.2739611787085745,0.2862508913327809,0.4397879299586446
4205,0.3458484504522899,0.30883434889735745,0.34531720065035265
4206,0.1693509997064217,0.2560187700048165,0.5746302302887619
4207,0.24034667876696386,0.2825312705548786,0.47712205067815755
4208,0.4141880451919267,0.2967335899725795,0.2890783648354939
4209,0.3212980588631807,0.2956011632703885,0.3831007778664309
4210,0.16042620021684148,0.2349572884396811,0.6046165113434775
4211,0.26014441090738766,0.3005818868656125,0.43927370222699974
4212,0.17040926322344024,0.248386428218987,0.5812043085575729
4213,0.2693817043027679,0.2950394133610379,0.43557888233619424
4214,0.37526875705684004,0.30501669850313606,0.31971454444002384
4215,0.11391419484991697,0.22129030176468428,0.6647955033853988
4216,0.3059441215633936,0.3045905277798531,0.38946535065675325
4217,0.3735339350938206,0.287821415678159,0.33864464922802046
4218,0.3097321247998245,0.2823947331506658,0.40787314204950975
4219,0.22744899911208044,0.29947608284266275,0.4730749180452568
4220,0.15800359631062347,0.24664692989717904,0.5953494737921975
4221,0.3542305232718814,0.2976496646165267,0.3481198121115919
4222,0.21742304259673376,0.2657269136303414,0.5168500437729249
4223,0.42994817459848755,0.3109309509972418,0.2591208744042707
4224,0.17611883655104643,0.26304609753950514,0.5608350659094484
4225,0.36146771560275204,0.30215508141861563,0.3363772029786323
4226,0.2358970341702514,0.2818413909918857,0.4822615748378629
4227,0.1530477195403071,0.25468574611155786,0.592266534348135
4228,0.27760377261276536,0.2905252185593997,0.4318710088278349
4229,0.23125773908237252,0.2682313050030201,0.5005109559146075
4230,0.19786902366391768,0.26743075728029136,0.534700219055791
4231,0.19949809491257847,0.2757308135484149,0.5247710915390067
4232,0.22478761522788404,0.27214301568404087,0.5030693690880751
4233,0.3837845154524408,0.313160877086062,0.30305460746149737
4234,0.15178847929884218,0.24528641113890523,0.6029251095622526
4235,0.25150721776178775,0.2957038186427604,0.45278896359545184
4236,0.13258168790993968,0.22684331980180406,0.6405749922882563
4237,0.36936068405087047,0.2998854923308698,0.33075382361825983
4238,0.43582077476297554,0.288428993327649,0.27575023190937553
4239,0.23781842875787715,0.2992641490682549,0.462917422173868
4240,0.21395933850479248,0.27334413139615177,0.5126965300990558
4241,0.25969978451254416,0.2999706417352147,0.44032957375224113
4242,0.23909115809449522,0.280041434817394,0.4808674070881108
4243,0.1694723145536997,0.2618193836272852,0.5687083018190152
4244,0.3362703110251041,0.3191561872478898,0.34457350172700624
4245,0.23846787024780225,0.2853771423904959,0.4761549873617019
4246,0.22173842859875442,0.27188319036312425,0.5063783810381214
4247,0.3268804582749727,0.28712446194929,0.3859950797757373
4248,0.14596310330686313,0.2472923176365497,0.6067445790565873
4249,0.16884076813214224,0.25074954440114317,0.5804096874667146
4250,0.17548665862035348,0.25190432775082766,0.5726090136288189
4251,0.24207439744046882,0.2929357098662492,0.46498989269328195
4252,0.2312031415856927,0.29370661873260884,0.47509023968169845
4253,0.09713537507318379,0.19951621646263834,0.7033484084641779
4254,0.1278865485672801,0.23281199652968393,0.639301454903036
4255,0.1855829420028227,0.2653484994689733,0.549068558528204
4256,0.34078222561450006,0.28567384092733905,0.3735439334581609
4257,0.31727027664309515,0.3139804804214848,0.3687492429354201
4258,0.3989627626225555,0.3075260343348911,0.29351120304255346
4259,0.3021502081638884,0.29386577268359443,0.40398401915251725
4260,0.3128123505853839,0.31491964028724295,0.3722680091273731
4261,0.20242779650096887,0.28016032935988083,0.5174118741391502
4262,0.36152148453732946,0.29861411869676957,0.3398643967659011
4263,0.22872237599985915,0.26766297129313815,0.5036146527070028
4264,0.2698886764162346,0.2801959942167223,0.4499153293670431
4265,0.24258683644104034,0.28908511404435344,0.46832804951460627
4266,0.26934407089721896,0.3059605475128025,0.4246953815899786
4267,0.24401618243784046,0.29957959689538577,0.4564042206667738
4268,0.13927556811130146,0.2377078255868211,0.6230166063018775
4269,0.18636067646227605,0.266629346822061,0.547009976715663
4270,0.17473451502458714,0.27666236702399016,0.5486031179514227
4271,0.4416424145661931,0.28189602009227516,0.27646156534153177
4272,0.13931342337292335,0.2274049129184575,0.6332816637086192
4273,0.16701042326261806,0.24418903951809906,0.5888005372192829
4274,0.32482782258849263,0.28678080987363275,0.3883913675378746
4275,0.2542600230809674,0.30403144258022075,0.4417085343388119
4276,0.19336437601113912,0.2666101333927841,0.5400254905960769
4277,0.40309121540922543,0.3019800128759407,0.294928771714834
4278,0.17873371792487697,0.2694415113686949,0.5518247707064281
4279,0.24707502169388249,0.2961943901338461,0.45673058817227147
4280,0.4612515305301094,0.2818196660001029,0.2569288034697878
4281,0.15709031149593505,0.23707822996320402,0.605831458540861
4282,0.15658940591002884,0.2371487133108844,0.6062618807790867
4283,0.0833873409689611,0.18978881500510586,0.726823844025933
4284,0.2768137230877413,0.2877983019146424,0.43538797499761633
4285,0.22393846906721504,0.28176776481023846,0.49429376612254644
4286,0.3458910960786093,0.3082363209994479,0.3458725829219429
4287,0.20319531804644742,0.28111689420963704,0.5156877877439155
4288,0.5217561210604266,0.2773930676138575,0.20085081132571603
4289,0.13650331326184367,0.2319062454149518,0.6315904413232045
4290,0.40466701588213516,0.3005818964746457,0.2947510876432192
4291,0.24356829735199792,0.27918856875587783,0.47724313389212425
4292,0.22303336153412223,0.27672475111932837,0.5002418873465494
4293,0.17334336100231768,0.24667911339027807,0.5799775256074042
4294,0.314758966901607,0.3002370597855172,0.3850039733128759
4295,0.3339860267401932,0.29805846343440534,0.3679555098254016
4296,0.11098759827122992,0.19742679080976477,0.6915856109190053
4297,0.14902368747665362,0.2517131477488047,0.5992631647745417
4298,0.17026964442037765,0.26760087532250176,0.5621294802571206
4299,0.2267664276565308,0.27966164891273976,0.49357192343072953
4300,0.3438083966600368,0.2993687062009221,0.3568228971390412
4301,0.17420930716926725,0.24629168663863493,0.5794990061920979
4302,0.3062848471850837,0.2895521595925067,0.4041629932224097
4303,0.12867126221468506,0.22590937536922776,0.6454193624160872
4304,0.3031734259726214,0.3017409677313301,0.3950856062960485
4305,0.32090065174797755,0.29313577797219925,0.3859635702798232
4306,0.31137833720994984,0.30215751232093385,0.3864641504691163
4307,0.25794051110890526,0.2861846476464044,0.45587484124469047
4308,0.30036516531980084,0.26553283213775436,0.43410200254244485
4309,0.14989227707713743,0.23767148543738462,0.6124362374854779
4310,0.13284939632931306,0.23095813128843531,0.6361924723822516
4311,0.3562548788699033,0.3017465298194768,0.34199859131061994
4312,0.19579772209488927,0.268479880149208,0.5357223977559028
4313,0.36917201348219714,0.31332346532417976,0.3175045211936232
4314,0.09022714618834514,0.19081114352849596,0.7189617102831589
4315,0.22586571576653786,0.27043936649340167,0.5036949177400605
4316,0.18764853004263887,0.27397702357060216,0.538374446386759
4317,0.16707259607816255,0.26562787005527444,0.5672995338665631
4318,0.3579360783531677,0.3164706482603737,0.32559327338645866
4319,0.14063258126705755,0.2415973113088707,0.6177701074240718
4320,0.339812623919842,0.3060662624472551,0.3541211136329029
4321,0.15216422516640082,0.2334852907509195,0.6143504840826797
4322,0.2729541320274437,0.27990629232132636,0.44713957565123
4323,0.3028059018345379,0.274427230428552,0.4227668677369101
4324,0.2603289762544635,0.29169315189652123,0.4479778718490152
4325,0.22308142080175944,0.2780957369519551,0.4988228422462854
4326,0.24707918589352781,0.29101029001348466,0.4619105240929876
4327,0.07735409375458738,0.176354301642275,0.7462916046031377
4328,0.22213021283599138,0.2820878306245925,0.4957819565394162
4329,0.14360543523058358,0.2317470112707249,0.6246475534986915
4330,0.2526798534149103,0.2655143592525058,0.4818057873325838
4331,0.3568649232178764,0.28986099540687404,0.3532740813752496
4332,0.1480310529171649,0.24793415736658697,0.6040347897162481
4333,0.2042730142047719,0.26830976122887285,0.5274172245663553
4334,0.41383769064277937,0.2927201741601708,0.2934421351970499
4335,0.23662344159554644,0.28681221922202044,0.4765643391824332
4336,0.31429291107921464,0.2977656623736018,0.3879414265471836
4337,0.17254717714288326,0.2566276086608436,0.5708252141962732
4338,0.3488674478466338,0.291804619634021,0.35932793251934525
4339,0.1385440524648255,0.23423497239548396,0.6272209751396906
4340,0.10961191860413759,0.19836959745892035,0.6920184839369421
4341,0.22768166452888144,0.2800122627412366,0.49230607272988197
4342,0.16935678995750236,0.24834226709653665,0.582300942945961
4343,0.17101649557249063,0.25053565684326773,0.5784478475842416
4344,0.15458227841268524,0.23346303927130937,0.6119546823160054
4345,0.18144655616971458,0.26614917875073607,0.5524042650795493
4346,0.21618625072951944,0.2702610641330334,0.5135526851374471
4347,0.1156672235868769,0.2173515173737539,0.6669812590393693
4348,0.4078093526482444,0.30926867708633643,0.2829219702654192
4349,0.22856882002140486,0.29301172655781776,0.47841945342077746
4350,0.33026336106653853,0.29998048027133717,0.3697561586621244
4351,0.12252411543529237,0.23411019048031645,0.6433656940843913
4352,0.23291443445411208,0.2870112820723535,0.4800742834735344
4353,0.5031778654022029,0.26481145554393043,0.23201067905386677
4354,0.377266271904875,0.3013476105727314,0.32138611752239366
4355,0.4673061412513048,0.2965062116390572,0.23618764710963802
4356,0.25626065738886605,0.2965899530126531,0.44714938959848094
4357,0.26690713899470697,0.3001034976633202,0.43298936334197285
4358,0.07610199629320925,0.1736515136186926,0.7502464900880982
4359,0.2606014206566334,0.2934848620234444,0.44591371731992213
4360,0.23841196319530944,0.28119723840374544,0.4803907984009451
4361,0.25804824850909813,0.2936379209112219,0.44831383057968005
4362,0.18588585779525077,0.2664381835914207,0.5476759586133285
4363,0.07314401463217186,0.16244601927353194,0.7644099660942961
4364,0.15206389102392828,0.23696217931509772,0.610973929660974
4365,0.2850681049282059,0.302828659891415,0.41210323518037917
4366,0.19286550844518993,0.2731839769882709,0.5339505145665392
4367,0.23646347429621697,0.28226592520081517,0.4812706005029678
4368,0.30041482159115857,0.2992268158490182,0.40035836255982327
4369,0.4286986281371526,0.29831172498277914,0.27298964688006827
4370,0.38453405244591393,0.2865827407208867,0.3288832068331994
4371,0.33033083068309493,0.28869276127054144,0.3809764080463637
4372,0.23363202513998416,0.2824356106828617,0.48393236417715413
4373,0.16959914614781801,0.2695661237150012,0.5608347301371808
4374,0.27872333363351137,0.30300473764805796,0.4182719287184307
4375,0.30502025442036834,0.30207983014446116,0.39289991543517044
4376,0.20493038752669374,0.27461689247787724,0.520452719995429
4377,0.1448936377137261,0.2366345718550853,0.6184717904311887
4378,0.352433428623599,0.31474682906583323,0.3328197423105678
4379,0.27537636877444494,0.2967225716597219,0.4279010595658332
4380,0.2596850253542585,0.2755041231189105,0.46481085152683094
4381,0.261575949727357,0.30296978655047374,0.43545426372216933
4382,0.4061668701558018,0.30672931032014744,0.28710381952405084
4383,0.16758833111445412,0.25072516014822555,0.5816865087373203
4384,0.23024476994519077,0.2706950526643748,0.4990601773904344
4385,0.08950937918460974,0.19805403480959966,0.7124365860057906
4386,0.18363434322716646,0.26773117188678863,0.5486344848860449
4387,0.12952995808911677,0.23868567916796443,0.6317843627429189
4388,0.09527192466591476,0.19692381566747202,0.7078042596666132
4389,0.18887094678339475,0.2732676063148967,0.5378614469017086
4390,0.2793465937457193,0.2954918537153769,0.4251615525389039
4391,0.2619617036242888,0.3064949037908645,0.4315433925848466
4392,0.4424834431461796,0.2994324217861066,0.2580841350677138
4393,0.23619110766457965,0.28198777076525616,0.4818211215701642
4394,0.2080234513013898,0.2768108454330146,0.5151657032655956
4395,0.15555553420748752,0.24514029114812813,0.5993041746443845
4396,0.3459717685731212,0.27873600525379444,0.3752922261730844
4397,0.39223889539430135,0.299324369625273,0.3084367349804257
4398,0.2895294575342559,0.29897633381989186,0.41149420864585223
4399,0.08775668113629673,0.19549929272311947,0.7167440261405839
4400,0.14310611837047643,0.2387237648673794,0.6181701167621443
4401,0.28304004034627617,0.2809329937080228,0.43602696594570106
4402,0.30620077372133997,0.29419817873623755,0.39960104754242254
4403,0.1583432015025476,0.2606514702507082,0.5810053282467443
4404,0.1216890147816432,0.2206666386428174,0.6576443465755395
4405,0.2666413876144379,0.29287775696375157,0.4404808554218106
4406,0.16471160290983552,0.23511531499059304,0.6001730820995714
4407,0.24755880499495736,0.28444857825437964,0.467992616750663
4408,0.3065017973263413,0.2882286756343157,0.40526952703934305
4409,0.21019557739890926,0.2800829917826137,0.5097214308184771
4410,0.2967457186489527,0.29883632665458765,0.4044179546964597
4411,0.2484973634784093,0.28494293767607387,0.4665596988455169
4412,0.10562902477605433,0.21334591605490177,0.6810250591690439
4413,0.26609962080883653,0.28472709719505485,0.4491732819961086
4414,0.4006007259534667,0.29741076646484216,0.30198850758169116
4415,0.40829416419100706,0.2905550003932094,0.3011508354157835
4416,0.2561917212566954,0.2899333939683756,0.45387488477492893
4417,0.3397535080361206,0.3122560574768382,0.3479904344870412
4418,0.365516759462333,0.31342626788717765,0.3210569726504895
4419,0.29491948097353266,0.2872842867283213,0.4177962322981461
4420,0.23476689600838058,0.28399859628017343,0.48123450771144594
4421,0.23936719169257553,0.2954883578538229,0.46514445045360164
4422,0.2707436115193588,0.2848916299652672,0.4443647585153741
4423,0.31770589154798173,0.3011683788057436,0.38112572964627467
4424,0.16663532821400384,0.25430548622715027,0.579059185558846
4425,0.2641849356687862,0.28514291158674093,0.45067215274447286
4426,0.34414664591924937,0.3144970653533473,0.34135628872740326
4427,0.09248594001450186,0.19104282908448242,0.7164712309010157
4428,0.30793625195543983,0.2897037372375094,0.40236001080705075
4429,0.23806449139370756,0.2886305049410831,0.47330500366520944
4430,0.1445222780161229,0.22492852005641933,0.6305492019274578
4431,0.10490970704960517,0.2180929845281183,0.6769973084222766
4432,0.14108081490367702,0.2483067088554154,0.6106124762409076
4433,0.22684722082563108,0.2788268955374825,0.4943258836368865
4434,0.33738203950006285,0.29839031886698875,0.3642276416329484
4435,0.19242964573923854,0.2744485666730463,0.5331217875877152
4436,0.18799153980775016,0.24581013434162893,0.5661983258506209
4437,0.43426871199735784,0.291247218497886,0.27448406950475623
4438,0.40265186971158046,0.3059722885059227,0.291375841782497
4439,0.3276191117287401,0.2784594858436295,0.3939214024276304
4440,0.23518321655443425,0.29137106534591445,0.47344571809965136
4441,0.2752853657249558,0.28312542529899504,0.4415892089760491
4442,0.3472983017045318,0.294368054497473,0.35833364379799526
4443,0.1410922164505039,0.235014848846581,0.6238929347029152
4444,0.16060652662325345,0.22603182293483998,0.6133616504419066
4445,0.19424423536970653,0.25532080862376366,0.5504349560065298
4446,0.3323819392495698,0.30353003948701257,0.3640880212634176
4447,0.3865194000087391,0.3059766541256247,0.30750394586563634
4448,0.09159108312107359,0.20602796009219873,0.7023809567867276
4449,0.1862821893416014,0.27142817980147166,0.5422896308569269
4450,0.16930905145309824,0.25146612040479804,0.5792248281421037
4451,0.17653905110868623,0.26495007856409397,0.5585108703272198
4452,0.11092708490669337,0.2052618320289195,0.6838110830643871
4453,0.13919298069293135,0.22139026227365047,0.6394167570334182
4454,0.17487511467388211,0.2516788332523619,0.573446052073756
4455,0.3084963410035753,0.30835206847206376,0.38315159052436093
4456,0.27235040088431756,0.2891434325560833,0.4385061665595991
4457,0.34375900492671685,0.3054035993904195,0.3508373956828637
4458,0.12057321149264813,0.20290652010567914,0.6765202684016728
4459,0.46567053348459886,0.2785420917413033,0.25578737477409785
4460,0.33924978882443635,0.2843862697693261,0.3763639414062375
4461,0.3488397640664203,0.30227241035149854,0.3488878255820812
4462,0.4172747432359264,0.3084867358425259,0.27423852092154777
4463,0.16902968456584397,0.26446773881720786,0.5665025766169483
4464,0.21693255986454657,0.25336971841045886,0.5296977217249946
4465,0.23779319964759676,0.2678573108660687,0.49434948948633445
4466,0.17173512723745044,0.2593803807452076,0.5688844920173419
4467,0.20414760079975522,0.28000625197976103,0.5158461472204837
4468,0.13801774298825092,0.22685320073410517,0.6351290562776439
4469,0.2805119754133653,0.30795644557546376,0.41153157901117104
4470,0.1327731879206072,0.22867705158773025,0.6385497604916626
4471,0.19826651350468555,0.27207065993033075,0.5296628265649836
4472,0.17520875356982227,0.2505430049949673,0.5742482414352105
4473,0.3120039581933762,0.28682922979990233,0.4011668120067215
4474,0.5196870944516362,0.2920978067120227,0.18821509883634113
4475,0.19453146977795094,0.274617557031801,0.5308509731902481
4476,0.17903775004236297,0.27408123699933956,0.5468810129582975
4477,0.09897733165958712,0.1943719810854923,0.7066506872549205
4478,0.1039315337482154,0.21505521284190504,0.6810132534098795
4479,0.14822559752133618,0.23289147118734127,0.6188829312913225
4480,0.3041716766787699,0.29940085146725454,0.3964274718539757
4481,0.32300535241576833,0.3041466667119775,0.37284798087225424
4482,0.2441260352803917,0.2660393043856665,0.48983466033394185
4483,0.34229458079972463,0.2980929860326373,0.35961243316763813
4484,0.35706535190670674,0.29861307356936206,0.3443215745239313
4485,0.3226528056726607,0.3118214066061459,0.3655257877211935
4486,0.2597001236040919,0.29349467319436406,0.44680520320154404
4487,0.24395925104003807,0.26310593571777147,0.49293481324219046
4488,0.29088770234475725,0.30304099946883745,0.4060712981864053
4489,0.1648000612503268,0.2639941615948781,0.571205777154795
4490,0.21399426541777386,0.26541659348462604,0.5205891410976001
4491,0.42115060335323884,0.29945448160416055,0.2793949150426006
4492,0.39986378589123694,0.2923138064137689,0.3078224076949941
4493,0.32191370907231914,0.2918025213254942,0.3862837696021867
4494,0.15633377338262375,0.24716318553303235,0.5965030410843439
4495,0.12037433900580201,0.21973152631422907,0.6598941346799689
4496,0.47793236465115996,0.2820530046732145,0.24001463067562567
4497,0.3514790449954062,0.287659983129292,0.3608609718753018
4498,0.1410631107316905,0.23915955294108426,0.6197773363272253
4499,0.1527895769026939,0.23023036406044112,0.616980059036865
4500,0.10015816520845618,0.21505736699453823,0.6847844677970055
4501,0.3054755287921108,0.2895467469704007,0.4049777242374885
4502,0.35217269661454476,0.31080871430784884,0.33701858907760635
4503,0.1871976539426258,0.2650791016303752,0.547723244426999
4504,0.13717109272294037,0.23491835157512794,0.6279105557019318
4505,0.3373832441032428,0.29974444774547193,0.36287230815128535
4506,0.11939945750484052,0.21674918672237467,0.6638513557727848
4507,0.1925629993986237,0.23747852819571383,0.5699584724056626
4508,0.3587596568905024,0.2855718076645311,0.35566853544496657
4509,0.21536041498449485,0.27839253639988326,0.506247048615622
4510,0.15797734116251308,0.25139829990333246,0.5906243589341544
4511,0.37410837828694204,0.3034501072908394,0.3224415144222186
4512,0.23482673610633498,0.26980771285459026,0.49536555103907476
4513,0.429690259247118,0.2886417971922793,0.2816679435606027
4514,0.46651493583116044,0.29686373892689727,0.2366213252419424
4515,0.11751432088656528,0.21784077656512876,0.6646449025483059
4516,0.28062672975380976,0.2844838024956054,0.4348894677505849
4517,0.40806709649390116,0.30012889942382,0.2918040040822789
4518,0.35143818426841195,0.30045129342353527,0.3481105223080529
4519,0.560667650508147,0.2708153156736097,0.16851703381824326
4520,0.13552137277609294,0.22722022237424624,0.6372584048496609
4521,0.23968490648664376,0.29116431016994004,0.4691507833434162
4522,0.1983441511838605,0.2615675597695234,0.5400882890466161
4523,0.2203661436263563,0.2740914812427272,0.5055423751309165
4524,0.16039827464440917,0.25211644715021675,0.5874852782053741
4525,0.1248194298469005,0.23005659120370966,0.6451239789493898
4526,0.19858513731956512,0.2646934427305949,0.53672141994984
4527,0.2758034296354016,0.2757801737939577,0.4484163965706407
4528,0.11185393965449723,0.20988520569790353,0.6782608546475993
4529,0.1823585642126846,0.2581751074825359,0.5594663283047795
4530,0.25988308406825267,0.28578934444667137,0.45432757148507597
4531,0.34247756656015177,0.30785699290233365,0.3496654405375146
4532,0.28656963385582596,0.30402940523457456,0.4094009609095996
4533,0.1677849071795364,0.2500422155215357,0.5821728772989279
4534,0.25368323223723094,0.28191474780118037,0.4644020199615887
4535,0.2912411660788267,0.28915794441589393,0.41960088950527935
4536,0.2539567827479415,0.28686700733398574,0.4591762099180728
4537,0.2797122998851691,0.2915774999066379,0.428710200208193
4538,0.36943463886099526,0.29513596087991434,0.3354294002590904
4539,0.16575583900935079,0.25110318791040415,0.5831409730802452
4540,0.3506398271257943,0.2873768163700559,0.36198335650414987
4541,0.48974752983770287,0.2759580320657633,0.23429443809653386
4542,0.11134667807720258,0.21213283478325548,0.6765204871395419
4543,0.2935423454941312,0.29069527148187646,0.41576238302399243
4544,0.45543521173745816,0.3023872552008401,0.24217753306170164
4545,0.3706170566012517,0.296286758368787,0.3330961850299613
4546,0.21509312648128825,0.2718434634107131,0.5130634101079987
4547,0.23959230161135348,0.2834018753898692,0.47700582299877736
4548,0.1591638243393514,0.2578779086540393,0.5829582670066092
4549,0.16096473627684377,0.2403809738124479,0.5986542899107083
4550,0.16541742512117857,0.248202385047834,0.5863801898309875
4551,0.21492970105586012,0.26635300571056797,0.5187172932335719
4552,0.18735671756393568,0.25116014466119296,0.5614831377748714
4553,0.3010751064471296,0.302503115766406,0.3964217777864644
4554,0.11434981311063744,0.20137033272262833,0.6842798541667342
4555,0.27990220356455575,0.29576434111481864,0.4243334553206256
4556,0.25377806272570286,0.2888475275471247,0.4573744097271725
4557,0.32105957751453673,0.29904906914983564,0.37989135333562773
4558,0.12262545505976012,0.2197738284754566,0.6576007164647832
4559,0.19860910180491825,0.2713066445812233,0.5300842536138586
4560,0.19622496090198813,0.27964511933141745,0.5241299197665944
4561,0.2422972990158748,0.2775832887079325,0.48011941227619276
4562,0.2942799929374682,0.297122815532577,0.4085971915299547
4563,0.1404907035201241,0.24262766214296488,0.6168816343369111
4564,0.2031985914589928,0.2577441587814532,0.539057249759554
4565,0.2208059252389603,0.2732399734864681,0.5059541012745716
4566,0.21245772938891688,0.2732241212042356,0.5143181494068475
4567,0.32549034262426824,0.3004684057072576,0.37404125166847424
4568,0.21407747106340697,0.26974942044300204,0.516173108493591
4569,0.28866729830926363,0.3023628853168901,0.40896981637384633
4570,0.15814832168126775,0.25039569591978134,0.591455982398951
4571,0.13450179468933895,0.23596744394646335,0.6295307613641977
4572,0.26204939349975265,0.2744409592791823,0.4635096472210651
4573,0.2579264621667638,0.2874183562508736,0.4546551815823627
4574,0.18383526187749427,0.26381170004239385,0.5523530380801118
4575,0.304816339077315,0.3013963972492946,0.39378726367339045
4576,0.39971890531626225,0.3075294268049258,0.29275166787881196
4577,0.4134876951512199,0.28176937790806245,0.3047429269407177
4578,0.26518629587172793,0.2885564596806668,0.4462572444476053
4579,0.3420517153872458,0.2899007480022163,0.3680475366105379
4580,0.2869320966957033,0.3072451458353412,0.4058227574689555
4581,0.21429616296874715,0.2728030498982378,0.5129007871330151
4582,0.20077079034935502,0.2717445882126717,0.5274846214379734
4583,0.22472061018611633,0.27749923754865274,0.4977801522652309
4584,0.365156643879886,0.2846631924861335,0.3501801636339806
4585,0.20536234544635742,0.27932654066671925,0.5153111138869234
4586,0.19464523146337936,0.26608376137486356,0.539271007161757
4587,0.2531728748151307,0.29438360476464165,0.4524435204202277
4588,0.1818000678891071,0.24485162811045677,0.5733483040004362
4589,0.23531656976366433,0.2833596042796921,0.4813238259566436
4590,0.22442333254884578,0.28382392210959395,0.4917527453415603
4591,0.2578609263790203,0.2941115969274411,0.4480274766935387
4592,0.3133153432422917,0.2928485462731824,0.39383611048452577
4593,0.18032568835405624,0.2791961219906559,0.5404781896552879
4594,0.27290885600363585,0.3013136290157538,0.42577751498061034
4595,0.09833376685215955,0.19987645292182868,0.7017897802260118
4596,0.3238286249265347,0.28570930794663435,0.39046206712683096
4597,0.321761212997963,0.29791859863984343,0.38032018836219345
4598,0.2011712621715711,0.2727587254903458,0.526070012338083
4599,0.1313160750503619,0.24028703591106632,0.6283968890385718
4600,0.4673791756826914,0.27441446930896884,0.2582063550083397
4601,0.31080516238254324,0.3053956708203932,0.3837991667970636
4602,0.31121912490021597,0.30289586710128164,0.38588500799850245
4603,0.29665599581321794,0.28548031423650344,0.4178636899502787
4604,0.16454376324777342,0.25376300615030145,0.5816932306019252
4605,0.20094141786374548,0.2654209059059477,0.5336376762303068
4606,0.3221186597170511,0.3096797561688361,0.36820158411411286
4607,0.2531817378362369,0.2830112800632066,0.46380698210055654
4608,0.24011746022942387,0.2845473688128675,0.4753351709577087
4609,0.1083942925162947,0.2227693394886289,0.6688363679950764
4610,0.3216501522736844,0.30775654878349556,0.3705932989428201
4611,0.26771185444033246,0.28036702580043243,0.45192111975923516
4612,0.33977775633824986,0.30884146676238383,0.3513807768993663
4613,0.21023435400770926,0.2797739904112127,0.5099916555810781
4614,0.1534109265215386,0.2418957700811292,0.6046933033973323
4615,0.18372285879124728,0.2643520386112845,0.5519251025974683
4616,0.11313801653541933,0.2167972756537988,0.6700647078107819
4617,0.25592365225727853,0.2834034308039087,0.4606729169388129
4618,0.30064773337687906,0.29091012771682156,0.4084421389062995
4619,0.2144989232113878,0.2875336984790966,0.4979673783095155
4620,0.23343583754345892,0.28064210086306424,0.48592206159347684
4621,0.29498820009149634,0.31025682353495726,0.3947549763735464
4622,0.15550527924720658,0.2503936105254246,0.5941011102273689
4623,0.3100592746768435,0.2992633811373797,0.3906773441857769
4624,0.17882705713935226,0.25962648376993147,0.5615464590907162
4625,0.4188679058522903,0.30241982156933445,0.2787122725783752
4626,0.40316391980258703,0.285357739241885,0.31147834095552795
4627,0.21614035480433821,0.268260330826912,0.5155993143687498
4628,0.3731318029566963,0.29614383332736866,0.330724363715935
4629,0.12725637571462228,0.23950864730172325,0.6332349769836545
4630,0.25014023517016687,0.29405733036430504,0.4558024344655282
4631,0.27912059462833677,0.29272178043150376,0.42815762494015946
4632,0.22840316993133203,0.28052876006652033,0.49106807000214764
4633,0.11483547240314411,0.2142592802097383,0.6709052473871177
4634,0.3694912909139134,0.30609149016517223,0.3244172189209144
4635,0.22349008232438025,0.27220749648175313,0.5043024211938667
4636,0.17912382539565452,0.2572792740011736,0.5635969006031719
4637,0.2515075825524394,0.2915107154801254,0.45698170196743515
4638,0.2691611729796233,0.2962783717359333,0.4345604552844434
4639,0.15304772003081735,0.25524718461487994,0.5917050953543028
4640,0.32400862760472265,0.3111441799387286,0.3648471924565488
4641,0.2083170157558979,0.27959977173239936,0.5120832125117029
4642,0.2056345305914535,0.2749180970999108,0.5194473723086358
4643,0.16003050655738912,0.2521623020240928,0.5878071914185181
4644,0.3823690932196633,0.3032288202981896,0.31440208648214707
4645,0.36176236375130794,0.3046776154198313,0.33356002082886077
4646,0.17094636061244667,0.24201096204234548,0.587042677345208
4647,0.21509620634498475,0.26556166999487596,0.5193421236601393
4648,0.17801627082487909,0.25123751767910524,0.5707462114960157
4649,0.19991499137114244,0.27581346959691094,0.5242715390319466
4650,0.1839589322899737,0.26460444369873093,0.5514366240112955
4651,0.21729902069230866,0.2710545980017989,0.5116463813058925
4652,0.21524851728686273,0.29229466530137427,0.49245681741176306
4653,0.2546518125003609,0.27311215775664416,0.47223602974299494
4654,0.40501525690574247,0.29817136877799644,0.29681337431626115
4655,0.1980462407038793,0.2664953541297737,0.535458405166347
4656,0.24955964933110603,0.29743208113077185,0.4530082695381222
4657,0.1409799712163789,0.2379252170894664,0.6210948116941548
4658,0.2693513375689937,0.30371115369350765,0.42693750873749864
4659,0.30639742905338724,0.30011760365081824,0.3934849672957945
4660,0.13296416580173676,0.23197264760663713,0.6350631865916261
4661,0.36078903943635254,0.3179144594290949,0.32129650113455266
4662,0.38037699901080047,0.30382057935152934,0.31580242163767025
4663,0.29574021768470393,0.3009485924560208,0.4033111898592754
4664,0.16496044453488243,0.2541373463658555,0.580902209099262
4665,0.1294334354723297,0.2269865414937954,0.643580023033875
4666,0.29855705739367516,0.2990483942069793,0.4023945483993455
4667,0.20756608269724935,0.2687919319441892,0.5236419853585614
4668,0.15106489301425927,0.25511101734247454,0.5938240896432662
4669,0.20271585083503824,0.2772609057534079,0.5200232434115539
4670,0.3674911741013079,0.3023147911252013,0.33019403477349085
4671,0.17169033064272948,0.26209163304349486,0.5662180363137758
4672,0.2394419817986165,0.30222122362743453,0.45833679457394894
4673,0.20727360400467515,0.2666309327826732,0.5260954632126517
4674,0.16755471851289613,0.25944355002252645,0.5730017314645774
4675,0.12632315587913676,0.2162702515059285,0.6574065926149348
4676,0.17280647384792278,0.25880138581788587,0.5683921403341914
4677,0.3671389479540356,0.2978331259169578,0.33502792612900667
4678,0.27085058779870297,0.28864447388273323,0.4405049383185639
4679,0.22939624941096376,0.29329927670238354,0.47730447388665265
4680,0.18302350425953215,0.27003094739884836,0.5469455483416196
4681,0.22023406299940787,0.28028338271634917,0.49948255428424304
4682,0.2254591888380045,0.28923511777541266,0.48530569338658286
4683,0.14385955379345788,0.2381625598802008,0.6179778863263413
4684,0.2715066114525192,0.3169295509969249,0.41156383755055587
4685,0.5114870283233971,0.2753973188914659,0.21311565278513706
4686,0.12778763623111106,0.22451087621067148,0.6477014875582174
4687,0.2225343011490204,0.2700536173010431,0.5074120815499364
4688,0.2929406827382314,0.29993928547606064,0.40712003178570805
4689,0.30711466267488474,0.2995751756972981,0.3933101616278173
4690,0.3055628172120586,0.2982434413155605,0.3961937414723809
4691,0.1812972462018314,0.2636994265391881,0.5550033272589806
4692,0.265748826730016,0.30411174663372653,0.4301394266362575
4693,0.17310567756561962,0.2691812603684113,0.5577130620659692
4694,0.08530913644098548,0.19721725573035895,0.7174736078286555
4695,0.31634270493549294,0.30010600288997824,0.38355129217452893
4696,0.1931576532748315,0.25536593528850704,0.5514764114366615
4697,0.46186920374664603,0.29680529983579257,0.24132549641756146
4698,0.13373752792850385,0.22420571332276035,0.6420567587487358
4699,0.2929351179456024,0.30473153041191947,0.40233335164247813
4700,0.37451874607586744,0.300247864595461,0.3252333893286716
4701,0.3241387842110063,0.31031710275455354,0.36554411303444007
4702,0.4201192157631171,0.2819716102236261,0.29790917401325673
4703,0.33303359128383003,0.30470399601395604,0.36226241270221393
4704,0.1503736510238957,0.2509882439198695,0.5986381050562348
4705,0.3901012399753917,0.30847107591273726,0.3014276841118711
4706,0.19216860794880966,0.2769717685979583,0.5308596234532321
4707,0.2894547146412806,0.2900795684706252,0.4204657168880942
4708,0.1659583276007433,0.2552105023035322,0.5788311700957245
4709,0.27810670263614445,0.2907756896547154,0.43111760770914015
4710,0.14352036648063612,0.23140129207263965,0.6250783414467244
4711,0.10726987607003871,0.21762920591253324,0.6751009180174281
4712,0.2198590447978328,0.2806919402215443,0.4994490149806229
4713,0.10678889880119576,0.22208999257303041,0.6711211086257738
4714,0.14502286002982498,0.2441598015566989,0.6108173384134762
4715,0.15260869906538865,0.22273775433442497,0.6246535466001863
4716,0.19119254189650153,0.2690573381163114,0.5397501199871871
4717,0.40215472763689586,0.30063890975506036,0.2972063626080438
4718,0.1633947916293357,0.25299644816163147,0.5836087602090329
4719,0.2702052440814672,0.2968777158945509,0.43291704002398196
4720,0.26620513162749904,0.28412873473868905,0.44966613363381197
4721,0.19705387385882314,0.28092526502383863,0.5220208611173383
4722,0.20080371906440203,0.25201239476837506,0.5471838861672229
4723,0.4701082424779335,0.2925334892116104,0.2373582683104561
4724,0.44029769207965586,0.2923219042574937,0.2673804036628504
4725,0.2360644830671766,0.287278992661687,0.4766565242711365
4726,0.17718457409736327,0.25599908980094993,0.5668163361016869
4727,0.2810307692765945,0.2921122961044897,0.42685693461891583
4728,0.14499916420776965,0.229223798617246,0.6257770371749845
4729,0.16068168774399955,0.2431654529138819,0.5961528593421186
4730,0.31629944218857153,0.30366075639417894,0.3800398014172496
4731,0.18430884933086988,0.26867762567049935,0.5470135249986308
4732,0.10632833420550314,0.2080013146111767,0.6856703511833201
4733,0.36635563522582526,0.28616512282511536,0.3474792419490595
4734,0.10920385462609443,0.20856525691444108,0.6822308884594646
4735,0.12116532440745617,0.22593539144549232,0.6528992841470516
4736,0.41305417432500713,0.31900162189754105,0.2679442037774519
4737,0.2719565242474536,0.28819044568064783,0.4398530300718987
4738,0.20369468276967823,0.2706405243200536,0.5256647929102682
4739,0.4210995650546373,0.30069240100299577,0.27820803394236704
4740,0.15925134634452617,0.24670602368047065,0.5940426299750032
4741,0.2584816152478354,0.30044764765799425,0.4410707370941703
4742,0.1816071197681218,0.2547166288816144,0.5636762513502639
4743,0.22120018841539082,0.2655122789366632,0.513287532647946
4744,0.36064646353077434,0.29114201294597875,0.34821152352324686
4745,0.31554806748890557,0.29130658062968534,0.39314535188140914
4746,0.2943038972713695,0.2914060631280778,0.4142900396005528
4747,0.3354511734667656,0.29978082709209286,0.3647679994411416
4748,0.2861156159352842,0.282477753004036,0.43140663106067983
4749,0.1959795979173077,0.2675644663743456,0.5364559357083467
4750,0.18244429161808684,0.27241037229980924,0.545145336082104
4751,0.13514450819109133,0.22197277602055349,0.6428827157883552
4752,0.28597242795043926,0.2988514770085931,0.41517609504096764
4753,0.3018614027964485,0.29110786384828646,0.407030733355265
4754,0.4386954667358662,0.29807518279368,0.26322935047045387
4755,0.22607715596327155,0.26215718096840446,0.511765663068324
4756,0.0680445956173637,0.16409313306139697,0.7678622713212393
4757,0.08652499324465299,0.17310132511401682,0.7403736816413302
4758,0.16621822855653012,0.25989583299007857,0.5738859384533914
4759,0.17237559374299022,0.23732626166626147,0.5902981445907484
4760,0.22856993296742406,0.274432557812221,0.496997509220355
4761,0.10110164532323346,0.19494444231184946,0.7039539123649171
4762,0.3198120901312424,0.27874033750687605,0.40144757236188167
4763,0.41153945563450733,0.30096590966465353,0.28749463470083925
4764,0.25780170392974117,0.28751574083479364,0.4546825552354652
4765,0.3511933232988157,0.2774156527117744,0.37139102398940993
4766,0.15020757982176616,0.24400029970846043,0.6057921204697734
4767,0.2972539526821678,0.28416510030383474,0.41858094701399756
4768,0.2240960041530354,0.26776363878710074,0.5081403570598639
4769,0.25188709457158515,0.28603663237232935,0.46207627305608556
4770,0.13607891522970159,0.2249975216900693,0.6389235630802291
4771,0.264484908457203,0.29255502062311434,0.4429600709196827
4772,0.15109114996971437,0.22848627208993672,0.6204225779403489
4773,0.15112548534675518,0.22927355318188947,0.6196009614713555
4774,0.5901980669378606,0.2530074253316903,0.15679450773044912
4775,0.2777461390569703,0.28198814699734454,0.4402657139456851
4776,0.24280792632968723,0.2842501173455684,0.47294195632474445
4777,0.2861516447660748,0.2913034100692683,0.4225449451646569
4778,0.21885278176426642,0.2644990314177889,0.5166481868179448
4779,0.3170235617988817,0.2856881551002784,0.39728828310084
4780,0.20285477707227412,0.24750321143140153,0.5496420114963244
4781,0.2946346330828179,0.2951562655192346,0.4102091013979476
4782,0.07743585194529964,0.17839393866355618,0.7441702093911442
4783,0.11156988997969577,0.21396906689701128,0.674461043123293
4784,0.07476958234722383,0.15697658572369527,0.7682538319290809
4785,0.21593434402262773,0.2754870874730049,0.5085785685043674
4786,0.38766762199653526,0.3018568391526738,0.310475538850791
4787,0.1402665417110958,0.22468977165542897,0.6350436866334752
4788,0.4027576554208555,0.29577707447171997,0.30146527010742463
4789,0.2939555001679152,0.28601835759586897,0.42002614223621587
4790,0.3142659763212387,0.28898413330667616,0.39674989037208513
4791,0.17138810033872182,0.2522783601567083,0.5763335395045699
4792,0.3744458305241357,0.3047370774648488,0.3208170920110155
4793,0.39241316302406093,0.2923582050612941,0.315228631914645
4794,0.28884040415114587,0.27854460689170885,0.4326149889571453
4795,0.13892239017673055,0.23143450603350052,0.629643103789769
4796,0.4312357297139526,0.28732720718506827,0.28143706310097916
4797,0.3361366274000119,0.2952522600241474,0.3686111125758407
4798,0.2054498335900235,0.2606826860818975,0.5338674803280791
4799,0.4793207040600075,0.27794433050314205,0.24273496543685041
4800,0.1520008831584624,0.25639073340189683,0.5916083834396408
4801,0.12343536767297292,0.2264410475186927,0.6501235848083344
4802,0.170549860651254,0.2369624638217927,0.5924876755269534
4803,0.09061526409201222,0.18507343022485712,0.7243113056831307
4804,0.3673451465513294,0.30428431338193185,0.3283705400667388
4805,0.22630783044447353,0.2835415349999318,0.4901506345555947
4806,0.2084526026162159,0.265469998474196,0.5260773989095882
4807,0.3128702344796526,0.2953337325425308,0.3917960329778166
4808,0.31344700331040354,0.29545912626724874,0.3910938704223478
4809,0.32714311284914027,0.309862155296558,0.36299473185430187
4810,0.14522500665016747,0.22435483728303113,0.6304201560668015
4811,0.30379661229250277,0.28694082283420735,0.40926256487328994
4812,0.2566776879971161,0.29059316440264127,0.4527291476002427
4813,0.28296176135696816,0.2839625492450286,0.4330756893980033
4814,0.27465170562634633,0.299993517977877,0.42535477639577673
4815,0.37862201663326933,0.30038133222064395,0.3209966511460868
4816,0.2038321033430038,0.2649947610343486,0.5311731356226477
4817,0.4192543904910727,0.2875118135551605,0.29323379595376686
4818,0.28056349225197164,0.31176115965291523,0.40767534809511313
4819,0.22649630977811847,0.2864053323438229,0.4870983578780586
4820,0.08753197458633097,0.18988417509482047,0.7225838503188485
4821,0.13666812516640384,0.2286113731024612,0.6347205017311349
4822,0.23941245160910868,0.28274493768125913,0.4778426107096322
4823,0.05173317516912644,0.14735240187961057,0.800914422951263
4824,0.09449108206596206,0.18557646032829336,0.7199324576057446
4825,0.39560442283347363,0.2890576224571468,0.31533795470937964
4826,0.2307926960232407,0.27736718208961014,0.4918401218871491
4827,0.3201674560879435,0.3017360058978504,0.37809653801420623
4828,0.30920515010934185,0.2892517302235505,0.4015431196671077
4829,0.25161964101543355,0.28217472118705644,0.46620563779751006
4830,0.31841680013620194,0.3023347883771612,0.3792484114866369
4831,0.2629181483632892,0.28967367175343806,0.4474081798832727
4832,0.12782116924692097,0.23343492432489027,0.6387439064281888
4833,0.3358870570313037,0.29496764564755446,0.3691452973211419
4834,0.2517356671531187,0.2840673597130047,0.4641969731338766
4835,0.11102500234691179,0.21866421229793587,0.6703107853551524
4836,0.2750003126769912,0.2705388333529533,0.4544608539700555
4837,0.28555369837782246,0.2969476886073755,0.417498613014802
4838,0.1196165807245441,0.217749657006092,0.6626337622693639
4839,0.23710583930600002,0.2793734140278922,0.48352074666610784
4840,0.24482521293777312,0.2871668265460528,0.46800796051617405
4841,0.3513594100169041,0.30242645800466594,0.3462141319784301
4842,0.2872452097220203,0.28851306626888185,0.4242417240090979
4843,0.2174256269914996,0.2581124707420189,0.5244619022664816
4844,0.21940493113893877,0.28070693261557433,0.49988813624548695
4845,0.1906546832999177,0.26245634682438174,0.5468889698757006
4846,0.30945065146946804,0.29331149995889383,0.3972378485716381
4847,0.248967362939225,0.2932415923293631,0.4577910447314118
4848,0.4120395544780759,0.2919682787736735,0.29599216674825074
4849,0.5318237215129069,0.2734849899159413,0.19469128857115198
4850,0.2547784067602691,0.2904563642576977,0.45476522898203325
4851,0.16166280646055822,0.2382317177662531,0.6001054757731887
4852,0.12417727244744818,0.2334474320168974,0.6423752955356544
4853,0.2672022467678891,0.27857409232302666,0.45422366090908434
4854,0.154506491839892,0.23365132716394843,0.6118421809961596
4855,0.19165344543458815,0.2743658628171902,0.5339806917482217
4856,0.10710864967043743,0.21027044386688903,0.6826209064626736
4857,0.22812764903853852,0.2795156941693005,0.49235665679216095
4858,0.22048514286548987,0.26731928124429405,0.5121955758902161
4859,0.05315835357728323,0.14232491443478562,0.8045167319879312
4860,0.1587398382434886,0.24478431244481716,0.5964758493116943
4861,0.2979834376118862,0.3092393599106644,0.3927772024774493
4862,0.23655586412942772,0.2907506753643803,0.47269346050619204
4863,0.23412934375719985,0.277171412130558,0.48869924411224214
4864,0.5963865825339841,0.2570843125087108,0.14652910495730506
4865,0.27090576936135913,0.2835146844996783,0.4455795461389626
4866,0.3439633889331867,0.30218823951109636,0.35384837155571697
4867,0.2248999050968655,0.2812006244337973,0.49389947046933724
4868,0.3076370432964463,0.2950739411000964,0.3972890156034573
4869,0.2030631422515768,0.2607094201058739,0.5362274376425493
4870,0.23794909455916985,0.27676528805360856,0.48528561738722154
4871,0.3280375356627013,0.30285886437219556,0.3691035999651032
4872,0.41048149229398295,0.2820785784835942,0.30743992922242297
4873,0.29963260201536546,0.3015405809230491,0.3988268170615855
4874,0.22235468280601012,0.29346444168797864,0.48418087550601124
4875,0.07228486011412462,0.16389351938144045,0.763821620504435
4876,0.43909389512405744,0.2915970789066007,0.2693090259693419
4877,0.15063208523616042,0.25016844312422076,0.5991994716396188
4878,0.23700774961404095,0.29543563108303117,0.46755661930292786
4879,0.16389250605454697,0.24141686961319078,0.5946906243322623
4880,0.1819664592753741,0.27540013522392676,0.5426334055006992
4881,0.14652157975553845,0.2510692054805099,0.6024092147639516
4882,0.365497009016751,0.2931774231833054,0.34132556779994355
4883,0.07990683718079203,0.16823695135381433,0.7518562114653937
4884,0.26867367044550416,0.3006847646402909,0.43064156491420497
4885,0.38649068242887985,0.294401590351999,0.31910772721912123
4886,0.15448033416155652,0.24061738172066538,0.6049022841177782
4887,0.6337831008090652,0.23195050418090207,0.1342663950100328
4888,0.49388421946272076,0.27973656281452847,0.22637921772275077
4889,0.33464343114779943,0.28037339724144683,0.38498317161075374
4890,0.07509122591088249,0.17026769227489633,0.7546410818142212
4891,0.08555126859312272,0.18815685210887628,0.7262918792980011
4892,0.45754245031337754,0.28388778387524005,0.2585697658113825
4893,0.19069306984221232,0.26241430559864104,0.5468926245591467
4894,0.3464434233330796,0.29212772579075996,0.3614288508761605
4895,0.47574234037339097,0.303173336604641,0.22108432302196798
4896,0.17867457965668557,0.25761925028928045,0.563706170054034
4897,0.2732905412494513,0.302413776714496,0.4242956820360528
4898,0.2593150373052385,0.3060129932180057,0.43467196947675585
4899,0.20585484285875433,0.2657012116505024,0.5284439454907434
4900,0.09898061040738063,0.18204148942030934,0.71897790017231
4901,0.14200279904359298,0.24417065678186695,0.6138265441745402
4902,0.17792900866505876,0.2514493499171594,0.5706216414177819
4903,0.13973400416425064,0.23307017082309284,0.6271958250126565
4904,0.3663432117583897,0.28718967238769305,0.3464671158539173
4905,0.1562020791831707,0.25428383943431654,0.5895140813825128
4906,0.15484655182585713,0.25239033998097987,0.592763108193163
4907,0.17278865313188177,0.2588807012701525,0.5683306455979658
4908,0.42284373013306525,0.26035927813198223,0.31679699173495257
4909,0.36283384088063303,0.3037628301255967,0.3334033289937703
4910,0.24084048947609787,0.27258196806947366,0.4865775424544285
4911,0.24795604523178447,0.2900571062754969,0.46198684849271865
4912,0.3528956177565187,0.3011333556909342,0.34597102655254713
4913,0.3075982778293573,0.30322896720582476,0.38917275496481796
4914,0.12118965179802184,0.20394961907218412,0.674860729129794
4915,0.34019976889395437,0.2986754738617362,0.3611247572443095
4916,0.4280672599517582,0.2989806224559529,0.2729521175922888
4917,0.29643853324191366,0.29726932060379696,0.4062921461542894
4918,0.29610085885678405,0.2727204740570669,0.43117866708614905
4919,0.33057293380827807,0.2944988562849196,0.37492820990680226
4920,0.2621490692719926,0.2898468581212287,0.4480040726067787
4921,0.2506782194569746,0.2809195713048606,0.4684022092381648
4922,0.2504030386000464,0.2877627957335786,0.4618341656663751
4923,0.3034163396614865,0.2944840303652386,0.4020996299732748
4924,0.08198545387245881,0.17302370584676424,0.744990840280777
4925,0.22530050433836946,0.2701353476271604,0.5045641480344703
4926,0.35159533558879713,0.28135604538618714,0.36704861902501573
4927,0.07889176153048975,0.1718746492669551,0.7492335892025552
4928,0.18901488318397275,0.2545952640245578,0.5563898527914695
4929,0.38732761036220764,0.2823614211646543,0.3303109684731382
4930,0.1855428298234267,0.24412425743089958,0.5703329127456737
4931,0.18267753034533807,0.24746094843611086,0.5698615212185512
4932,0.46080146209302963,0.2977013487709474,0.24149718913602292
4933,0.14403870961795973,0.24026175087094984,0.6156995395110905
4934,0.19364588119441142,0.2681627856962005,0.538191333109388
4935,0.2423406479881544,0.27674474449920744,0.4809146075126382
4936,0.3854770435069272,0.29086088963844753,0.32366206685462534
4937,0.4716684810053987,0.2786867049481826,0.24964481404641864
4938,0.3053351453184496,0.2873352936063582,0.4073295610751923
4939,0.34160456067953165,0.2872226090995806,0.3711728302208877
4940,0.2946141410121016,0.2952977933034656,0.41008806568443285
4941,0.1946415332060632,0.2696433210964223,0.5357151456975144
4942,0.2409742356325221,0.28180552327300695,0.4772202410944709
4943,0.2147477722909546,0.27201570179801593,0.5132365259110295
4944,0.35556152141586794,0.2999932548128624,0.3444452237712697
4945,0.24365584416761715,0.2950494185431768,0.46129473728920606
4946,0.4051245581949201,0.281965726401389,0.312909715403691
4947,0.14459487431586476,0.2347450161907536,0.6206601094933817
4948,0.2798050845890439,0.27311423658311484,0.4470806788278413
4949,0.2951555448637806,0.27812706513033614,0.4267173900058833
4950,0.11611919378996476,0.20802611163034462,0.6758546945796906
4951,0.332806562375431,0.2993032657476131,0.367890171876956
4952,0.2700003436884394,0.280625641373362,0.4493740149381987
4953,0.275761877531363,0.2734132957807122,0.4508248266879248
4954,0.12128680826397278,0.21153808071342492,0.6671751110226023
4955,0.28243044672192863,0.2995154527362514,0.4180541005418199
4956,0.20533843519373454,0.2674602754595417,0.5272012893467238
4957,0.1181715830747839,0.21961752577640534,0.6622108911488107
4958,0.43603010775867085,0.27799355200324716,0.28597634023808205
4959,0.2517088451768151,0.2905744019936941,0.45771675282949087
4960,0.23439289010328762,0.2737386392925029,0.4918684706042094
4961,0.1800769142353753,0.24650833858556803,0.5734147471790567
4962,0.25193840220526975,0.2773728703642212,0.47068872743050905
4963,0.31993618987450195,0.29858462037225564,0.38147918975324246
4964,0.24516240898126207,0.28272469293839764,0.4721128980803403
4965,0.23262204992955926,0.2646238919053376,0.5027540581651032
4966,0.2662915449206149,0.2957097393226379,0.4379987157567472
4967,0.4130532562580984,0.28737859749608274,0.2995681462458189
4968,0.2520738818523259,0.2980936337342988,0.4498324844133754
4969,0.20216084333178475,0.2740539760069022,0.5237851806613131
4970,0.24593991836696252,0.2790631348212333,0.4749969468118042
4971,0.36681214531994455,0.3031344632789819,0.3300533914010736
4972,0.19888427631418373,0.27325089112212736,0.527864832563689
4973,0.23107234313429947,0.25843883766662995,0.5104888191990705
4974,0.16735095100796252,0.24559884378533683,0.5870502052067007
4975,0.1776757268057501,0.2520889578974998,0.5702353152967501
4976,0.16905146790416384,0.2399895798903985,0.5909589522054377
4977,0.20261815189224186,0.25623055540730955,0.5411512927004486
4978,0.15881506818389024,0.24401989470468086,0.5971650371114289
4979,0.16319507703429836,0.26023345922621494,0.5765714637394868
4980,0.1656405268588792,0.23644951602662098,0.5979099571144999
4981,0.3309108699829958,0.2981601846562788,0.3709289453607255
4982,0.5141683672298645,0.2752604528391064,0.2105711799310291
4983,0.12592978807160635,0.2268361338989017,0.6472340780294921
4984,0.18298227610531118,0.25813460283752904,0.5588831210571599
4985,0.29650290349553754,0.27689516575380196,0.4266019307506604
4986,0.358288614082792,0.2736954898483136,0.3680158960688944
4987,0.14956542619298624,0.2520243516181539,0.5984102221888599
4988,0.26623086245275535,0.30199316925037123,0.43177596829687337
4989,0.2511965720462856,0.28948868076087786,0.4593147471928365
4990,0.2461448106514894,0.27993887495104974,0.47391631439746085
4991,0.1604041967129858,0.2288510047486847,0.6107447985383295
4992,0.32558929470503306,0.30450074467334476,0.36990996062162224
4993,0.14744296209125174,0.2397950669484298,0.6127619709603185
4994,0.363811033843661,0.2931002278341942,0.34308873832214476
4995,0.18733171505316562,0.2658754090942296,0.5467928758526048
4996,0.15088433678431823,0.22319484383452187,0.62592081938116
4997,0.32137578309424714,0.2947986358724797,0.3838255810332732
4998,0.3107451586004709,0.28942585390603115,0.399828987493498
4999,0.16317274806388798,0.24621878722378637,0.5906084647123258
5000,0.22364410974397594,0.2780986316771524,0.4982572585788717
5001,0.37567590737357537,0.3011455639897428,0.32317852863668184
5002,0.17970550134784252,0.2513328723537594,0.5689616262983981
5003,0.09328600760454818,0.1862350912960067,0.7204789010994451
5004,0.323174058957096,0.307078937112963,0.369747003929941
5005,0.297484598083452,0.28315426536099353,0.41936113655555446
5006,0.20275077715502682,0.2577908297944617,0.5394583930505115
5007,0.3129942043355528,0.29972399393764426,0.38728180172680304
5008,0.22214842434892684,0.2780770479627003,0.49977452768837294
5009,0.16468202623995346,0.24190774425778633,0.5934102295022603
5010,0.3423696491915962,0.30513597007112503,0.3524943807372788
5011,0.3154122706352527,0.29852745809380765,0.3860602712709397
5012,0.1692225066700293,0.26042773559058585,0.5703497577393849
5013,0.2929708891896289,0.2854541026126204,0.42157500819775073
5014,0.44625550718777357,0.29556134457347827,0.2581831482387482
5015,0.26681435249576735,0.2805229309430939,0.4526627165611388
5016,0.24787288321814574,0.2799531030314356,0.4721740137504186
5017,0.2949402650333292,0.3073970130343374,0.3976627219323334
5018,0.19496976411319497,0.2664629470618314,0.5385672888249736
5019,0.17915638233094025,0.2557264048851665,0.5651172127838933
5020,0.24386386434233842,0.2833354228202846,0.47280071283737696
5021,0.18463919081517716,0.2732865965747303,0.5420742126100925
5022,0.35035661935252305,0.2984301088338507,0.3512132718136264
5023,0.2218877823419075,0.2725373108244629,0.5055749068336297
5024,0.486312916410972,0.2753465650027217,0.23834051858630628
5025,0.14415162443321833,0.23744707246502977,0.6184013031017519
5026,0.23073557987047577,0.2859444479075948,0.48331997222192946
5027,0.3722344710440708,0.30217683750924296,0.32558869144668623
5028,0.2879133292244019,0.27870095564161235,0.4333857151339858
5029,0.31764550932917635,0.2999491549071593,0.3824053357636644
5030,0.18502262658983276,0.2523935160162177,0.5625838573939497
5031,0.10972969423931507,0.20241485134302312,0.6878554544176618
5032,0.338701466367647,0.3005639571041795,0.36073457652817353
5033,0.24057585305244303,0.3019168026957762,0.4575073442517808
5034,0.22361838549967547,0.2731355819419189,0.5032460325584056
5035,0.15751254440442897,0.2515361053767255,0.5909513502188456
5036,0.2397109422014692,0.2786331302821572,0.4816559275163736
5037,0.3490171249925783,0.2991065792736224,0.3518762957337994
5038,0.27244737634127414,0.29584830402108564,0.4317043196376402
5039,0.3067099757358124,0.2855586582496575,0.40773136601453025
5040,0.24689938367182904,0.2977654302119827,0.45533518611618834
5041,0.14588626607572647,0.2402186555919307,0.6138950783323429
5042,0.17507154516500162,0.2502792525765445,0.5746492022584538
5043,0.34652386989781936,0.2826526536429976,0.3708234764591831
5044,0.42820676855995643,0.30893029811797784,0.26286293332206573
5045,0.19826315514978013,0.2591416937097958,0.5425951511404241
5046,0.4091650754912497,0.293181797105807,0.2976531274029434
5047,0.34790923722324757,0.2994514314704064,0.352639331306346
5048,0.24453214563489234,0.29703628044416525,0.45843157392094247
5049,0.20929475969841635,0.2778769420558894,0.5128282982456943
5050,0.21311180577692596,0.2813503943726915,0.5055377998503825
5051,0.31494262977714227,0.291605688630162,0.3934516815926957
5052,0.3291142031608585,0.29626770315536344,0.3746180936837781
5053,0.20833134551331148,0.26839693659083264,0.5232717178958559
5054,0.10517408216342801,0.20588928163668566,0.6889366361998863
5055,0.14613265948579002,0.22514340052595078,0.6287239399882593
5056,0.17098949228349436,0.2501514799747197,0.578859027741786
5057,0.20187549030973484,0.2613479229063932,0.5367765867838721
5058,0.34742376058652413,0.2981566004956844,0.3544196389177915
5059,0.1865013125708153,0.2634848721035176,0.5500138153256671
5060,0.21652702061064288,0.2909077744383382,0.4925652049510189
5061,0.186910250810488,0.2734239095153926,0.5396658396741195
5062,0.21524550104988674,0.2742631338511522,0.5104913650989611
5063,0.42011186563353686,0.2935167776334782,0.28637135673298497
5064,0.4015061649001922,0.2757810078261349,0.322712827273673
5065,0.08869949729487482,0.19120733066168158,0.7200931720434436
5066,0.15086145713449112,0.2298025206492053,0.6193360222163037
5067,0.09419305973965249,0.1934767032192096,0.712330237041138
5068,0.23318363923818236,0.2792308755272318,0.48758548523458584
5069,0.2483834272147235,0.2971813827187886,0.45443519006648797
5070,0.18546294849408673,0.24656721998432357,0.5679698315215898
5071,0.08742003967419873,0.1817683919921333,0.730811568333668
5072,0.21776023100998937,0.2767245370205383,0.5055152319694725
5073,0.39695578309091006,0.2929170942923527,0.31012712261673725
5074,0.31806060310271644,0.3001887193023753,0.3817506775949084
5075,0.24697170134904942,0.3000247241078574,0.4530035745430932
5076,0.2867692184265419,0.29836984657511056,0.41486093499834753
5077,0.17778880466061475,0.25064190370761824,0.5715692916317671
5078,0.23664189419495804,0.2777058888657199,0.48565221693932215
5079,0.26217029875245307,0.2641137104493141,0.47371599079823284
5080,0.47527991056479574,0.29464225005761985,0.23007783937758441
5081,0.31259580216183813,0.31055536307869824,0.3768488347594636
5082,0.13162521597116686,0.2263899582133811,0.641984825815452
5083,0.26511997021706035,0.27570876712602055,0.45917126265691915
5084,0.4173924656549395,0.2929112470339999,0.2896962873110606
5085,0.24359961560037138,0.29034318111580387,0.4660572032838248
5086,0.20822613395512984,0.26101146081207066,0.5307624052327995
5087,0.1899554404301982,0.2710169653374619,0.5390275942323399
5088,0.23490210088044333,0.2749363100933647,0.490161589026192
5089,0.1509758927252519,0.2444612184055784,0.6045628888691696
5090,0.19824094289715385,0.25725008331841603,0.5445089737844301
5091,0.2172445263240535,0.28408669790324836,0.49866877577269814
5092,0.21477769957283188,0.27665019077381264,0.5085721096533554
5093,0.24591292500037476,0.2681272201225582,0.4859598548770671
5094,0.3321301431435117,0.294152587591507,0.37371726926498144
5095,0.46231501460573393,0.28438636215934193,0.25329862323492425
5096,0.250893666214672,0.2732528012417632,0.47585353254356483
5097,0.28092056736614157,0.28278986335058626,0.43628956928327217
5098,0.18755128608788924,0.2675257577993625,0.5449229561127483
5099,0.33462914130960997,0.29455034190998985,0.37082051678040023
5100,0.22289376518734616,0.2679485078611753,0.5091577269514787
5101,0.08678211992447123,0.1856972001526876,0.7275206799228412
5102,0.24881658263704498,0.2858229918474537,0.4653604255155014
5103,0.2812757954157064,0.2853168851004208,0.43340731948387284
5104,0.28088986701486585,0.28777162573881027,0.431338507246324
5105,0.28101552642660693,0.2885372255234119,0.4304472480499813
5106,0.21780585787018047,0.2801330300379622,0.5020611120918573
5107,0.10256530804410524,0.19089438988979127,0.7065403020661035
5108,0.2578943342330324,0.27490373553502034,0.46720193023194734
5109,0.1998071208594397,0.2847707507038864,0.5154221284366739
5110,0.25363830427019074,0.26688544906030265,0.4794762466695066
5111,0.24762070884725956,0.2792280557498266,0.4731512354029138
5112,0.049265720199801744,0.14055582223555396,0.8101784575646442
5113,0.32385850424174845,0.2843887234635985,0.39175277229465305
5114,0.22217416563126693,0.2780218198589975,0.4998040145097356
5115,0.33307764116730204,0.2936658674087467,0.37325649142395134
5116,0.19365043204102733,0.25387105721976916,0.5524785107392035
5117,0.18525735450346859,0.25244442157795194,0.5622982239185795
5118,0.10745820811469917,0.20372694029163924,0.6888148515936616
5119,0.22093715616692916,0.2725694606150538,0.5064933832180171
5120,0.26650948527471285,0.2937246718415389,0.43976584288374826
5121,0.22165904748787515,0.26635767678162725,0.5119832757304976
5122,0.47708067622181405,0.28384432492634215,0.23907499885184383
5123,0.6124531842228258,0.2455789710133516,0.14196784476382251
5124,0.2923791201492051,0.2907233803455255,0.4168974995052695
5125,0.19783652543422944,0.2752090173126627,0.526954457253108
5126,0.1935751835684029,0.2534231772969611,0.553001639134636
5127,0.19401590597172189,0.2657716994168735,0.5402123946114047
5128,0.21440525025088614,0.27166724031525125,0.5139275094338626
5129,0.12451557921626315,0.2133667290083298,0.662117691775407
5130,0.30326130307072385,0.2991901305847537,0.3975485663445225
5131,0.22398112622591332,0.2813702209022796,0.49464865287180715
5132,0.19227356513386534,0.2611763165161368,0.5465501183499979
5133,0.1782710804456594,0.24786925311499772,0.5738596664393429
5134,0.12389725162016521,0.20914767142508522,0.6669550769547496
5135,0.2862309335121821,0.2949476317540086,0.4188214347338093
5136,0.12483163707859672,0.21052411547965338,0.66464424744175
5137,0.26563231234306006,0.2841522874184208,0.45021540023851914
5138,0.4658230349789862,0.2770327785389155,0.2571441864820984
5139,0.20733839550095107,0.26971330568637675,0.5229482988126721
5140,0.21694014100615258,0.2801244584409133,0.5029354005529341
5141,0.4597125359115653,0.2901167531799457,0.25017071090848897
5142,0.21324256301926797,0.28501361594908675,0.5017438210316454
5143,0.34326405234746515,0.2975315829013817,0.35920436475115314
